"Profile","Id","Path","Slice Name","Alias(s)","Label","Min","Max","Must Support?","Is Modifier?","Is Summary?","Type(s)","Short","Definition","Comments","Requirements","Default Value","Meaning When Missing","Fixed Value","Pattern","Example","Minimum Value","Maximum Value","Maximum Length","Binding Strength","Binding Description","Binding Value Set","Code","Slicing Discriminator","Slicing Description","Slicing Ordered","Slicing Rules","Base Path","Base Min","Base Max","Condition(s)","Constraint(s)"
"DosagingInformation","DosagingInformation","DosagingInformation","","","",0,*,"","","","null {[]} {[]}
","Dosaging (model)","Logical model for usage instructions for administring the requested product. Based on FHIR Dosage complex data type.","","","","","","","","","",,,,,"",,,,"Base",0,*,"",""
"DosagingInformation","DosagingInformation.sequence","DosagingInformation.sequence","","","",0,1,"","","","integer {[]} {[]}
","Order of the dosage instruction, in case one treatment consists of several dosaging schemes","Order of the dosage instruction, in case one treatment consists of several dosaging schemes","","","","","","","","","",,,,,"",,,,"DosagingInformation.sequence",0,1,"",""
"DosagingInformation","DosagingInformation.text","DosagingInformation.text","","","",0,1,"","","","string {[]} {[]}
","Free text usage/dosage instructions","Free text usage/dosage instructions","","","","","","","","","",,,,,"",,,,"DosagingInformation.text",0,1,"",""
"DosagingInformation","DosagingInformation.additionalInstruction","DosagingInformation.additionalInstruction","","","",0,*,"","","","CodeableConcept {[]} {[]}
","Coded instructions, e.g warnings to the patient, like 'may cause drowsiness' etc","Coded instructions, e.g warnings to the patient, like 'may cause drowsiness' etc","","","","","","","","","",,,,,"",,,,"DosagingInformation.additionalInstruction",0,*,"",""
"DosagingInformation","DosagingInformation.patientInstruction","DosagingInformation.patientInstruction","","","",0,1,"","","","string {[]} {[]}
","Patient oriented instructions as free text","Patient oriented instructions as free text","","","","","","","","","",,,,,"",,,,"DosagingInformation.patientInstruction",0,1,"",""
"DosagingInformation","DosagingInformation.doseAndRate","DosagingInformation.doseAndRate","","","",0,*,"","","","BackboneElement {[]} {[]}
","Amount of medication administered per one dose (= one timing)","Amount of medication administered per one dose (= one timing)","","","","","","","","","",,,,,"",,,,"DosagingInformation.doseAndRate",0,*,"","ele-1:All FHIR elements must have a @value or children {hasValue() or (children().count() > id.count())}
"
"DosagingInformation","DosagingInformation.doseAndRate.id","DosagingInformation.doseAndRate.id","","","",0,1,"","","","string {[]} {[]}
","Unique id for inter-element referencing","Unique id for the element within a resource (for internal references). This may be any string value that does not contain spaces.","","","","","","","","","",,,,,"",,,,"Element.id",0,1,"",""
"DosagingInformation","DosagingInformation.doseAndRate.extension","DosagingInformation.doseAndRate.extension","","extensions
user content","",0,*,"","","","Extension {[]} {[]}
","Additional content defined by implementations","May be used to represent additional information that is not part of the basic definition of the element. To make the use of extensions safe and manageable, there is a strict set of governance  applied to the definition and use of extensions. Though any implementer can define an extension, there is a set of requirements that SHALL be met as part of the definition of the extension.","There can be no stigma associated with the use of extensions by any application, project, or standard - regardless of the institution or jurisdiction that uses or defines the extensions.  The use of extensions is what allows the FHIR specification to retain a core level of simplicity for everyone.","","","","","","","","",,,,,"","value:url}
","Extensions are always sliced by (at least) url",,"open","Element.extension",0,*,"","ele-1:All FHIR elements must have a @value or children {hasValue() or (children().count() > id.count())}
ext-1:Must have either extensions or value[x], not both {extension.exists() != value.exists()}"
"DosagingInformation","DosagingInformation.doseAndRate.modifierExtension","DosagingInformation.doseAndRate.modifierExtension","","extensions
user contentmodifiers","",0,*,"","Y","Y","Extension {[]} {[]}
","Extensions that cannot be ignored even if unrecognized","May be used to represent additional information that is not part of the basic definition of the element and that modifies the understanding of the element in which it is contained and/or the understanding of the containing element's descendants. Usually modifier elements provide negation or qualification. To make the use of extensions safe and manageable, there is a strict set of governance applied to the definition and use of extensions. Though any implementer can define an extension, there is a set of requirements that SHALL be met as part of the definition of the extension. Applications processing a resource are required to check for modifier extensions.

Modifier extensions SHALL NOT change the meaning of any elements on Resource or DomainResource (including cannot change the meaning of modifierExtension itself).","There can be no stigma associated with the use of extensions by any application, project, or standard - regardless of the institution or jurisdiction that uses or defines the extensions.  The use of extensions is what allows the FHIR specification to retain a core level of simplicity for everyone.","Modifier extensions allow for extensions that *cannot* be safely ignored to be clearly distinguished from the vast majority of extensions which can be safely ignored.  This promotes interoperability by eliminating the need for implementers to prohibit the presence of extensions. For further information, see the [definition of modifier extensions](http://hl7.org/fhir/R4/extensibility.html#modifierExtension).","","","","","","","",,,,,"",,,,"BackboneElement.modifierExtension",0,*,"","ele-1:All FHIR elements must have a @value or children {hasValue() or (children().count() > id.count())}
ext-1:Must have either extensions or value[x], not both {extension.exists() != value.exists()}"
"DosagingInformation","DosagingInformation.doseAndRate.type","DosagingInformation.doseAndRate.type","","","",0,1,"","","","CodeableConcept {[]} {[]}
","The kind of dose or rate specified (e.g calculated, ordered, etc).","The kind of dose or rate specified (e.g calculated, ordered, etc).","","","","","","","","","",,,,,"",,,,"DosagingInformation.doseAndRate.type",0,1,"",""
"DosagingInformation","DosagingInformation.doseAndRate.dose","DosagingInformation.doseAndRate.dose","","","",0,1,"","","","Quantity {[]} {[]}
","!Range or SimpleQuantity. Amount of medication per one dose. (1 tablet, 2-3 tablets, 20ml)","!Range or SimpleQuantity. Amount of medication per one dose. (1 tablet, 2-3 tablets, 20ml)","","","","","","","","","",,,,,"",,,,"DosagingInformation.doseAndRate.dose",0,1,"",""
"DosagingInformation","DosagingInformation.doseAndRate.rate","DosagingInformation.doseAndRate.rate","","","",0,1,"","","","Ratio {[]} {[]}
","!Ratio, Range or SimpleQuantity. Time period during which one defined dose is administered (per 1 hour, per 5-10 minutes)","!Ratio, Range or SimpleQuantity. Time period during which one defined dose is administered (per 1 hour, per 5-10 minutes)","","","","","","","","","",,,,,"",,,,"DosagingInformation.doseAndRate.rate",0,1,"",""
"DosagingInformation","DosagingInformation.timing","DosagingInformation.timing","","","",0,1,"","","","BackboneElement {[]} {[]}
","When medication should be administered (period, time of day, frequency, etc)","When medication should be administered (period, time of day, frequency, etc)","","","","","","","","","",,,,,"",,,,"DosagingInformation.timing",0,1,"","ele-1:All FHIR elements must have a @value or children {hasValue() or (children().count() > id.count())}
"
"DosagingInformation","DosagingInformation.timing.id","DosagingInformation.timing.id","","","",0,1,"","","","string {[]} {[]}
","Unique id for inter-element referencing","Unique id for the element within a resource (for internal references). This may be any string value that does not contain spaces.","","","","","","","","","",,,,,"",,,,"Element.id",0,1,"",""
"DosagingInformation","DosagingInformation.timing.extension","DosagingInformation.timing.extension","","extensions
user content","",0,*,"","","","Extension {[]} {[]}
","Additional content defined by implementations","May be used to represent additional information that is not part of the basic definition of the element. To make the use of extensions safe and manageable, there is a strict set of governance  applied to the definition and use of extensions. Though any implementer can define an extension, there is a set of requirements that SHALL be met as part of the definition of the extension.","There can be no stigma associated with the use of extensions by any application, project, or standard - regardless of the institution or jurisdiction that uses or defines the extensions.  The use of extensions is what allows the FHIR specification to retain a core level of simplicity for everyone.","","","","","","","","",,,,,"","value:url}
","Extensions are always sliced by (at least) url",,"open","Element.extension",0,*,"","ele-1:All FHIR elements must have a @value or children {hasValue() or (children().count() > id.count())}
ext-1:Must have either extensions or value[x], not both {extension.exists() != value.exists()}"
"DosagingInformation","DosagingInformation.timing.modifierExtension","DosagingInformation.timing.modifierExtension","","extensions
user contentmodifiers","",0,*,"","Y","Y","Extension {[]} {[]}
","Extensions that cannot be ignored even if unrecognized","May be used to represent additional information that is not part of the basic definition of the element and that modifies the understanding of the element in which it is contained and/or the understanding of the containing element's descendants. Usually modifier elements provide negation or qualification. To make the use of extensions safe and manageable, there is a strict set of governance applied to the definition and use of extensions. Though any implementer can define an extension, there is a set of requirements that SHALL be met as part of the definition of the extension. Applications processing a resource are required to check for modifier extensions.

Modifier extensions SHALL NOT change the meaning of any elements on Resource or DomainResource (including cannot change the meaning of modifierExtension itself).","There can be no stigma associated with the use of extensions by any application, project, or standard - regardless of the institution or jurisdiction that uses or defines the extensions.  The use of extensions is what allows the FHIR specification to retain a core level of simplicity for everyone.","Modifier extensions allow for extensions that *cannot* be safely ignored to be clearly distinguished from the vast majority of extensions which can be safely ignored.  This promotes interoperability by eliminating the need for implementers to prohibit the presence of extensions. For further information, see the [definition of modifier extensions](http://hl7.org/fhir/R4/extensibility.html#modifierExtension).","","","","","","","",,,,,"",,,,"BackboneElement.modifierExtension",0,*,"","ele-1:All FHIR elements must have a @value or children {hasValue() or (children().count() > id.count())}
ext-1:Must have either extensions or value[x], not both {extension.exists() != value.exists()}"
"DosagingInformation","DosagingInformation.timing.event","DosagingInformation.timing.event","","","",0,*,"","","","dateTime {[]} {[]}
","Exact date and/or time of the administration","Exact date and/or time of the administration","","","","","","","","","",,,,,"",,,,"DosagingInformation.timing.event",0,*,"",""
"DosagingInformation","DosagingInformation.timing.code","DosagingInformation.timing.code","","","",0,1,"","","","CodeableConcept {[]} {[]}
","Timing abbreviation (AM - morning, Q4H - once in every 4 hours, BID - twice a day, etc)","Timing abbreviation (AM - morning, Q4H - once in every 4 hours, BID - twice a day, etc)","","","","","","","","","",,,,,"",,,,"DosagingInformation.timing.code",0,1,"",""
"DosagingInformation","DosagingInformation.timing.repeat","DosagingInformation.timing.repeat","","","",0,1,"","","","BackboneElement {[]} {[]}
","Repetition of the administration.","Repetition of the administration.","","","","","","","","","",,,,,"",,,,"DosagingInformation.timing.repeat",0,1,"","ele-1:All FHIR elements must have a @value or children {hasValue() or (children().count() > id.count())}
"
"DosagingInformation","DosagingInformation.timing.repeat.id","DosagingInformation.timing.repeat.id","","","",0,1,"","","","string {[]} {[]}
","Unique id for inter-element referencing","Unique id for the element within a resource (for internal references). This may be any string value that does not contain spaces.","","","","","","","","","",,,,,"",,,,"Element.id",0,1,"",""
"DosagingInformation","DosagingInformation.timing.repeat.extension","DosagingInformation.timing.repeat.extension","","extensions
user content","",0,*,"","","","Extension {[]} {[]}
","Additional content defined by implementations","May be used to represent additional information that is not part of the basic definition of the element. To make the use of extensions safe and manageable, there is a strict set of governance  applied to the definition and use of extensions. Though any implementer can define an extension, there is a set of requirements that SHALL be met as part of the definition of the extension.","There can be no stigma associated with the use of extensions by any application, project, or standard - regardless of the institution or jurisdiction that uses or defines the extensions.  The use of extensions is what allows the FHIR specification to retain a core level of simplicity for everyone.","","","","","","","","",,,,,"","value:url}
","Extensions are always sliced by (at least) url",,"open","Element.extension",0,*,"","ele-1:All FHIR elements must have a @value or children {hasValue() or (children().count() > id.count())}
ext-1:Must have either extensions or value[x], not both {extension.exists() != value.exists()}"
"DosagingInformation","DosagingInformation.timing.repeat.modifierExtension","DosagingInformation.timing.repeat.modifierExtension","","extensions
user contentmodifiers","",0,*,"","Y","Y","Extension {[]} {[]}
","Extensions that cannot be ignored even if unrecognized","May be used to represent additional information that is not part of the basic definition of the element and that modifies the understanding of the element in which it is contained and/or the understanding of the containing element's descendants. Usually modifier elements provide negation or qualification. To make the use of extensions safe and manageable, there is a strict set of governance applied to the definition and use of extensions. Though any implementer can define an extension, there is a set of requirements that SHALL be met as part of the definition of the extension. Applications processing a resource are required to check for modifier extensions.

Modifier extensions SHALL NOT change the meaning of any elements on Resource or DomainResource (including cannot change the meaning of modifierExtension itself).","There can be no stigma associated with the use of extensions by any application, project, or standard - regardless of the institution or jurisdiction that uses or defines the extensions.  The use of extensions is what allows the FHIR specification to retain a core level of simplicity for everyone.","Modifier extensions allow for extensions that *cannot* be safely ignored to be clearly distinguished from the vast majority of extensions which can be safely ignored.  This promotes interoperability by eliminating the need for implementers to prohibit the presence of extensions. For further information, see the [definition of modifier extensions](http://hl7.org/fhir/R4/extensibility.html#modifierExtension).","","","","","","","",,,,,"",,,,"BackboneElement.modifierExtension",0,*,"","ele-1:All FHIR elements must have a @value or children {hasValue() or (children().count() > id.count())}
ext-1:Must have either extensions or value[x], not both {extension.exists() != value.exists()}"
"DosagingInformation","DosagingInformation.timing.repeat.bounds","DosagingInformation.timing.repeat.bounds","","","",0,1,"","","","BackboneElement {[]} {[]}
","Time bounds for the treatment (current dosaging scheme). Only one of the following can exist.","Time bounds for the treatment (current dosaging scheme). Only one of the following can exist.","","","","","","","","","",,,,,"",,,,"DosagingInformation.timing.repeat.bounds",0,1,"","ele-1:All FHIR elements must have a @value or children {hasValue() or (children().count() > id.count())}
"
"DosagingInformation","DosagingInformation.timing.repeat.bounds.id","DosagingInformation.timing.repeat.bounds.id","","","",0,1,"","","","string {[]} {[]}
","Unique id for inter-element referencing","Unique id for the element within a resource (for internal references). This may be any string value that does not contain spaces.","","","","","","","","","",,,,,"",,,,"Element.id",0,1,"",""
"DosagingInformation","DosagingInformation.timing.repeat.bounds.extension","DosagingInformation.timing.repeat.bounds.extension","","extensions
user content","",0,*,"","","","Extension {[]} {[]}
","Additional content defined by implementations","May be used to represent additional information that is not part of the basic definition of the element. To make the use of extensions safe and manageable, there is a strict set of governance  applied to the definition and use of extensions. Though any implementer can define an extension, there is a set of requirements that SHALL be met as part of the definition of the extension.","There can be no stigma associated with the use of extensions by any application, project, or standard - regardless of the institution or jurisdiction that uses or defines the extensions.  The use of extensions is what allows the FHIR specification to retain a core level of simplicity for everyone.","","","","","","","","",,,,,"","value:url}
","Extensions are always sliced by (at least) url",,"open","Element.extension",0,*,"","ele-1:All FHIR elements must have a @value or children {hasValue() or (children().count() > id.count())}
ext-1:Must have either extensions or value[x], not both {extension.exists() != value.exists()}"
"DosagingInformation","DosagingInformation.timing.repeat.bounds.modifierExtension","DosagingInformation.timing.repeat.bounds.modifierExtension","","extensions
user contentmodifiers","",0,*,"","Y","Y","Extension {[]} {[]}
","Extensions that cannot be ignored even if unrecognized","May be used to represent additional information that is not part of the basic definition of the element and that modifies the understanding of the element in which it is contained and/or the understanding of the containing element's descendants. Usually modifier elements provide negation or qualification. To make the use of extensions safe and manageable, there is a strict set of governance applied to the definition and use of extensions. Though any implementer can define an extension, there is a set of requirements that SHALL be met as part of the definition of the extension. Applications processing a resource are required to check for modifier extensions.

Modifier extensions SHALL NOT change the meaning of any elements on Resource or DomainResource (including cannot change the meaning of modifierExtension itself).","There can be no stigma associated with the use of extensions by any application, project, or standard - regardless of the institution or jurisdiction that uses or defines the extensions.  The use of extensions is what allows the FHIR specification to retain a core level of simplicity for everyone.","Modifier extensions allow for extensions that *cannot* be safely ignored to be clearly distinguished from the vast majority of extensions which can be safely ignored.  This promotes interoperability by eliminating the need for implementers to prohibit the presence of extensions. For further information, see the [definition of modifier extensions](http://hl7.org/fhir/R4/extensibility.html#modifierExtension).","","","","","","","",,,,,"",,,,"BackboneElement.modifierExtension",0,*,"","ele-1:All FHIR elements must have a @value or children {hasValue() or (children().count() > id.count())}
ext-1:Must have either extensions or value[x], not both {extension.exists() != value.exists()}"
"DosagingInformation","DosagingInformation.timing.repeat.bounds.duration","DosagingInformation.timing.repeat.bounds.duration","","","",0,1,"","","","Quantity {[]} {[]}
","Number of time units, e.g 10 days","Number of time units, e.g 10 days","","","","","","","","","",,,,,"",,,,"DosagingInformation.timing.repeat.bounds.duration",0,1,"",""
"DosagingInformation","DosagingInformation.timing.repeat.bounds.range","DosagingInformation.timing.repeat.bounds.range","","","",0,1,"","","","Range {[]} {[]}
","A range of numbers of time units, 5-10 days","A range of numbers of time units, 5-10 days","","","","","","","","","",,,,,"",,,,"DosagingInformation.timing.repeat.bounds.range",0,1,"",""
"DosagingInformation","DosagingInformation.timing.repeat.bounds.period","DosagingInformation.timing.repeat.bounds.period","","","",0,1,"","","","Period {[]} {[]}
","Start and end date, 05.08.2023 - 10.08.2023","Start and end date, 05.08.2023 - 10.08.2023","","","","","","","","","",,,,,"",,,,"DosagingInformation.timing.repeat.bounds.period",0,1,"",""
"DosagingInformation","DosagingInformation.timing.repeat.count","DosagingInformation.timing.repeat.count","","","",0,1,"","","","BackboneElement {[]} {[]}
","Number of times to repeat, exact or range","Number of times to repeat, exact or range","","","","","","","","","",,,,,"",,,,"DosagingInformation.timing.repeat.count",0,1,"","ele-1:All FHIR elements must have a @value or children {hasValue() or (children().count() > id.count())}
"
"DosagingInformation","DosagingInformation.timing.repeat.count.id","DosagingInformation.timing.repeat.count.id","","","",0,1,"","","","string {[]} {[]}
","Unique id for inter-element referencing","Unique id for the element within a resource (for internal references). This may be any string value that does not contain spaces.","","","","","","","","","",,,,,"",,,,"Element.id",0,1,"",""
"DosagingInformation","DosagingInformation.timing.repeat.count.extension","DosagingInformation.timing.repeat.count.extension","","extensions
user content","",0,*,"","","","Extension {[]} {[]}
","Additional content defined by implementations","May be used to represent additional information that is not part of the basic definition of the element. To make the use of extensions safe and manageable, there is a strict set of governance  applied to the definition and use of extensions. Though any implementer can define an extension, there is a set of requirements that SHALL be met as part of the definition of the extension.","There can be no stigma associated with the use of extensions by any application, project, or standard - regardless of the institution or jurisdiction that uses or defines the extensions.  The use of extensions is what allows the FHIR specification to retain a core level of simplicity for everyone.","","","","","","","","",,,,,"","value:url}
","Extensions are always sliced by (at least) url",,"open","Element.extension",0,*,"","ele-1:All FHIR elements must have a @value or children {hasValue() or (children().count() > id.count())}
ext-1:Must have either extensions or value[x], not both {extension.exists() != value.exists()}"
"DosagingInformation","DosagingInformation.timing.repeat.count.modifierExtension","DosagingInformation.timing.repeat.count.modifierExtension","","extensions
user contentmodifiers","",0,*,"","Y","Y","Extension {[]} {[]}
","Extensions that cannot be ignored even if unrecognized","May be used to represent additional information that is not part of the basic definition of the element and that modifies the understanding of the element in which it is contained and/or the understanding of the containing element's descendants. Usually modifier elements provide negation or qualification. To make the use of extensions safe and manageable, there is a strict set of governance applied to the definition and use of extensions. Though any implementer can define an extension, there is a set of requirements that SHALL be met as part of the definition of the extension. Applications processing a resource are required to check for modifier extensions.

Modifier extensions SHALL NOT change the meaning of any elements on Resource or DomainResource (including cannot change the meaning of modifierExtension itself).","There can be no stigma associated with the use of extensions by any application, project, or standard - regardless of the institution or jurisdiction that uses or defines the extensions.  The use of extensions is what allows the FHIR specification to retain a core level of simplicity for everyone.","Modifier extensions allow for extensions that *cannot* be safely ignored to be clearly distinguished from the vast majority of extensions which can be safely ignored.  This promotes interoperability by eliminating the need for implementers to prohibit the presence of extensions. For further information, see the [definition of modifier extensions](http://hl7.org/fhir/R4/extensibility.html#modifierExtension).","","","","","","","",,,,,"",,,,"BackboneElement.modifierExtension",0,*,"","ele-1:All FHIR elements must have a @value or children {hasValue() or (children().count() > id.count())}
ext-1:Must have either extensions or value[x], not both {extension.exists() != value.exists()}"
"DosagingInformation","DosagingInformation.timing.repeat.count.count","DosagingInformation.timing.repeat.count.count","","","",1,1,"","","","integer {[]} {[]}
","Number of times (e.g 'once', '10 times')","Number of times (e.g 'once', '10 times')","","","","","","","","","",,,,,"",,,,"DosagingInformation.timing.repeat.count.count",1,1,"",""
"DosagingInformation","DosagingInformation.timing.repeat.count.countMax","DosagingInformation.timing.repeat.count.countMax","","","",0,1,"","","","integer {[]} {[]}
","Maximum number of times (e.g 'maximum 10 times')","Maximum number of times (e.g 'maximum 10 times')","","","","","","","","","",,,,,"",,,,"DosagingInformation.timing.repeat.count.countMax",0,1,"",""
"DosagingInformation","DosagingInformation.timing.repeat.duration","DosagingInformation.timing.repeat.duration","","","",0,1,"","","","BackboneElement {[]} {[]}
","Duration of one administration, exact or range","Duration of one administration, exact or range","","","","","","","","","",,,,,"",,,,"DosagingInformation.timing.repeat.duration",0,1,"","ele-1:All FHIR elements must have a @value or children {hasValue() or (children().count() > id.count())}
"
"DosagingInformation","DosagingInformation.timing.repeat.duration.id","DosagingInformation.timing.repeat.duration.id","","","",0,1,"","","","string {[]} {[]}
","Unique id for inter-element referencing","Unique id for the element within a resource (for internal references). This may be any string value that does not contain spaces.","","","","","","","","","",,,,,"",,,,"Element.id",0,1,"",""
"DosagingInformation","DosagingInformation.timing.repeat.duration.extension","DosagingInformation.timing.repeat.duration.extension","","extensions
user content","",0,*,"","","","Extension {[]} {[]}
","Additional content defined by implementations","May be used to represent additional information that is not part of the basic definition of the element. To make the use of extensions safe and manageable, there is a strict set of governance  applied to the definition and use of extensions. Though any implementer can define an extension, there is a set of requirements that SHALL be met as part of the definition of the extension.","There can be no stigma associated with the use of extensions by any application, project, or standard - regardless of the institution or jurisdiction that uses or defines the extensions.  The use of extensions is what allows the FHIR specification to retain a core level of simplicity for everyone.","","","","","","","","",,,,,"","value:url}
","Extensions are always sliced by (at least) url",,"open","Element.extension",0,*,"","ele-1:All FHIR elements must have a @value or children {hasValue() or (children().count() > id.count())}
ext-1:Must have either extensions or value[x], not both {extension.exists() != value.exists()}"
"DosagingInformation","DosagingInformation.timing.repeat.duration.modifierExtension","DosagingInformation.timing.repeat.duration.modifierExtension","","extensions
user contentmodifiers","",0,*,"","Y","Y","Extension {[]} {[]}
","Extensions that cannot be ignored even if unrecognized","May be used to represent additional information that is not part of the basic definition of the element and that modifies the understanding of the element in which it is contained and/or the understanding of the containing element's descendants. Usually modifier elements provide negation or qualification. To make the use of extensions safe and manageable, there is a strict set of governance applied to the definition and use of extensions. Though any implementer can define an extension, there is a set of requirements that SHALL be met as part of the definition of the extension. Applications processing a resource are required to check for modifier extensions.

Modifier extensions SHALL NOT change the meaning of any elements on Resource or DomainResource (including cannot change the meaning of modifierExtension itself).","There can be no stigma associated with the use of extensions by any application, project, or standard - regardless of the institution or jurisdiction that uses or defines the extensions.  The use of extensions is what allows the FHIR specification to retain a core level of simplicity for everyone.","Modifier extensions allow for extensions that *cannot* be safely ignored to be clearly distinguished from the vast majority of extensions which can be safely ignored.  This promotes interoperability by eliminating the need for implementers to prohibit the presence of extensions. For further information, see the [definition of modifier extensions](http://hl7.org/fhir/R4/extensibility.html#modifierExtension).","","","","","","","",,,,,"",,,,"BackboneElement.modifierExtension",0,*,"","ele-1:All FHIR elements must have a @value or children {hasValue() or (children().count() > id.count())}
ext-1:Must have either extensions or value[x], not both {extension.exists() != value.exists()}"
"DosagingInformation","DosagingInformation.timing.repeat.duration.duration","DosagingInformation.timing.repeat.duration.duration","","","",1,1,"","","","Quantity {[]} {[]}
","Duration of administration (e.g '5 minutes', '1 hour')","Duration of administration (e.g '5 minutes', '1 hour')","","","","","","","","","",,,,,"",,,,"DosagingInformation.timing.repeat.duration.duration",1,1,"",""
"DosagingInformation","DosagingInformation.timing.repeat.duration.durationMax","DosagingInformation.timing.repeat.duration.durationMax","","","",0,1,"","","","Quantity {[]} {[]}
","Maximum duration of administration (e.g 'maximum 1 hour')","Maximum duration of administration (e.g 'maximum 1 hour')","","","","","","","","","",,,,,"",,,,"DosagingInformation.timing.repeat.duration.durationMax",0,1,"",""
"DosagingInformation","DosagingInformation.timing.repeat.frequency","DosagingInformation.timing.repeat.frequency","","","",0,1,"","","","BackboneElement {[]} {[]}
","Frequency of intake/administration (e.g 'three times a day')","Frequency of intake/administration (e.g 'three times a day')","","","","","","","","","",,,,,"",,,,"DosagingInformation.timing.repeat.frequency",0,1,"","ele-1:All FHIR elements must have a @value or children {hasValue() or (children().count() > id.count())}
"
"DosagingInformation","DosagingInformation.timing.repeat.frequency.id","DosagingInformation.timing.repeat.frequency.id","","","",0,1,"","","","string {[]} {[]}
","Unique id for inter-element referencing","Unique id for the element within a resource (for internal references). This may be any string value that does not contain spaces.","","","","","","","","","",,,,,"",,,,"Element.id",0,1,"",""
"DosagingInformation","DosagingInformation.timing.repeat.frequency.extension","DosagingInformation.timing.repeat.frequency.extension","","extensions
user content","",0,*,"","","","Extension {[]} {[]}
","Additional content defined by implementations","May be used to represent additional information that is not part of the basic definition of the element. To make the use of extensions safe and manageable, there is a strict set of governance  applied to the definition and use of extensions. Though any implementer can define an extension, there is a set of requirements that SHALL be met as part of the definition of the extension.","There can be no stigma associated with the use of extensions by any application, project, or standard - regardless of the institution or jurisdiction that uses or defines the extensions.  The use of extensions is what allows the FHIR specification to retain a core level of simplicity for everyone.","","","","","","","","",,,,,"","value:url}
","Extensions are always sliced by (at least) url",,"open","Element.extension",0,*,"","ele-1:All FHIR elements must have a @value or children {hasValue() or (children().count() > id.count())}
ext-1:Must have either extensions or value[x], not both {extension.exists() != value.exists()}"
"DosagingInformation","DosagingInformation.timing.repeat.frequency.modifierExtension","DosagingInformation.timing.repeat.frequency.modifierExtension","","extensions
user contentmodifiers","",0,*,"","Y","Y","Extension {[]} {[]}
","Extensions that cannot be ignored even if unrecognized","May be used to represent additional information that is not part of the basic definition of the element and that modifies the understanding of the element in which it is contained and/or the understanding of the containing element's descendants. Usually modifier elements provide negation or qualification. To make the use of extensions safe and manageable, there is a strict set of governance applied to the definition and use of extensions. Though any implementer can define an extension, there is a set of requirements that SHALL be met as part of the definition of the extension. Applications processing a resource are required to check for modifier extensions.

Modifier extensions SHALL NOT change the meaning of any elements on Resource or DomainResource (including cannot change the meaning of modifierExtension itself).","There can be no stigma associated with the use of extensions by any application, project, or standard - regardless of the institution or jurisdiction that uses or defines the extensions.  The use of extensions is what allows the FHIR specification to retain a core level of simplicity for everyone.","Modifier extensions allow for extensions that *cannot* be safely ignored to be clearly distinguished from the vast majority of extensions which can be safely ignored.  This promotes interoperability by eliminating the need for implementers to prohibit the presence of extensions. For further information, see the [definition of modifier extensions](http://hl7.org/fhir/R4/extensibility.html#modifierExtension).","","","","","","","",,,,,"",,,,"BackboneElement.modifierExtension",0,*,"","ele-1:All FHIR elements must have a @value or children {hasValue() or (children().count() > id.count())}
ext-1:Must have either extensions or value[x], not both {extension.exists() != value.exists()}"
"DosagingInformation","DosagingInformation.timing.repeat.frequency.numberOfTimes","DosagingInformation.timing.repeat.frequency.numberOfTimes","","","",1,1,"","","","integer {[]} {[]}
","Number of times per period (e.g '3 times')","Number of times per period (e.g '3 times')","","","","","","","","","",,,,,"",,,,"DosagingInformation.timing.repeat.frequency.numberOfTimes",1,1,"",""
"DosagingInformation","DosagingInformation.timing.repeat.frequency.maxNumberOfTimes","DosagingInformation.timing.repeat.frequency.maxNumberOfTimes","","","",0,1,"","","","integer {[]} {[]}
","Maximum number of times per period (e.g. 'maximum 3 times')","Maximum number of times per period (e.g. 'maximum 3 times')","","","","","","","","","",,,,,"",,,,"DosagingInformation.timing.repeat.frequency.maxNumberOfTimes",0,1,"",""
"DosagingInformation","DosagingInformation.timing.repeat.frequency.period","DosagingInformation.timing.repeat.frequency.period","","","",1,1,"","","","Quantity {[]} {[]}
","Duration to which the frequency applies (e.g '... / 1 day')","Duration to which the frequency applies (e.g '... / 1 day')","","","","","","","","","",,,,,"",,,,"DosagingInformation.timing.repeat.frequency.period",1,1,"",""
"DosagingInformation","DosagingInformation.timing.repeat.frequency.periodMax","DosagingInformation.timing.repeat.frequency.periodMax","","","",0,1,"","","","Quantity {[]} {[]}
","Upper limit of the period (e.g ... / 4-6 hours)","Upper limit of the period (e.g ... / 4-6 hours)","","","","","","","","","",,,,,"",,,,"DosagingInformation.timing.repeat.frequency.periodMax",0,1,"",""
"DosagingInformation","DosagingInformation.timing.repeat.dayOfWeek","DosagingInformation.timing.repeat.dayOfWeek","","","",0,*,"","","","CodeableConcept {[]} {[]}
","The day of the week of administration, e.g Mon, Tue, etc","The day of the week of administration, e.g Mon, Tue, etc","","","","","","","","","",,,,,"",,,,"DosagingInformation.timing.repeat.dayOfWeek",0,*,"",""
"DosagingInformation","DosagingInformation.timing.repeat.timeOfDay","DosagingInformation.timing.repeat.timeOfDay","","","",0,*,"","","","time {[]} {[]}
","Time of day of administration (e.g '10:00')","Time of day of administration (e.g '10:00')","","","","","","","","","",,,,,"",,,,"DosagingInformation.timing.repeat.timeOfDay",0,*,"",""
"DosagingInformation","DosagingInformation.timing.repeat.eventTime","DosagingInformation.timing.repeat.eventTime","","","",0,*,"","","","BackboneElement {[]} {[]}
","An event the administration is bound to, e.g 'before meal', '30 min before meal'","An event the administration is bound to, e.g 'before meal', '30 min before meal'","","","","","","","","","",,,,,"",,,,"DosagingInformation.timing.repeat.eventTime",0,*,"","ele-1:All FHIR elements must have a @value or children {hasValue() or (children().count() > id.count())}
"
"DosagingInformation","DosagingInformation.timing.repeat.eventTime.id","DosagingInformation.timing.repeat.eventTime.id","","","",0,1,"","","","string {[]} {[]}
","Unique id for inter-element referencing","Unique id for the element within a resource (for internal references). This may be any string value that does not contain spaces.","","","","","","","","","",,,,,"",,,,"Element.id",0,1,"",""
"DosagingInformation","DosagingInformation.timing.repeat.eventTime.extension","DosagingInformation.timing.repeat.eventTime.extension","","extensions
user content","",0,*,"","","","Extension {[]} {[]}
","Additional content defined by implementations","May be used to represent additional information that is not part of the basic definition of the element. To make the use of extensions safe and manageable, there is a strict set of governance  applied to the definition and use of extensions. Though any implementer can define an extension, there is a set of requirements that SHALL be met as part of the definition of the extension.","There can be no stigma associated with the use of extensions by any application, project, or standard - regardless of the institution or jurisdiction that uses or defines the extensions.  The use of extensions is what allows the FHIR specification to retain a core level of simplicity for everyone.","","","","","","","","",,,,,"","value:url}
","Extensions are always sliced by (at least) url",,"open","Element.extension",0,*,"","ele-1:All FHIR elements must have a @value or children {hasValue() or (children().count() > id.count())}
ext-1:Must have either extensions or value[x], not both {extension.exists() != value.exists()}"
"DosagingInformation","DosagingInformation.timing.repeat.eventTime.modifierExtension","DosagingInformation.timing.repeat.eventTime.modifierExtension","","extensions
user contentmodifiers","",0,*,"","Y","Y","Extension {[]} {[]}
","Extensions that cannot be ignored even if unrecognized","May be used to represent additional information that is not part of the basic definition of the element and that modifies the understanding of the element in which it is contained and/or the understanding of the containing element's descendants. Usually modifier elements provide negation or qualification. To make the use of extensions safe and manageable, there is a strict set of governance applied to the definition and use of extensions. Though any implementer can define an extension, there is a set of requirements that SHALL be met as part of the definition of the extension. Applications processing a resource are required to check for modifier extensions.

Modifier extensions SHALL NOT change the meaning of any elements on Resource or DomainResource (including cannot change the meaning of modifierExtension itself).","There can be no stigma associated with the use of extensions by any application, project, or standard - regardless of the institution or jurisdiction that uses or defines the extensions.  The use of extensions is what allows the FHIR specification to retain a core level of simplicity for everyone.","Modifier extensions allow for extensions that *cannot* be safely ignored to be clearly distinguished from the vast majority of extensions which can be safely ignored.  This promotes interoperability by eliminating the need for implementers to prohibit the presence of extensions. For further information, see the [definition of modifier extensions](http://hl7.org/fhir/R4/extensibility.html#modifierExtension).","","","","","","","",,,,,"",,,,"BackboneElement.modifierExtension",0,*,"","ele-1:All FHIR elements must have a @value or children {hasValue() or (children().count() > id.count())}
ext-1:Must have either extensions or value[x], not both {extension.exists() != value.exists()}"
"DosagingInformation","DosagingInformation.timing.repeat.eventTime.when","DosagingInformation.timing.repeat.eventTime.when","","","",0,*,"","","","CodeableConcept {[]} {[]}
","Time period or event ('before meal', 'immediately', 'morning')","Time period or event ('before meal', 'immediately', 'morning')","","","","","","","","","",,,,,"",,,,"DosagingInformation.timing.repeat.eventTime.when",0,*,"",""
"DosagingInformation","DosagingInformation.timing.repeat.eventTime.offset","DosagingInformation.timing.repeat.eventTime.offset","","","",0,1,"","","","integer {[]} {[]}
","minutes from event, before or after (?not sure how to show before/after with only positive integers)","minutes from event, before or after (?not sure how to show before/after with only positive integers)","","","","","","","","","",,,,,"",,,,"DosagingInformation.timing.repeat.eventTime.offset",0,1,"",""
"DosagingInformation","DosagingInformation.asNeeded","DosagingInformation.asNeeded","","","",0,1,"","","","boolean {[]} {[]}
","Take as needed","Take as needed","","","","","","","","","",,,,,"",,,,"DosagingInformation.asNeeded",0,1,"",""
"DosagingInformation","DosagingInformation.asNeededFor","DosagingInformation.asNeededFor","","","",0,*,"","","","CodeableConcept {[]} {[]}
","Take as needed for the coded reason","Take as needed for the coded reason","","","","","","","","","",,,,,"",,,,"DosagingInformation.asNeededFor",0,*,"",""
"DosagingInformation","DosagingInformation.bodySite","DosagingInformation.bodySite","","","",0,1,"","","","CodeableConcept {[]} {[]}
","Body site of administration","Body site of administration","","","","","","","","","",,,,,"",,,,"DosagingInformation.bodySite",0,1,"",""
"DosagingInformation","DosagingInformation.routeOfAdministration","DosagingInformation.routeOfAdministration","","","",0,1,"","","","CodeableConcept {[]} {[]}
","Route of administration","Route of administration","","","","","","","","","",,,,,"",,,,"DosagingInformation.routeOfAdministration",0,1,"",""
"DosagingInformation","DosagingInformation.methodOfAdministration","DosagingInformation.methodOfAdministration","","","",0,1,"","","","CodeableConcept {[]} {[]}
","Method of administration","Method of administration","","","","","","","","","",,,,,"",,,,"DosagingInformation.methodOfAdministration",0,1,"",""
"DosagingInformation","DosagingInformation.maxDose","DosagingInformation.maxDose","","","",0,*,"","","","BackboneElement {[]} {[]}
","Maximum dose for the patient","Maximum dose for the patient","","","","","","","","","",,,,,"",,,,"DosagingInformation.maxDose",0,*,"","ele-1:All FHIR elements must have a @value or children {hasValue() or (children().count() > id.count())}
"
"DosagingInformation","DosagingInformation.maxDose.id","DosagingInformation.maxDose.id","","","",0,1,"","","","string {[]} {[]}
","Unique id for inter-element referencing","Unique id for the element within a resource (for internal references). This may be any string value that does not contain spaces.","","","","","","","","","",,,,,"",,,,"Element.id",0,1,"",""
"DosagingInformation","DosagingInformation.maxDose.extension","DosagingInformation.maxDose.extension","","extensions
user content","",0,*,"","","","Extension {[]} {[]}
","Additional content defined by implementations","May be used to represent additional information that is not part of the basic definition of the element. To make the use of extensions safe and manageable, there is a strict set of governance  applied to the definition and use of extensions. Though any implementer can define an extension, there is a set of requirements that SHALL be met as part of the definition of the extension.","There can be no stigma associated with the use of extensions by any application, project, or standard - regardless of the institution or jurisdiction that uses or defines the extensions.  The use of extensions is what allows the FHIR specification to retain a core level of simplicity for everyone.","","","","","","","","",,,,,"","value:url}
","Extensions are always sliced by (at least) url",,"open","Element.extension",0,*,"","ele-1:All FHIR elements must have a @value or children {hasValue() or (children().count() > id.count())}
ext-1:Must have either extensions or value[x], not both {extension.exists() != value.exists()}"
"DosagingInformation","DosagingInformation.maxDose.modifierExtension","DosagingInformation.maxDose.modifierExtension","","extensions
user contentmodifiers","",0,*,"","Y","Y","Extension {[]} {[]}
","Extensions that cannot be ignored even if unrecognized","May be used to represent additional information that is not part of the basic definition of the element and that modifies the understanding of the element in which it is contained and/or the understanding of the containing element's descendants. Usually modifier elements provide negation or qualification. To make the use of extensions safe and manageable, there is a strict set of governance applied to the definition and use of extensions. Though any implementer can define an extension, there is a set of requirements that SHALL be met as part of the definition of the extension. Applications processing a resource are required to check for modifier extensions.

Modifier extensions SHALL NOT change the meaning of any elements on Resource or DomainResource (including cannot change the meaning of modifierExtension itself).","There can be no stigma associated with the use of extensions by any application, project, or standard - regardless of the institution or jurisdiction that uses or defines the extensions.  The use of extensions is what allows the FHIR specification to retain a core level of simplicity for everyone.","Modifier extensions allow for extensions that *cannot* be safely ignored to be clearly distinguished from the vast majority of extensions which can be safely ignored.  This promotes interoperability by eliminating the need for implementers to prohibit the presence of extensions. For further information, see the [definition of modifier extensions](http://hl7.org/fhir/R4/extensibility.html#modifierExtension).","","","","","","","",,,,,"",,,,"BackboneElement.modifierExtension",0,*,"","ele-1:All FHIR elements must have a @value or children {hasValue() or (children().count() > id.count())}
ext-1:Must have either extensions or value[x], not both {extension.exists() != value.exists()}"
"DosagingInformation","DosagingInformation.maxDose.maxDosePerPeriod","DosagingInformation.maxDose.maxDosePerPeriod","","","",0,*,"","","","Ratio {[]} {[]}
","Upper limit on medication per unit of time","Upper limit on medication per unit of time","","","","","","","","","",,,,,"",,,,"DosagingInformation.maxDose.maxDosePerPeriod",0,*,"",""
"DosagingInformation","DosagingInformation.maxDose.maxDosePerAdministration","DosagingInformation.maxDose.maxDosePerAdministration","","","",0,1,"","","","Quantity {[]} {[]}
","Upper limit on medication per one administration","Upper limit on medication per one administration","","","","","","","","","",,,,,"",,,,"DosagingInformation.maxDose.maxDosePerAdministration",0,1,"",""
"DosagingInformation","DosagingInformation.maxDose.maxDosePerLifetime","DosagingInformation.maxDose.maxDosePerLifetime","","","",0,1,"","","","Quantity {[]} {[]}
","Upper limit on medication per lifetime of the patient","Upper limit on medication per lifetime of the patient","","","","","","","","","",,,,,"",,,,"DosagingInformation.maxDose.maxDosePerLifetime",0,1,"",""
"IHEMedication","Medication","Medication","","","",0,*,"","","","null {[]} {[]}
","Definition of a Medication","This resource is primarily used for the identification and definition of a medication for the purposes of prescribing, dispensing, and administering a medication as well as for making statements about medication use.","","","","","","","","","",,,,,"",,,,"Medication",0,*,"","dom-2:If the resource is contained in another resource, it SHALL NOT contain nested Resources {contained.contained.empty()}
dom-3:If the resource is contained in another resource, it SHALL be referred to from elsewhere in the resource or SHALL refer to the containing resource {contained.where((('#'+id in (%resource.descendants().reference | %resource.descendants().as(canonical) | %resource.descendants().as(uri) | %resource.descendants().as(url))) or descendants().where(reference = '#').exists() or descendants().where(as(canonical) = '#').exists() or descendants().where(as(canonical) = '#').exists()).not()).trace('unmatched', id).empty()}dom-4:If a resource is contained in another resource, it SHALL NOT have a meta.versionId or a meta.lastUpdated {contained.meta.versionId.empty() and contained.meta.lastUpdated.empty()}dom-5:If a resource is contained in another resource, it SHALL NOT have a security label {contained.meta.security.empty()}dom-6:A resource should have narrative for robust management {text.`div`.exists()}"
"IHEMedication","Medication.id","Medication.id","","","",0,1,"","","Y","id {[]} {[]}
","Logical id of this artifact","The logical id of the resource, as used in the URL for the resource. Once assigned, this value never changes.","The only time that a resource does not have an id is when it is being submitted to the server using a create operation.","","","","","","","","",,,,,"",,,,"Resource.id",0,1,"",""
"IHEMedication","Medication.meta","Medication.meta","","","",0,1,"","","Y","Meta {[]} {[]}
","Metadata about the resource","The metadata about the resource. This is content that is maintained by the infrastructure. Changes to the content might not always be associated with version changes to the resource.","","","","","","","","","",,,,,"",,,,"Resource.meta",0,1,"","ele-1:All FHIR elements must have a @value or children {hasValue() or (children().count() > id.count())}
"
"IHEMedication","Medication.implicitRules","Medication.implicitRules","","","",0,1,"","Y","Y","uri {[]} {[]}
","A set of rules under which this content was created","A reference to a set of rules that were followed when the resource was constructed, and which must be understood when processing the content. Often, this is a reference to an implementation guide that defines the special rules along with other profiles etc.","Asserting this rule set restricts the content to be only understood by a limited set of trading partners. This inherently limits the usefulness of the data in the long term. However, the existing health eco-system is highly fractured, and not yet ready to define, collect, and exchange data in a generally computable sense. Wherever possible, implementers and/or specification writers should avoid using this element. Often, when used, the URL is a reference to an implementation guide that defines these special rules as part of it's narrative along with other profiles, value sets, etc.","","","","","","","","",,,,,"",,,,"Resource.implicitRules",0,1,"","ele-1:All FHIR elements must have a @value or children {hasValue() or (children().count() > id.count())}
"
"IHEMedication","Medication.language","Medication.language","","","",0,1,"","","","code {[]} {[]}
","Language of the resource content","The base language in which the resource is written.","Language is provided to support indexing and accessibility (typically, services such as text to speech use the language tag). The html language tag in the narrative applies  to the narrative. The language tag on the resource may be used to specify the language of other presentations generated from the data in the resource. Not all the content has to be in the base language. The Resource.language should not be assumed to apply to the narrative automatically. If a language is specified, it should it also be specified on the div element in the html (see rules in HTML5 for information about the relationship between xml:lang and the html lang attribute).","","","","","","","","",,"preferred","A human language.","http://hl7.org/fhir/ValueSet/languages|4.0.1","",,,,"Resource.language",0,1,"","ele-1:All FHIR elements must have a @value or children {hasValue() or (children().count() > id.count())}
"
"IHEMedication","Medication.text","Medication.text","","narrative
htmlxhtmldisplay","",0,1,"","","","Narrative {[]} {[]}
","Text summary of the resource, for human interpretation","A human-readable narrative that contains a summary of the resource and can be used to represent the content of the resource to a human. The narrative need not encode all the structured data, but is required to contain sufficient detail to make it ""clinically safe"" for a human to just read the narrative. Resource definitions may define what content should be represented in the narrative to ensure clinical safety.","Contained resources do not have narrative. Resources that are not contained SHOULD have a narrative. In some cases, a resource may only have text with little or no additional discrete data (as long as all minOccurs=1 elements are satisfied).  This may be necessary for data from legacy systems where information is captured as a ""text blob"" or where text is additionally entered raw or narrated and encoded information is added later.","","","","","","","","",,,,,"",,,,"DomainResource.text",0,1,"","ele-1:All FHIR elements must have a @value or children {hasValue() or (children().count() > id.count())}
"
"IHEMedication","Medication.contained","Medication.contained","","inline resources
anonymous resourcescontained resources","",0,*,"","","","Resource {[]} {[]}
","Contained, inline Resources","These resources do not have an independent existence apart from the resource that contains them - they cannot be identified independently, and nor can they have their own independent transaction scope.","This should never be done when the content can be identified properly, as once identification is lost, it is extremely difficult (and context dependent) to restore it again. Contained resources may have profiles and tags In their meta elements, but SHALL NOT have security labels.","","","","","","","","",,,,,"",,,,"DomainResource.contained",0,*,"",""
"IHEMedication","Medication.extension","Medication.extension","","","",0,*,"","","","Extension {[]} {[]}
","Extension","An Extension","","","","","","","","","",,,,,"","value:url}
","",,"open","DomainResource.extension",0,*,"","ele-1:All FHIR elements must have a @value or children {hasValue() or (children().count() > id.count())}
ext-1:Must have either extensions or value[x], not both {extension.exists() != value.exists()}"
"IHEMedication","Medication.extension:productName","Medication.extension","productName","","",0,*,"","","","Extension {[CanonicalType[https://profiles.ihe.net/PHARM/MEOW/StructureDefinition/ihe-ext-medication-productname]]} {[]}
","Name of the medicinal product. Names of different types (full name, short name, etc) and in different languages can be provided if relevant.","Name of the medicinal product. Optionally the type of name (Full official name, prescribing name, invented name) and language of the name can be specified. The extension is a simplified approach of what is used in MedicinalProductDefinition resource.","","","","","","","","","",,,,,"",,,,"DomainResource.extension",0,*,"ele-1
","ele-1:All FHIR elements must have a @value or children {hasValue() or (children().count() > id.count())}
ext-1:Must have either extensions or value[x], not both {extension.exists() != value.exists()}"
"IHEMedication","Medication.extension:classification","Medication.extension","classification","","",0,*,"","","","Extension {[CanonicalType[https://profiles.ihe.net/PHARM/MEOW/StructureDefinition/ihe-ext-medication-classification]]} {[]}
","Classifications of the product, e.g ATC, narcotic/psychotropic, orphan drug, etc","Medication classification/category. Allows the product to be classified by various systems, e.g ATC, narcotic class, legal status of supply, etc..","","","","","","","","","",,,,,"",,,,"DomainResource.extension",0,*,"ele-1
","ele-1:All FHIR elements must have a @value or children {hasValue() or (children().count() > id.count())}
ext-1:Must have either extensions or value[x], not both {extension.exists() != value.exists()}"
"IHEMedication","Medication.extension:sizeOfItem","Medication.extension","sizeOfItem","","",0,1,"","","","Extension {[CanonicalType[https://profiles.ihe.net/PHARM/MEOW/StructureDefinition/ihe-ext-medication-sizeofitem]]} {[]}
","Size of one item (for example, in a pack of 5 vials, this would represent the size of 1 vial)","Size of a manufactured item or unit of presentation. For example, size of one vial in a package that may contain several vials.","","","","","","","","","",,,,,"",,,,"DomainResource.extension",0,*,"ele-1
","ele-1:All FHIR elements must have a @value or children {hasValue() or (children().count() > id.count())}
ext-1:Must have either extensions or value[x], not both {extension.exists() != value.exists()}"
"IHEMedication","Medication.extension:device","Medication.extension","device","","",0,1,"","","","Extension {[CanonicalType[https://profiles.ihe.net/PHARM/MEOW/StructureDefinition/ihe-ext-medication-device]]} {[]}
","Device, typically an administration device, included in the product.","Device, typically an administration device, included in the medicinal product.","","","","","","","","","",,,,,"",,,,"DomainResource.extension",0,*,"ele-1
","ele-1:All FHIR elements must have a @value or children {hasValue() or (children().count() > id.count())}
ext-1:Must have either extensions or value[x], not both {extension.exists() != value.exists()}"
"IHEMedication","Medication.modifierExtension","Medication.modifierExtension","","extensions
user content","",0,*,"","Y","","Extension {[]} {[]}
","Extensions that cannot be ignored","May be used to represent additional information that is not part of the basic definition of the resource and that modifies the understanding of the element that contains it and/or the understanding of the containing element's descendants. Usually modifier elements provide negation or qualification. To make the use of extensions safe and manageable, there is a strict set of governance applied to the definition and use of extensions. Though any implementer is allowed to define an extension, there is a set of requirements that SHALL be met as part of the definition of the extension. Applications processing a resource are required to check for modifier extensions.

Modifier extensions SHALL NOT change the meaning of any elements on Resource or DomainResource (including cannot change the meaning of modifierExtension itself).","There can be no stigma associated with the use of extensions by any application, project, or standard - regardless of the institution or jurisdiction that uses or defines the extensions.  The use of extensions is what allows the FHIR specification to retain a core level of simplicity for everyone.","Modifier extensions allow for extensions that *cannot* be safely ignored to be clearly distinguished from the vast majority of extensions which can be safely ignored.  This promotes interoperability by eliminating the need for implementers to prohibit the presence of extensions. For further information, see the [definition of modifier extensions](http://hl7.org/fhir/R4/extensibility.html#modifierExtension).","","","","","","","",,,,,"",,,,"DomainResource.modifierExtension",0,*,"","ele-1:All FHIR elements must have a @value or children {hasValue() or (children().count() > id.count())}
ext-1:Must have either extensions or value[x], not both {extension.exists() != value.exists()}"
"IHEMedication","Medication.identifier","Medication.identifier","","","",0,*,"Y","","Y","Identifier {[]} {[]}
","Identifier for the medicinal product, its generic representation, or packaged product.","Business identifier for this medication.","The serial number could be included as an identifier.","","","","","","","","",,,,,"",,,,"Medication.identifier",0,*,"","ele-1:All FHIR elements must have a @value or children {hasValue() or (children().count() > id.count())}
"
"IHEMedication","Medication.code","Medication.code","","","",0,1,"Y","","Y","CodeableConcept {[]} {[]}
","A terminology-based code for the product","A code (or set of codes) that specify this medication, or a textual description if no code is available. Usage note: This could be a standard medication code such as a code from RxNorm, SNOMED CT, IDMP etc. It could also be a national or local formulary code, optionally with translations to other code systems.","Depending on the context of use, the code that was actually selected by the user (prescriber, dispenser, etc.) will have the coding.userSelected set to true.  As described in the coding datatype: ""A coding may be marked as a ""userSelected"" if a user selected the particular coded value in a user interface (e.g. the user selects an item in a pick-list). If a user selected coding exists, it is the preferred choice for performing translations etc. Other codes can only be literal translations to alternative code systems, or codes at a lower level of granularity (e.g. a generic code for a vendor-specific primary one).","","","","","","","","",,"example","A coded concept that defines the type of a medication.","http://hl7.org/fhir/ValueSet/medication-codes|4.0.1","",,,,"Medication.code",0,1,"","ele-1:All FHIR elements must have a @value or children {hasValue() or (children().count() > id.count())}
"
"IHEMedication","Medication.status","Medication.status","","","",0,1,"","Y","Y","code {[]} {[]}
","active | inactive | entered-in-error","A code to indicate if the medication is in active use.","This status is intended to identify if the medication in a local system is in active use within a drug database or inventory.  For example, a pharmacy system may create a new drug file record for a compounded product ""ABC Hospital Special Cream"" with an active status.  At some point in the future, it may be determined that the drug record was created with an error and the status is changed to ""entered in error"".   This status is not intended to specify if a medication is part of a particular formulary.  It is possible that the drug record may be referenced by multiple formularies or catalogues and each of those entries would have a separate status.","","","","","","","","",,"required","A coded concept defining if the medication is in active use.","http://hl7.org/fhir/ValueSet/medication-status|4.0.1","",,,,"Medication.status",0,1,"","ele-1:All FHIR elements must have a @value or children {hasValue() or (children().count() > id.count())}
"
"IHEMedication","Medication.manufacturer","Medication.manufacturer","","","",0,1,"","","Y","Reference {[]} {[CanonicalType[http://hl7.org/fhir/StructureDefinition/Organization|4.0.1]]}
","Manufacturer of the item","Describes the details of the manufacturer of the medication product.  This is not intended to represent the distributor of a medication product.","","","","","","","","","",,,,,"",,,,"Medication.manufacturer",0,1,"","ele-1:All FHIR elements must have a @value or children {hasValue() or (children().count() > id.count())}
"
"IHEMedication","Medication.form","Medication.form","","","",0,1,"Y","","","CodeableConcept {[]} {[]}
","Dose form. For a branded product, this would most likely be authorised dose form, but it could also be administrable dose form. For package items, it could be item's individual dose form.","Describes the form of the item.  Powder; tablets; capsule.","When Medication is referenced from MedicationRequest, this is the ordered form.  When Medication is referenced within MedicationDispense, this is the dispensed form.  When Medication is referenced within MedicationAdministration, this is administered form.","","","","","","","","",,"example","A coded concept defining the form of a medication.","http://hl7.org/fhir/ValueSet/medication-form-codes|4.0.1","",,,,"Medication.form",0,1,"","ele-1:All FHIR elements must have a @value or children {hasValue() or (children().count() > id.count())}
"
"IHEMedication","Medication.amount","Medication.amount","","","",0,1,"Y","","Y","Ratio {[]} {[]}
","Total volume or number of package items inside a package. This element should not contain overall prescribed amount, but describe the product itself. In case of complex packages, this element could be left empty, and number of different items could be indicated in the nested Medications.","Specific amount of the drug in the packaged product.  For example, when specifying a product that has the same strength (For example, Insulin glargine 100 unit per mL solution for injection), this attribute provides additional clarification of the package amount (For example, 3 mL, 10mL, etc.).","","","","","","","","","",,,,,"",,,,"Medication.amount",0,1,"","ele-1:All FHIR elements must have a @value or children {hasValue() or (children().count() > id.count())}
"
"IHEMedication","Medication.ingredient","Medication.ingredient","","","",0,*,"Y","","","BackboneElement {[]} {[]}
","Ingredient or a part product. For combination packs, each ingredient can be a separate manufactured item with its own ingredients, dose form, and strength","Identifies a particular constituent of interest in the product.","The ingredients need not be a complete list.  If an ingredient is not specified, this does not indicate whether an ingredient is present or absent.  If an ingredient is specified it does not mean that all ingredients are specified.  It is possible to specify both inactive and active ingredients.","","","","","","","","",,,,,"",,,,"Medication.ingredient",0,*,"","ele-1:All FHIR elements must have a @value or children {hasValue() or (children().count() > id.count())}
"
"IHEMedication","Medication.ingredient.id","Medication.ingredient.id","","","",0,1,"","","","string {[]} {[]}
","Unique id for inter-element referencing","Unique id for the element within a resource (for internal references). This may be any string value that does not contain spaces.","","","","","","","","","",,,,,"",,,,"Element.id",0,1,"",""
"IHEMedication","Medication.ingredient.extension","Medication.ingredient.extension","","extensions
user content","",0,*,"","","","Extension {[]} {[]}
","Additional content defined by implementations","May be used to represent additional information that is not part of the basic definition of the element. To make the use of extensions safe and manageable, there is a strict set of governance  applied to the definition and use of extensions. Though any implementer can define an extension, there is a set of requirements that SHALL be met as part of the definition of the extension.","There can be no stigma associated with the use of extensions by any application, project, or standard - regardless of the institution or jurisdiction that uses or defines the extensions.  The use of extensions is what allows the FHIR specification to retain a core level of simplicity for everyone.","","","","","","","","",,,,,"",,,,"Element.extension",0,*,"","ele-1:All FHIR elements must have a @value or children {hasValue() or (children().count() > id.count())}
ext-1:Must have either extensions or value[x], not both {extension.exists() != value.exists()}"
"IHEMedication","Medication.ingredient.modifierExtension","Medication.ingredient.modifierExtension","","extensions
user contentmodifiers","",0,*,"","Y","Y","Extension {[]} {[]}
","Extensions that cannot be ignored even if unrecognized","May be used to represent additional information that is not part of the basic definition of the element and that modifies the understanding of the element in which it is contained and/or the understanding of the containing element's descendants. Usually modifier elements provide negation or qualification. To make the use of extensions safe and manageable, there is a strict set of governance applied to the definition and use of extensions. Though any implementer can define an extension, there is a set of requirements that SHALL be met as part of the definition of the extension. Applications processing a resource are required to check for modifier extensions.

Modifier extensions SHALL NOT change the meaning of any elements on Resource or DomainResource (including cannot change the meaning of modifierExtension itself).","There can be no stigma associated with the use of extensions by any application, project, or standard - regardless of the institution or jurisdiction that uses or defines the extensions.  The use of extensions is what allows the FHIR specification to retain a core level of simplicity for everyone.","Modifier extensions allow for extensions that *cannot* be safely ignored to be clearly distinguished from the vast majority of extensions which can be safely ignored.  This promotes interoperability by eliminating the need for implementers to prohibit the presence of extensions. For further information, see the [definition of modifier extensions](http://hl7.org/fhir/R4/extensibility.html#modifierExtension).","","","","","","","",,,,,"",,,,"BackboneElement.modifierExtension",0,*,"","ele-1:All FHIR elements must have a @value or children {hasValue() or (children().count() > id.count())}
ext-1:Must have either extensions or value[x], not both {extension.exists() != value.exists()}"
"IHEMedication","Medication.ingredient.item[x]","Medication.ingredient.item[x]","","","",1,1,"Y","","","CodeableConcept {[]} {[]}
Reference {[]} {[CanonicalType[http://hl7.org/fhir/StructureDefinition/Substance], CanonicalType[https://profiles.ihe.net/PHARM/MEOW/StructureDefinition/IHEMedication]]}","Substance (Substance resource or concept from terminology) or a medicinal product (Medication resource or concept from terminology). Medicinal product can be an ingredient in case of extemporal medications or combination packs (e.g Creme + 6 tablets)","The actual ingredient - either a substance (simple ingredient) or another medication of a medication.","","The ingredient may reference a substance (for example, amoxicillin) or another medication (for example in the case of a compounded product, Glaxal Base).","","","","","","","",,,,,"",,,,"Medication.ingredient.item[x]",1,1,"","ele-1:All FHIR elements must have a @value or children {hasValue() or (children().count() > id.count())}
"
"IHEMedication","Medication.ingredient.isActive","Medication.ingredient.isActive","","","",0,1,"Y","","","boolean {[]} {[]}
","Active ingredient indicator","Indication of whether this ingredient affects the therapeutic action of the drug.","","True indicates that the ingredient affects the therapeutic action of the drug (i.e. active). False indicates that the ingredient does not affect the therapeutic action of the drug (i.e. inactive).","","","","","","","",,,,,"",,,,"Medication.ingredient.isActive",0,1,"","ele-1:All FHIR elements must have a @value or children {hasValue() or (children().count() > id.count())}
"
"IHEMedication","Medication.ingredient.strength","Medication.ingredient.strength","","","",0,1,"Y","","","Ratio {[]} {[]}
","Quantity of ingredient present","Specifies how many (or how much) of the items there are in this Medication.  For example, 250 mg per tablet.  This is expressed as a ratio where the numerator is 250mg and the denominator is 1 tablet.","","","","","","","","","",,,,,"",,,,"Medication.ingredient.strength",0,1,"","ele-1:All FHIR elements must have a @value or children {hasValue() or (children().count() > id.count())}
"
"IHEMedication","Medication.batch","Medication.batch","","","",0,1,"","","","BackboneElement {[]} {[]}
","Details about packaged medications","Information that only applies to packages (not products).","","","","","","","","","",,,,,"",,,,"Medication.batch",0,1,"","ele-1:All FHIR elements must have a @value or children {hasValue() or (children().count() > id.count())}
"
"IHEMedication","Medication.batch.id","Medication.batch.id","","","",0,1,"","","","string {[]} {[]}
","Unique id for inter-element referencing","Unique id for the element within a resource (for internal references). This may be any string value that does not contain spaces.","","","","","","","","","",,,,,"",,,,"Element.id",0,1,"",""
"IHEMedication","Medication.batch.extension","Medication.batch.extension","","extensions
user content","",0,*,"","","","Extension {[]} {[]}
","Additional content defined by implementations","May be used to represent additional information that is not part of the basic definition of the element. To make the use of extensions safe and manageable, there is a strict set of governance  applied to the definition and use of extensions. Though any implementer can define an extension, there is a set of requirements that SHALL be met as part of the definition of the extension.","There can be no stigma associated with the use of extensions by any application, project, or standard - regardless of the institution or jurisdiction that uses or defines the extensions.  The use of extensions is what allows the FHIR specification to retain a core level of simplicity for everyone.","","","","","","","","",,,,,"",,,,"Element.extension",0,*,"","ele-1:All FHIR elements must have a @value or children {hasValue() or (children().count() > id.count())}
ext-1:Must have either extensions or value[x], not both {extension.exists() != value.exists()}"
"IHEMedication","Medication.batch.modifierExtension","Medication.batch.modifierExtension","","extensions
user contentmodifiers","",0,*,"","Y","Y","Extension {[]} {[]}
","Extensions that cannot be ignored even if unrecognized","May be used to represent additional information that is not part of the basic definition of the element and that modifies the understanding of the element in which it is contained and/or the understanding of the containing element's descendants. Usually modifier elements provide negation or qualification. To make the use of extensions safe and manageable, there is a strict set of governance applied to the definition and use of extensions. Though any implementer can define an extension, there is a set of requirements that SHALL be met as part of the definition of the extension. Applications processing a resource are required to check for modifier extensions.

Modifier extensions SHALL NOT change the meaning of any elements on Resource or DomainResource (including cannot change the meaning of modifierExtension itself).","There can be no stigma associated with the use of extensions by any application, project, or standard - regardless of the institution or jurisdiction that uses or defines the extensions.  The use of extensions is what allows the FHIR specification to retain a core level of simplicity for everyone.","Modifier extensions allow for extensions that *cannot* be safely ignored to be clearly distinguished from the vast majority of extensions which can be safely ignored.  This promotes interoperability by eliminating the need for implementers to prohibit the presence of extensions. For further information, see the [definition of modifier extensions](http://hl7.org/fhir/R4/extensibility.html#modifierExtension).","","","","","","","",,,,,"",,,,"BackboneElement.modifierExtension",0,*,"","ele-1:All FHIR elements must have a @value or children {hasValue() or (children().count() > id.count())}
ext-1:Must have either extensions or value[x], not both {extension.exists() != value.exists()}"
"IHEMedication","Medication.batch.lotNumber","Medication.batch.lotNumber","","","",0,1,"","","","string {[]} {[]}
","Identifier assigned to batch","The assigned lot number of a batch of the specified product.","","","","","","","","","",,,,,"",,,,"Medication.batch.lotNumber",0,1,"","ele-1:All FHIR elements must have a @value or children {hasValue() or (children().count() > id.count())}
"
"IHEMedication","Medication.batch.expirationDate","Medication.batch.expirationDate","","","",0,1,"","","","dateTime {[]} {[]}
","When batch will expire","When this specific batch of product will expire.","","","","","","","","","",,,,,"",,,,"Medication.batch.expirationDate",0,1,"","ele-1:All FHIR elements must have a @value or children {hasValue() or (children().count() > id.count())}
"
"MedicationOverview","Bundle","Bundle","","","",0,*,"","","","null {[]} {[]}
","Contains a collection of resources","A container for a collection of resources.","","","","","","","","","",,,,,"",,,,"Bundle",0,*,"","bdl-1:total only when a search or history {total.empty() or (type = 'searchset') or (type = 'history')}
bdl-2:entry.search only when a search {entry.search.empty() or (type = 'searchset')}bdl-3:entry.request mandatory for batch/transaction/history, otherwise prohibited {entry.all(request.exists() = (%resource.type = 'batch' or %resource.type = 'transaction' or %resource.type = 'history'))}bdl-4:entry.response mandatory for batch-response/transaction-response/history, otherwise prohibited {entry.all(response.exists() = (%resource.type = 'batch-response' or %resource.type = 'transaction-response' or %resource.type = 'history'))}bdl-7:FullUrl must be unique in a bundle, or else entries with the same fullUrl must have different meta.versionId (except in history bundles) {(type = 'history') or entry.where(fullUrl.exists()).select(fullUrl&resource.meta.versionId).isDistinct()}bdl-9:A document must have an identifier with a system and a value {type = 'document' implies (identifier.system.exists() and identifier.value.exists())}bdl-10:A document must have a date {type = 'document' implies (timestamp.hasValue())}bdl-11:A document must have a Composition as the first resource {type = 'document' implies entry.first().resource.is(Composition)}bdl-12:A message must have a MessageHeader as the first resource {type = 'message' implies entry.first().resource.is(MessageHeader)}"
"MedicationOverview","Bundle.id","Bundle.id","","","",0,1,"","","Y","id {[]} {[]}
","Logical id of this artifact","The logical id of the resource, as used in the URL for the resource. Once assigned, this value never changes.","The only time that a resource does not have an id is when it is being submitted to the server using a create operation.","","","","","","","","",,,,,"",,,,"Resource.id",0,1,"",""
"MedicationOverview","Bundle.meta","Bundle.meta","","","",0,1,"","","Y","Meta {[]} {[]}
","Metadata about the resource","The metadata about the resource. This is content that is maintained by the infrastructure. Changes to the content might not always be associated with version changes to the resource.","","","","","","","","","",,,,,"",,,,"Resource.meta",0,1,"","ele-1:All FHIR elements must have a @value or children {hasValue() or (children().count() > id.count())}
"
"MedicationOverview","Bundle.implicitRules","Bundle.implicitRules","","","",0,1,"","Y","Y","uri {[]} {[]}
","A set of rules under which this content was created","A reference to a set of rules that were followed when the resource was constructed, and which must be understood when processing the content. Often, this is a reference to an implementation guide that defines the special rules along with other profiles etc.","Asserting this rule set restricts the content to be only understood by a limited set of trading partners. This inherently limits the usefulness of the data in the long term. However, the existing health eco-system is highly fractured, and not yet ready to define, collect, and exchange data in a generally computable sense. Wherever possible, implementers and/or specification writers should avoid using this element. Often, when used, the URL is a reference to an implementation guide that defines these special rules as part of it's narrative along with other profiles, value sets, etc.","","","","","","","","",,,,,"",,,,"Resource.implicitRules",0,1,"","ele-1:All FHIR elements must have a @value or children {hasValue() or (children().count() > id.count())}
"
"MedicationOverview","Bundle.language","Bundle.language","","","",0,1,"","","","code {[]} {[]}
","Language of the resource content","The base language in which the resource is written.","Language is provided to support indexing and accessibility (typically, services such as text to speech use the language tag). The html language tag in the narrative applies  to the narrative. The language tag on the resource may be used to specify the language of other presentations generated from the data in the resource. Not all the content has to be in the base language. The Resource.language should not be assumed to apply to the narrative automatically. If a language is specified, it should it also be specified on the div element in the html (see rules in HTML5 for information about the relationship between xml:lang and the html lang attribute).","","","","","","","","",,"preferred","A human language.","http://hl7.org/fhir/ValueSet/languages|4.0.1","",,,,"Resource.language",0,1,"","ele-1:All FHIR elements must have a @value or children {hasValue() or (children().count() > id.count())}
"
"MedicationOverview","Bundle.identifier","Bundle.identifier","","","",0,1,"Y","","Y","Identifier {[]} {[]}
","Persistent identifier for the bundle","A persistent identifier for the bundle that won't change as a bundle is copied from server to server.","Persistent identity generally only matters for batches of type Document, Message, and Collection. It would not normally be populated for search and history results and servers ignore Bundle.identifier when processing batches and transactions. For Documents  the .identifier SHALL be populated such that the .identifier is globally unique.","","","","","","","","",,,,,"",,,,"Bundle.identifier",0,1,"","ele-1:All FHIR elements must have a @value or children {hasValue() or (children().count() > id.count())}
"
"MedicationOverview","Bundle.type","Bundle.type","","","",1,1,"","","Y","code {[]} {[]}
","document","Bundle is a document","It's possible to use a bundle for other purposes (e.g. a document can be accepted as a transaction). This is primarily defined so that there can be specific rules for some of the bundle types.","","","","<valueCode xmlns=""http://hl7.org/fhir"" value=""document""/>","","","","",,"required","Indicates the purpose of a bundle - how it is intended to be used.","http://hl7.org/fhir/ValueSet/bundle-type|4.0.1","",,,,"Bundle.type",1,1,"","ele-1:All FHIR elements must have a @value or children {hasValue() or (children().count() > id.count())}
"
"MedicationOverview","Bundle.timestamp","Bundle.timestamp","","","",0,1,"","","Y","instant {[]} {[]}
","When the bundle was assembled","The date/time that the bundle was assembled - i.e. when the resources were placed in the bundle.","For many bundles, the timestamp is equal to .meta.lastUpdated, because they are not stored (e.g. search results). When a bundle is placed in a persistent store, .meta.lastUpdated will be usually be changed by the server. When the bundle is a message, a middleware agent altering the message (even if not stored) SHOULD update .meta.lastUpdated. .timestamp is used to track the original time of the Bundle, and SHOULD be populated.  

Usage:

* document : the date the document was created. Note: the composition may predate the document, or be associated with multiple documents. The date of the composition - the authoring time - may be earlier than the document assembly time
* message : the date that the content of the message was assembled. This date is not changed by middleware engines unless they add additional data that changes the meaning of the time of the message
* history : the date that the history was assembled. This time would be used as the _since time to ask for subsequent updates
* searchset : the time that the search set was assembled. Note that different pages MAY have different timestamps but need not. Having different timestamps does not imply that subsequent pages will represent or include changes made since the initial query
* transaction | transaction-response | batch | batch-response | collection : no particular assigned meaning

The timestamp value should be greater than the lastUpdated and other timestamps in the resources in the bundle, and it should be equal or earlier than the .meta.lastUpdated on the Bundle itself.","","","","","","","","",,,,,"",,,,"Bundle.timestamp",0,1,"","ele-1:All FHIR elements must have a @value or children {hasValue() or (children().count() > id.count())}
"
"MedicationOverview","Bundle.total","Bundle.total","","","",0,0,"","","Y","unsignedInt {[]} {[]}
","If search, the total number of matches","If a set of search matches, this is the total number of entries of type 'match' across all pages in the search.  It does not include search.mode = 'include' or 'outcome' entries and it does not provide a count of the number of entries in the Bundle.","Only used if the bundle is a search result set. The total does not include resources such as OperationOutcome and included resources, only the total number of matching resources.","","","","","","","","",,,,,"",,,,"Bundle.total",0,1,"bdl-1
","ele-1:All FHIR elements must have a @value or children {hasValue() or (children().count() > id.count())}
"
"MedicationOverview","Bundle.link","Bundle.link","","","",0,0,"","","Y","BackboneElement {[]} {[]}
","Links related to this Bundle","A series of links that provide context to this bundle.","Both Bundle.link and Bundle.entry.link are defined to support providing additional context when Bundles are used (e.g. [HATEOAS](http://en.wikipedia.org/wiki/HATEOAS)). 

Bundle.entry.link corresponds to links found in the HTTP header if the resource in the entry was [read](http://hl7.org/fhir/R4/http.html#read) directly.

This specification defines some specific uses of Bundle.link for [searching](http://hl7.org/fhir/R4/search.html#conformance) and [paging](http://hl7.org/fhir/R4/http.html#paging), but no specific uses for Bundle.entry.link, and no defined function in a transaction - the meaning is implementation specific.","","","","","","","","",,,,,"",,,,"Bundle.link",0,*,"","ele-1:All FHIR elements must have a @value or children {hasValue() or (children().count() > id.count())}
"
"MedicationOverview","Bundle.link.id","Bundle.link.id","","","",0,1,"","","","string {[]} {[]}
","Unique id for inter-element referencing","Unique id for the element within a resource (for internal references). This may be any string value that does not contain spaces.","","","","","","","","","",,,,,"",,,,"Element.id",0,1,"",""
"MedicationOverview","Bundle.link.extension","Bundle.link.extension","","extensions
user content","",0,*,"","","","Extension {[]} {[]}
","Additional content defined by implementations","May be used to represent additional information that is not part of the basic definition of the element. To make the use of extensions safe and manageable, there is a strict set of governance  applied to the definition and use of extensions. Though any implementer can define an extension, there is a set of requirements that SHALL be met as part of the definition of the extension.","There can be no stigma associated with the use of extensions by any application, project, or standard - regardless of the institution or jurisdiction that uses or defines the extensions.  The use of extensions is what allows the FHIR specification to retain a core level of simplicity for everyone.","","","","","","","","",,,,,"",,,,"Element.extension",0,*,"","ele-1:All FHIR elements must have a @value or children {hasValue() or (children().count() > id.count())}
ext-1:Must have either extensions or value[x], not both {extension.exists() != value.exists()}"
"MedicationOverview","Bundle.link.modifierExtension","Bundle.link.modifierExtension","","extensions
user contentmodifiers","",0,*,"","Y","Y","Extension {[]} {[]}
","Extensions that cannot be ignored even if unrecognized","May be used to represent additional information that is not part of the basic definition of the element and that modifies the understanding of the element in which it is contained and/or the understanding of the containing element's descendants. Usually modifier elements provide negation or qualification. To make the use of extensions safe and manageable, there is a strict set of governance applied to the definition and use of extensions. Though any implementer can define an extension, there is a set of requirements that SHALL be met as part of the definition of the extension. Applications processing a resource are required to check for modifier extensions.

Modifier extensions SHALL NOT change the meaning of any elements on Resource or DomainResource (including cannot change the meaning of modifierExtension itself).","There can be no stigma associated with the use of extensions by any application, project, or standard - regardless of the institution or jurisdiction that uses or defines the extensions.  The use of extensions is what allows the FHIR specification to retain a core level of simplicity for everyone.","Modifier extensions allow for extensions that *cannot* be safely ignored to be clearly distinguished from the vast majority of extensions which can be safely ignored.  This promotes interoperability by eliminating the need for implementers to prohibit the presence of extensions. For further information, see the [definition of modifier extensions](http://hl7.org/fhir/R4/extensibility.html#modifierExtension).","","","","","","","",,,,,"",,,,"BackboneElement.modifierExtension",0,*,"","ele-1:All FHIR elements must have a @value or children {hasValue() or (children().count() > id.count())}
ext-1:Must have either extensions or value[x], not both {extension.exists() != value.exists()}"
"MedicationOverview","Bundle.link.relation","Bundle.link.relation","","","",1,1,"","","Y","string {[]} {[]}
","See http://www.iana.org/assignments/link-relations/link-relations.xhtml#link-relations-1","A name which details the functional use for this link - see [http://www.iana.org/assignments/link-relations/link-relations.xhtml#link-relations-1](http://www.iana.org/assignments/link-relations/link-relations.xhtml#link-relations-1).","","","","","","","","","",,,,,"",,,,"Bundle.link.relation",1,1,"","ele-1:All FHIR elements must have a @value or children {hasValue() or (children().count() > id.count())}
"
"MedicationOverview","Bundle.link.url","Bundle.link.url","","","",1,1,"","","Y","uri {[]} {[]}
","Reference details for the link","The reference details for the link.","","","","","","","","","",,,,,"",,,,"Bundle.link.url",1,1,"","ele-1:All FHIR elements must have a @value or children {hasValue() or (children().count() > id.count())}
"
"MedicationOverview","Bundle.entry","Bundle.entry","","","",2,*,"","","Y","BackboneElement {[]} {[]}
","Entry in the bundle - will have a resource or information","An entry in a bundle resource - will either contain a resource or information about a resource (transactions and history only).","","","","","","","","","",,,,,"","profile:resource}
","Slicing based on the profile conformance of the sliced element",,"open","Bundle.entry",0,*,"","bdl-5:must be a resource unless there's a request or response {resource.exists() or request.exists() or response.exists()}
bdl-8:fullUrl cannot be a version specific reference {fullUrl.contains('/_history/').not()}ele-1:All FHIR elements must have a @value or children {hasValue() or (children().count() > id.count())}"
"MedicationOverview","Bundle.entry.id","Bundle.entry.id","","","",0,1,"","","","string {[]} {[]}
","Unique id for inter-element referencing","Unique id for the element within a resource (for internal references). This may be any string value that does not contain spaces.","","","","","","","","","",,,,,"",,,,"Element.id",0,1,"",""
"MedicationOverview","Bundle.entry.extension","Bundle.entry.extension","","extensions
user content","",0,*,"","","","Extension {[]} {[]}
","Additional content defined by implementations","May be used to represent additional information that is not part of the basic definition of the element. To make the use of extensions safe and manageable, there is a strict set of governance  applied to the definition and use of extensions. Though any implementer can define an extension, there is a set of requirements that SHALL be met as part of the definition of the extension.","There can be no stigma associated with the use of extensions by any application, project, or standard - regardless of the institution or jurisdiction that uses or defines the extensions.  The use of extensions is what allows the FHIR specification to retain a core level of simplicity for everyone.","","","","","","","","",,,,,"",,,,"Element.extension",0,*,"","ele-1:All FHIR elements must have a @value or children {hasValue() or (children().count() > id.count())}
ext-1:Must have either extensions or value[x], not both {extension.exists() != value.exists()}"
"MedicationOverview","Bundle.entry.modifierExtension","Bundle.entry.modifierExtension","","extensions
user contentmodifiers","",0,*,"","Y","Y","Extension {[]} {[]}
","Extensions that cannot be ignored even if unrecognized","May be used to represent additional information that is not part of the basic definition of the element and that modifies the understanding of the element in which it is contained and/or the understanding of the containing element's descendants. Usually modifier elements provide negation or qualification. To make the use of extensions safe and manageable, there is a strict set of governance applied to the definition and use of extensions. Though any implementer can define an extension, there is a set of requirements that SHALL be met as part of the definition of the extension. Applications processing a resource are required to check for modifier extensions.

Modifier extensions SHALL NOT change the meaning of any elements on Resource or DomainResource (including cannot change the meaning of modifierExtension itself).","There can be no stigma associated with the use of extensions by any application, project, or standard - regardless of the institution or jurisdiction that uses or defines the extensions.  The use of extensions is what allows the FHIR specification to retain a core level of simplicity for everyone.","Modifier extensions allow for extensions that *cannot* be safely ignored to be clearly distinguished from the vast majority of extensions which can be safely ignored.  This promotes interoperability by eliminating the need for implementers to prohibit the presence of extensions. For further information, see the [definition of modifier extensions](http://hl7.org/fhir/R4/extensibility.html#modifierExtension).","","","","","","","",,,,,"",,,,"BackboneElement.modifierExtension",0,*,"","ele-1:All FHIR elements must have a @value or children {hasValue() or (children().count() > id.count())}
ext-1:Must have either extensions or value[x], not both {extension.exists() != value.exists()}"
"MedicationOverview","Bundle.entry.link","Bundle.entry.link","","","",0,*,"","","Y","null {[]} {[]}
","Links related to this entry","A series of links that provide context to this entry.","","","","","","","","","",,,,,"",,,,"Bundle.entry.link",0,*,"","ele-1:All FHIR elements must have a @value or children {hasValue() or (children().count() > id.count())}
"
"MedicationOverview","Bundle.entry.fullUrl","Bundle.entry.fullUrl","","","",0,1,"","","Y","uri {[]} {[]}
","URI for resource (Absolute URL server address or URI for UUID/OID)","The Absolute URL for the resource.  The fullUrl SHALL NOT disagree with the id in the resource - i.e. if the fullUrl is not a urn:uuid, the URL shall be version-independent URL consistent with the Resource.id. The fullUrl is a version independent reference to the resource. The fullUrl element SHALL have a value except that: 
* fullUrl can be empty on a POST (although it does not need to when specifying a temporary id for reference in the bundle)
* Results from operations might involve resources that are not identified.","fullUrl might not be [unique in the context of a resource](http://hl7.org/fhir/R4/bundle.html#bundle-unique). Note that since [FHIR resources do not need to be served through the FHIR API](http://hl7.org/fhir/R4/references.html), the fullURL might be a URN or an absolute URL that does not end with the logical id of the resource (Resource.id). However, but if the fullUrl does look like a RESTful server URL (e.g. meets the [regex](http://hl7.org/fhir/R4/references.html#regex), then the 'id' portion of the fullUrl SHALL end with the Resource.id.

Note that the fullUrl is not the same as the canonical URL - it's an absolute url for an endpoint serving the resource (these will happen to have the same value on the canonical server for the resource with the canonical URL).","","","","","","","","",,,,,"",,,,"Bundle.entry.fullUrl",0,1,"","ele-1:All FHIR elements must have a @value or children {hasValue() or (children().count() > id.count())}
"
"MedicationOverview","Bundle.entry.resource","Bundle.entry.resource","","","",0,1,"","","Y","Resource {[]} {[]}
","A resource in the bundle","The Resource for the entry. The purpose/meaning of the resource is determined by the Bundle.type.","","","","","","","","","",,,,,"",,,,"Bundle.entry.resource",0,1,"",""
"MedicationOverview","Bundle.entry.search","Bundle.entry.search","","","",0,1,"","","Y","BackboneElement {[]} {[]}
","Search related information","Information about the search process that lead to the creation of this entry.","","","","","","","","","",,,,,"",,,,"Bundle.entry.search",0,1,"bdl-2
","ele-1:All FHIR elements must have a @value or children {hasValue() or (children().count() > id.count())}
"
"MedicationOverview","Bundle.entry.search.id","Bundle.entry.search.id","","","",0,1,"","","","string {[]} {[]}
","Unique id for inter-element referencing","Unique id for the element within a resource (for internal references). This may be any string value that does not contain spaces.","","","","","","","","","",,,,,"",,,,"Element.id",0,1,"",""
"MedicationOverview","Bundle.entry.search.extension","Bundle.entry.search.extension","","extensions
user content","",0,*,"","","","Extension {[]} {[]}
","Additional content defined by implementations","May be used to represent additional information that is not part of the basic definition of the element. To make the use of extensions safe and manageable, there is a strict set of governance  applied to the definition and use of extensions. Though any implementer can define an extension, there is a set of requirements that SHALL be met as part of the definition of the extension.","There can be no stigma associated with the use of extensions by any application, project, or standard - regardless of the institution or jurisdiction that uses or defines the extensions.  The use of extensions is what allows the FHIR specification to retain a core level of simplicity for everyone.","","","","","","","","",,,,,"",,,,"Element.extension",0,*,"","ele-1:All FHIR elements must have a @value or children {hasValue() or (children().count() > id.count())}
ext-1:Must have either extensions or value[x], not both {extension.exists() != value.exists()}"
"MedicationOverview","Bundle.entry.search.modifierExtension","Bundle.entry.search.modifierExtension","","extensions
user contentmodifiers","",0,*,"","Y","Y","Extension {[]} {[]}
","Extensions that cannot be ignored even if unrecognized","May be used to represent additional information that is not part of the basic definition of the element and that modifies the understanding of the element in which it is contained and/or the understanding of the containing element's descendants. Usually modifier elements provide negation or qualification. To make the use of extensions safe and manageable, there is a strict set of governance applied to the definition and use of extensions. Though any implementer can define an extension, there is a set of requirements that SHALL be met as part of the definition of the extension. Applications processing a resource are required to check for modifier extensions.

Modifier extensions SHALL NOT change the meaning of any elements on Resource or DomainResource (including cannot change the meaning of modifierExtension itself).","There can be no stigma associated with the use of extensions by any application, project, or standard - regardless of the institution or jurisdiction that uses or defines the extensions.  The use of extensions is what allows the FHIR specification to retain a core level of simplicity for everyone.","Modifier extensions allow for extensions that *cannot* be safely ignored to be clearly distinguished from the vast majority of extensions which can be safely ignored.  This promotes interoperability by eliminating the need for implementers to prohibit the presence of extensions. For further information, see the [definition of modifier extensions](http://hl7.org/fhir/R4/extensibility.html#modifierExtension).","","","","","","","",,,,,"",,,,"BackboneElement.modifierExtension",0,*,"","ele-1:All FHIR elements must have a @value or children {hasValue() or (children().count() > id.count())}
ext-1:Must have either extensions or value[x], not both {extension.exists() != value.exists()}"
"MedicationOverview","Bundle.entry.search.mode","Bundle.entry.search.mode","","","",0,1,"","","Y","code {[]} {[]}
","match | include | outcome - why this is in the result set","Why this entry is in the result set - whether it's included as a match or because of an _include requirement, or to convey information or warning information about the search process.","There is only one mode. In some corner cases, a resource may be included because it is both a match and an include. In these circumstances, 'match' takes precedence.","","","","","","","","",,"required","Why an entry is in the result set - whether it's included as a match or because of an _include requirement, or to convey information or warning information about the search process.","http://hl7.org/fhir/ValueSet/search-entry-mode|4.0.1","",,,,"Bundle.entry.search.mode",0,1,"","ele-1:All FHIR elements must have a @value or children {hasValue() or (children().count() > id.count())}
"
"MedicationOverview","Bundle.entry.search.score","Bundle.entry.search.score","","","",0,1,"","","Y","decimal {[]} {[]}
","Search ranking (between 0 and 1)","When searching, the server's search ranking score for the entry.","Servers are not required to return a ranking score. 1 is most relevant, and 0 is least relevant. Often, search results are sorted by score, but the client may specify a different sort order.

See [Patient Match](http://hl7.org/fhir/R4/patient-operation-match.html) for the EMPI search which relates to this element.","","","","","","","","",,,,,"",,,,"Bundle.entry.search.score",0,1,"","ele-1:All FHIR elements must have a @value or children {hasValue() or (children().count() > id.count())}
"
"MedicationOverview","Bundle.entry.request","Bundle.entry.request","","","",0,1,"","","Y","BackboneElement {[]} {[]}
","Additional execution information (transaction/batch/history)","Additional information about how this entry should be processed as part of a transaction or batch.  For history, it shows how the entry was processed to create the version contained in the entry.","","","","","","","","","",,,,,"",,,,"Bundle.entry.request",0,1,"bdl-3
","ele-1:All FHIR elements must have a @value or children {hasValue() or (children().count() > id.count())}
"
"MedicationOverview","Bundle.entry.request.id","Bundle.entry.request.id","","","",0,1,"","","","string {[]} {[]}
","Unique id for inter-element referencing","Unique id for the element within a resource (for internal references). This may be any string value that does not contain spaces.","","","","","","","","","",,,,,"",,,,"Element.id",0,1,"",""
"MedicationOverview","Bundle.entry.request.extension","Bundle.entry.request.extension","","extensions
user content","",0,*,"","","","Extension {[]} {[]}
","Additional content defined by implementations","May be used to represent additional information that is not part of the basic definition of the element. To make the use of extensions safe and manageable, there is a strict set of governance  applied to the definition and use of extensions. Though any implementer can define an extension, there is a set of requirements that SHALL be met as part of the definition of the extension.","There can be no stigma associated with the use of extensions by any application, project, or standard - regardless of the institution or jurisdiction that uses or defines the extensions.  The use of extensions is what allows the FHIR specification to retain a core level of simplicity for everyone.","","","","","","","","",,,,,"",,,,"Element.extension",0,*,"","ele-1:All FHIR elements must have a @value or children {hasValue() or (children().count() > id.count())}
ext-1:Must have either extensions or value[x], not both {extension.exists() != value.exists()}"
"MedicationOverview","Bundle.entry.request.modifierExtension","Bundle.entry.request.modifierExtension","","extensions
user contentmodifiers","",0,*,"","Y","Y","Extension {[]} {[]}
","Extensions that cannot be ignored even if unrecognized","May be used to represent additional information that is not part of the basic definition of the element and that modifies the understanding of the element in which it is contained and/or the understanding of the containing element's descendants. Usually modifier elements provide negation or qualification. To make the use of extensions safe and manageable, there is a strict set of governance applied to the definition and use of extensions. Though any implementer can define an extension, there is a set of requirements that SHALL be met as part of the definition of the extension. Applications processing a resource are required to check for modifier extensions.

Modifier extensions SHALL NOT change the meaning of any elements on Resource or DomainResource (including cannot change the meaning of modifierExtension itself).","There can be no stigma associated with the use of extensions by any application, project, or standard - regardless of the institution or jurisdiction that uses or defines the extensions.  The use of extensions is what allows the FHIR specification to retain a core level of simplicity for everyone.","Modifier extensions allow for extensions that *cannot* be safely ignored to be clearly distinguished from the vast majority of extensions which can be safely ignored.  This promotes interoperability by eliminating the need for implementers to prohibit the presence of extensions. For further information, see the [definition of modifier extensions](http://hl7.org/fhir/R4/extensibility.html#modifierExtension).","","","","","","","",,,,,"",,,,"BackboneElement.modifierExtension",0,*,"","ele-1:All FHIR elements must have a @value or children {hasValue() or (children().count() > id.count())}
ext-1:Must have either extensions or value[x], not both {extension.exists() != value.exists()}"
"MedicationOverview","Bundle.entry.request.method","Bundle.entry.request.method","","","",1,1,"","","Y","code {[]} {[]}
","GET | HEAD | POST | PUT | DELETE | PATCH","In a transaction or batch, this is the HTTP action to be executed for this entry. In a history bundle, this indicates the HTTP action that occurred.","","","","","","","","","",,"required","HTTP verbs (in the HTTP command line). See [HTTP rfc](https://tools.ietf.org/html/rfc7231) for details.","http://hl7.org/fhir/ValueSet/http-verb|4.0.1","",,,,"Bundle.entry.request.method",1,1,"","ele-1:All FHIR elements must have a @value or children {hasValue() or (children().count() > id.count())}
"
"MedicationOverview","Bundle.entry.request.url","Bundle.entry.request.url","","","",1,1,"","","Y","uri {[]} {[]}
","URL for HTTP equivalent of this entry","The URL for this entry, relative to the root (the address to which the request is posted).","E.g. for a Patient Create, the method would be ""POST"" and the URL would be ""Patient"". For a Patient Update, the method would be PUT and the URL would be ""Patient/[id]"".","","","","","","","","",,,,,"",,,,"Bundle.entry.request.url",1,1,"","ele-1:All FHIR elements must have a @value or children {hasValue() or (children().count() > id.count())}
"
"MedicationOverview","Bundle.entry.request.ifNoneMatch","Bundle.entry.request.ifNoneMatch","","","",0,1,"","","Y","string {[]} {[]}
","For managing cache currency","If the ETag values match, return a 304 Not Modified status. See the API documentation for [""Conditional Read""](http://hl7.org/fhir/R4/http.html#cread).","","","","","","","","","",,,,,"",,,,"Bundle.entry.request.ifNoneMatch",0,1,"","ele-1:All FHIR elements must have a @value or children {hasValue() or (children().count() > id.count())}
"
"MedicationOverview","Bundle.entry.request.ifModifiedSince","Bundle.entry.request.ifModifiedSince","","","",0,1,"","","Y","instant {[]} {[]}
","For managing cache currency","Only perform the operation if the last updated date matches. See the API documentation for [""Conditional Read""](http://hl7.org/fhir/R4/http.html#cread).","","","","","","","","","",,,,,"",,,,"Bundle.entry.request.ifModifiedSince",0,1,"","ele-1:All FHIR elements must have a @value or children {hasValue() or (children().count() > id.count())}
"
"MedicationOverview","Bundle.entry.request.ifMatch","Bundle.entry.request.ifMatch","","","",0,1,"","","Y","string {[]} {[]}
","For managing update contention","Only perform the operation if the Etag value matches. For more information, see the API section [""Managing Resource Contention""](http://hl7.org/fhir/R4/http.html#concurrency).","","","","","","","","","",,,,,"",,,,"Bundle.entry.request.ifMatch",0,1,"","ele-1:All FHIR elements must have a @value or children {hasValue() or (children().count() > id.count())}
"
"MedicationOverview","Bundle.entry.request.ifNoneExist","Bundle.entry.request.ifNoneExist","","","",0,1,"","","Y","string {[]} {[]}
","For conditional creates","Instruct the server not to perform the create if a specified resource already exists. For further information, see the API documentation for [""Conditional Create""](http://hl7.org/fhir/R4/http.html#ccreate). This is just the query portion of the URL - what follows the ""?"" (not including the ""?"").","","","","","","","","","",,,,,"",,,,"Bundle.entry.request.ifNoneExist",0,1,"","ele-1:All FHIR elements must have a @value or children {hasValue() or (children().count() > id.count())}
"
"MedicationOverview","Bundle.entry.response","Bundle.entry.response","","","",0,1,"","","Y","BackboneElement {[]} {[]}
","Results of execution (transaction/batch/history)","Indicates the results of processing the corresponding 'request' entry in the batch or transaction being responded to or what the results of an operation where when returning history.","","","","","","","","","",,,,,"",,,,"Bundle.entry.response",0,1,"bdl-4
","ele-1:All FHIR elements must have a @value or children {hasValue() or (children().count() > id.count())}
"
"MedicationOverview","Bundle.entry.response.id","Bundle.entry.response.id","","","",0,1,"","","","string {[]} {[]}
","Unique id for inter-element referencing","Unique id for the element within a resource (for internal references). This may be any string value that does not contain spaces.","","","","","","","","","",,,,,"",,,,"Element.id",0,1,"",""
"MedicationOverview","Bundle.entry.response.extension","Bundle.entry.response.extension","","extensions
user content","",0,*,"","","","Extension {[]} {[]}
","Additional content defined by implementations","May be used to represent additional information that is not part of the basic definition of the element. To make the use of extensions safe and manageable, there is a strict set of governance  applied to the definition and use of extensions. Though any implementer can define an extension, there is a set of requirements that SHALL be met as part of the definition of the extension.","There can be no stigma associated with the use of extensions by any application, project, or standard - regardless of the institution or jurisdiction that uses or defines the extensions.  The use of extensions is what allows the FHIR specification to retain a core level of simplicity for everyone.","","","","","","","","",,,,,"",,,,"Element.extension",0,*,"","ele-1:All FHIR elements must have a @value or children {hasValue() or (children().count() > id.count())}
ext-1:Must have either extensions or value[x], not both {extension.exists() != value.exists()}"
"MedicationOverview","Bundle.entry.response.modifierExtension","Bundle.entry.response.modifierExtension","","extensions
user contentmodifiers","",0,*,"","Y","Y","Extension {[]} {[]}
","Extensions that cannot be ignored even if unrecognized","May be used to represent additional information that is not part of the basic definition of the element and that modifies the understanding of the element in which it is contained and/or the understanding of the containing element's descendants. Usually modifier elements provide negation or qualification. To make the use of extensions safe and manageable, there is a strict set of governance applied to the definition and use of extensions. Though any implementer can define an extension, there is a set of requirements that SHALL be met as part of the definition of the extension. Applications processing a resource are required to check for modifier extensions.

Modifier extensions SHALL NOT change the meaning of any elements on Resource or DomainResource (including cannot change the meaning of modifierExtension itself).","There can be no stigma associated with the use of extensions by any application, project, or standard - regardless of the institution or jurisdiction that uses or defines the extensions.  The use of extensions is what allows the FHIR specification to retain a core level of simplicity for everyone.","Modifier extensions allow for extensions that *cannot* be safely ignored to be clearly distinguished from the vast majority of extensions which can be safely ignored.  This promotes interoperability by eliminating the need for implementers to prohibit the presence of extensions. For further information, see the [definition of modifier extensions](http://hl7.org/fhir/R4/extensibility.html#modifierExtension).","","","","","","","",,,,,"",,,,"BackboneElement.modifierExtension",0,*,"","ele-1:All FHIR elements must have a @value or children {hasValue() or (children().count() > id.count())}
ext-1:Must have either extensions or value[x], not both {extension.exists() != value.exists()}"
"MedicationOverview","Bundle.entry.response.status","Bundle.entry.response.status","","","",1,1,"","","Y","string {[]} {[]}
","Status response code (text optional)","The status code returned by processing this entry. The status SHALL start with a 3 digit HTTP code (e.g. 404) and may contain the standard HTTP description associated with the status code.","","","","","","","","","",,,,,"",,,,"Bundle.entry.response.status",1,1,"","ele-1:All FHIR elements must have a @value or children {hasValue() or (children().count() > id.count())}
"
"MedicationOverview","Bundle.entry.response.location","Bundle.entry.response.location","","","",0,1,"","","Y","uri {[]} {[]}
","The location (if the operation returns a location)","The location header created by processing this operation, populated if the operation returns a location.","","","","","","","","","",,,,,"",,,,"Bundle.entry.response.location",0,1,"","ele-1:All FHIR elements must have a @value or children {hasValue() or (children().count() > id.count())}
"
"MedicationOverview","Bundle.entry.response.etag","Bundle.entry.response.etag","","","",0,1,"","","Y","string {[]} {[]}
","The Etag for the resource (if relevant)","The Etag for the resource, if the operation for the entry produced a versioned resource (see [Resource Metadata and Versioning](http://hl7.org/fhir/R4/http.html#versioning) and [Managing Resource Contention](http://hl7.org/fhir/R4/http.html#concurrency)).","Etags match the Resource.meta.versionId. The ETag has to match the version id in the header if a resource is included.","","","","","","","","",,,,,"",,,,"Bundle.entry.response.etag",0,1,"","ele-1:All FHIR elements must have a @value or children {hasValue() or (children().count() > id.count())}
"
"MedicationOverview","Bundle.entry.response.lastModified","Bundle.entry.response.lastModified","","","",0,1,"","","Y","instant {[]} {[]}
","Server's date time modified","The date/time that the resource was modified on the server.","This has to match the same time in the meta header (meta.lastUpdated) if a resource is included.","","","","","","","","",,,,,"",,,,"Bundle.entry.response.lastModified",0,1,"","ele-1:All FHIR elements must have a @value or children {hasValue() or (children().count() > id.count())}
"
"MedicationOverview","Bundle.entry.response.outcome","Bundle.entry.response.outcome","","","",0,1,"","","Y","Resource {[]} {[]}
","OperationOutcome with hints and warnings (for batch/transaction)","An OperationOutcome containing hints and warnings produced as part of processing this entry in a batch or transaction.","For a POST/PUT operation, this is the equivalent outcome that would be returned for prefer = operationoutcome - except that the resource is always returned whether or not the outcome is returned.

This outcome is not used for error responses in batch/transaction, only for hints and warnings. In a batch operation, the error will be in Bundle.entry.response, and for transaction, there will be a single OperationOutcome instead of a bundle in the case of an error.","","","","","","","","",,,,,"",,,,"Bundle.entry.response.outcome",0,1,"",""
"MedicationOverview","Bundle.entry:Composition","Bundle.entry","Composition","","",1,1,"","","Y","BackboneElement {[]} {[]}
","Composition","An entry in a bundle resource - will either contain a resource or information about a resource (transactions and history only).","","","","","","","","","",,,,,"",,,,"Bundle.entry",0,*,"","bdl-5:must be a resource unless there's a request or response {resource.exists() or request.exists() or response.exists()}
bdl-8:fullUrl cannot be a version specific reference {fullUrl.contains('/_history/').not()}ele-1:All FHIR elements must have a @value or children {hasValue() or (children().count() > id.count())}"
"MedicationOverview","Bundle.entry:Composition.id","Bundle.entry.id","","","",0,1,"","","","string {[]} {[]}
","Unique id for inter-element referencing","Unique id for the element within a resource (for internal references). This may be any string value that does not contain spaces.","","","","","","","","","",,,,,"",,,,"Element.id",0,1,"",""
"MedicationOverview","Bundle.entry:Composition.extension","Bundle.entry.extension","","extensions
user content","",0,*,"","","","Extension {[]} {[]}
","Additional content defined by implementations","May be used to represent additional information that is not part of the basic definition of the element. To make the use of extensions safe and manageable, there is a strict set of governance  applied to the definition and use of extensions. Though any implementer can define an extension, there is a set of requirements that SHALL be met as part of the definition of the extension.","There can be no stigma associated with the use of extensions by any application, project, or standard - regardless of the institution or jurisdiction that uses or defines the extensions.  The use of extensions is what allows the FHIR specification to retain a core level of simplicity for everyone.","","","","","","","","",,,,,"",,,,"Element.extension",0,*,"","ele-1:All FHIR elements must have a @value or children {hasValue() or (children().count() > id.count())}
ext-1:Must have either extensions or value[x], not both {extension.exists() != value.exists()}"
"MedicationOverview","Bundle.entry:Composition.modifierExtension","Bundle.entry.modifierExtension","","extensions
user contentmodifiers","",0,*,"","Y","Y","Extension {[]} {[]}
","Extensions that cannot be ignored even if unrecognized","May be used to represent additional information that is not part of the basic definition of the element and that modifies the understanding of the element in which it is contained and/or the understanding of the containing element's descendants. Usually modifier elements provide negation or qualification. To make the use of extensions safe and manageable, there is a strict set of governance applied to the definition and use of extensions. Though any implementer can define an extension, there is a set of requirements that SHALL be met as part of the definition of the extension. Applications processing a resource are required to check for modifier extensions.

Modifier extensions SHALL NOT change the meaning of any elements on Resource or DomainResource (including cannot change the meaning of modifierExtension itself).","There can be no stigma associated with the use of extensions by any application, project, or standard - regardless of the institution or jurisdiction that uses or defines the extensions.  The use of extensions is what allows the FHIR specification to retain a core level of simplicity for everyone.","Modifier extensions allow for extensions that *cannot* be safely ignored to be clearly distinguished from the vast majority of extensions which can be safely ignored.  This promotes interoperability by eliminating the need for implementers to prohibit the presence of extensions. For further information, see the [definition of modifier extensions](http://hl7.org/fhir/R4/extensibility.html#modifierExtension).","","","","","","","",,,,,"",,,,"BackboneElement.modifierExtension",0,*,"","ele-1:All FHIR elements must have a @value or children {hasValue() or (children().count() > id.count())}
ext-1:Must have either extensions or value[x], not both {extension.exists() != value.exists()}"
"MedicationOverview","Bundle.entry:Composition.link","Bundle.entry.link","","","",0,*,"","","Y","null {[]} {[]}
","Links related to this entry","A series of links that provide context to this entry.","","","","","","","","","",,,,,"",,,,"Bundle.entry.link",0,*,"","ele-1:All FHIR elements must have a @value or children {hasValue() or (children().count() > id.count())}
"
"MedicationOverview","Bundle.entry:Composition.fullUrl","Bundle.entry.fullUrl","","","",0,1,"","","Y","uri {[]} {[]}
","URI for resource (Absolute URL server address or URI for UUID/OID)","The Absolute URL for the resource.  The fullUrl SHALL NOT disagree with the id in the resource - i.e. if the fullUrl is not a urn:uuid, the URL shall be version-independent URL consistent with the Resource.id. The fullUrl is a version independent reference to the resource. The fullUrl element SHALL have a value except that: 
* fullUrl can be empty on a POST (although it does not need to when specifying a temporary id for reference in the bundle)
* Results from operations might involve resources that are not identified.","fullUrl might not be [unique in the context of a resource](http://hl7.org/fhir/R4/bundle.html#bundle-unique). Note that since [FHIR resources do not need to be served through the FHIR API](http://hl7.org/fhir/R4/references.html), the fullURL might be a URN or an absolute URL that does not end with the logical id of the resource (Resource.id). However, but if the fullUrl does look like a RESTful server URL (e.g. meets the [regex](http://hl7.org/fhir/R4/references.html#regex), then the 'id' portion of the fullUrl SHALL end with the Resource.id.

Note that the fullUrl is not the same as the canonical URL - it's an absolute url for an endpoint serving the resource (these will happen to have the same value on the canonical server for the resource with the canonical URL).","","","","","","","","",,,,,"",,,,"Bundle.entry.fullUrl",0,1,"","ele-1:All FHIR elements must have a @value or children {hasValue() or (children().count() > id.count())}
"
"MedicationOverview","Bundle.entry:Composition.resource","Bundle.entry.resource","","","",1,1,"Y","","","Composition {[CanonicalType[https://profiles.ihe.net/PHARM/MEOW/StructureDefinition/MedicationOverviewComposition]]} {[]}
","A set of resources composed into a single coherent clinical statement with clinical attestation","A set of healthcare-related information that is assembled together into a single logical package that provides a single coherent statement of meaning, establishes its own context and that has clinical attestation with regard to who is making the statement. A Composition defines the structure and narrative content necessary for a document. However, a Composition alone does not constitute a document. Rather, the Composition must be the first entry in a Bundle where Bundle.type=document, and any other resources referenced from Composition must be included as subsequent entries in the Bundle (for example Patient, Practitioner, Encounter, etc.).","While the focus of this specification is on patient-specific clinical statements, this resource can also apply to other healthcare-related statements such as study protocol designs, healthcare invoices and other activities that are not necessarily patient-specific or clinical.","","","","","","","","",,,,,"",,,,"Bundle.entry.resource",0,1,"",""
"MedicationOverview","Bundle.entry:Composition.search","Bundle.entry.search","","","",0,1,"","","Y","BackboneElement {[]} {[]}
","Search related information","Information about the search process that lead to the creation of this entry.","","","","","","","","","",,,,,"",,,,"Bundle.entry.search",0,1,"bdl-2
","ele-1:All FHIR elements must have a @value or children {hasValue() or (children().count() > id.count())}
"
"MedicationOverview","Bundle.entry:Composition.search.id","Bundle.entry.search.id","","","",0,1,"","","","string {[]} {[]}
","Unique id for inter-element referencing","Unique id for the element within a resource (for internal references). This may be any string value that does not contain spaces.","","","","","","","","","",,,,,"",,,,"Element.id",0,1,"",""
"MedicationOverview","Bundle.entry:Composition.search.extension","Bundle.entry.search.extension","","extensions
user content","",0,*,"","","","Extension {[]} {[]}
","Additional content defined by implementations","May be used to represent additional information that is not part of the basic definition of the element. To make the use of extensions safe and manageable, there is a strict set of governance  applied to the definition and use of extensions. Though any implementer can define an extension, there is a set of requirements that SHALL be met as part of the definition of the extension.","There can be no stigma associated with the use of extensions by any application, project, or standard - regardless of the institution or jurisdiction that uses or defines the extensions.  The use of extensions is what allows the FHIR specification to retain a core level of simplicity for everyone.","","","","","","","","",,,,,"",,,,"Element.extension",0,*,"","ele-1:All FHIR elements must have a @value or children {hasValue() or (children().count() > id.count())}
ext-1:Must have either extensions or value[x], not both {extension.exists() != value.exists()}"
"MedicationOverview","Bundle.entry:Composition.search.modifierExtension","Bundle.entry.search.modifierExtension","","extensions
user contentmodifiers","",0,*,"","Y","Y","Extension {[]} {[]}
","Extensions that cannot be ignored even if unrecognized","May be used to represent additional information that is not part of the basic definition of the element and that modifies the understanding of the element in which it is contained and/or the understanding of the containing element's descendants. Usually modifier elements provide negation or qualification. To make the use of extensions safe and manageable, there is a strict set of governance applied to the definition and use of extensions. Though any implementer can define an extension, there is a set of requirements that SHALL be met as part of the definition of the extension. Applications processing a resource are required to check for modifier extensions.

Modifier extensions SHALL NOT change the meaning of any elements on Resource or DomainResource (including cannot change the meaning of modifierExtension itself).","There can be no stigma associated with the use of extensions by any application, project, or standard - regardless of the institution or jurisdiction that uses or defines the extensions.  The use of extensions is what allows the FHIR specification to retain a core level of simplicity for everyone.","Modifier extensions allow for extensions that *cannot* be safely ignored to be clearly distinguished from the vast majority of extensions which can be safely ignored.  This promotes interoperability by eliminating the need for implementers to prohibit the presence of extensions. For further information, see the [definition of modifier extensions](http://hl7.org/fhir/R4/extensibility.html#modifierExtension).","","","","","","","",,,,,"",,,,"BackboneElement.modifierExtension",0,*,"","ele-1:All FHIR elements must have a @value or children {hasValue() or (children().count() > id.count())}
ext-1:Must have either extensions or value[x], not both {extension.exists() != value.exists()}"
"MedicationOverview","Bundle.entry:Composition.search.mode","Bundle.entry.search.mode","","","",0,1,"","","Y","code {[]} {[]}
","match | include | outcome - why this is in the result set","Why this entry is in the result set - whether it's included as a match or because of an _include requirement, or to convey information or warning information about the search process.","There is only one mode. In some corner cases, a resource may be included because it is both a match and an include. In these circumstances, 'match' takes precedence.","","","","","","","","",,"required","Why an entry is in the result set - whether it's included as a match or because of an _include requirement, or to convey information or warning information about the search process.","http://hl7.org/fhir/ValueSet/search-entry-mode|4.0.1","",,,,"Bundle.entry.search.mode",0,1,"","ele-1:All FHIR elements must have a @value or children {hasValue() or (children().count() > id.count())}
"
"MedicationOverview","Bundle.entry:Composition.search.score","Bundle.entry.search.score","","","",0,1,"","","Y","decimal {[]} {[]}
","Search ranking (between 0 and 1)","When searching, the server's search ranking score for the entry.","Servers are not required to return a ranking score. 1 is most relevant, and 0 is least relevant. Often, search results are sorted by score, but the client may specify a different sort order.

See [Patient Match](http://hl7.org/fhir/R4/patient-operation-match.html) for the EMPI search which relates to this element.","","","","","","","","",,,,,"",,,,"Bundle.entry.search.score",0,1,"","ele-1:All FHIR elements must have a @value or children {hasValue() or (children().count() > id.count())}
"
"MedicationOverview","Bundle.entry:Composition.request","Bundle.entry.request","","","",0,1,"","","Y","BackboneElement {[]} {[]}
","Additional execution information (transaction/batch/history)","Additional information about how this entry should be processed as part of a transaction or batch.  For history, it shows how the entry was processed to create the version contained in the entry.","","","","","","","","","",,,,,"",,,,"Bundle.entry.request",0,1,"bdl-3
","ele-1:All FHIR elements must have a @value or children {hasValue() or (children().count() > id.count())}
"
"MedicationOverview","Bundle.entry:Composition.request.id","Bundle.entry.request.id","","","",0,1,"","","","string {[]} {[]}
","Unique id for inter-element referencing","Unique id for the element within a resource (for internal references). This may be any string value that does not contain spaces.","","","","","","","","","",,,,,"",,,,"Element.id",0,1,"",""
"MedicationOverview","Bundle.entry:Composition.request.extension","Bundle.entry.request.extension","","extensions
user content","",0,*,"","","","Extension {[]} {[]}
","Additional content defined by implementations","May be used to represent additional information that is not part of the basic definition of the element. To make the use of extensions safe and manageable, there is a strict set of governance  applied to the definition and use of extensions. Though any implementer can define an extension, there is a set of requirements that SHALL be met as part of the definition of the extension.","There can be no stigma associated with the use of extensions by any application, project, or standard - regardless of the institution or jurisdiction that uses or defines the extensions.  The use of extensions is what allows the FHIR specification to retain a core level of simplicity for everyone.","","","","","","","","",,,,,"",,,,"Element.extension",0,*,"","ele-1:All FHIR elements must have a @value or children {hasValue() or (children().count() > id.count())}
ext-1:Must have either extensions or value[x], not both {extension.exists() != value.exists()}"
"MedicationOverview","Bundle.entry:Composition.request.modifierExtension","Bundle.entry.request.modifierExtension","","extensions
user contentmodifiers","",0,*,"","Y","Y","Extension {[]} {[]}
","Extensions that cannot be ignored even if unrecognized","May be used to represent additional information that is not part of the basic definition of the element and that modifies the understanding of the element in which it is contained and/or the understanding of the containing element's descendants. Usually modifier elements provide negation or qualification. To make the use of extensions safe and manageable, there is a strict set of governance applied to the definition and use of extensions. Though any implementer can define an extension, there is a set of requirements that SHALL be met as part of the definition of the extension. Applications processing a resource are required to check for modifier extensions.

Modifier extensions SHALL NOT change the meaning of any elements on Resource or DomainResource (including cannot change the meaning of modifierExtension itself).","There can be no stigma associated with the use of extensions by any application, project, or standard - regardless of the institution or jurisdiction that uses or defines the extensions.  The use of extensions is what allows the FHIR specification to retain a core level of simplicity for everyone.","Modifier extensions allow for extensions that *cannot* be safely ignored to be clearly distinguished from the vast majority of extensions which can be safely ignored.  This promotes interoperability by eliminating the need for implementers to prohibit the presence of extensions. For further information, see the [definition of modifier extensions](http://hl7.org/fhir/R4/extensibility.html#modifierExtension).","","","","","","","",,,,,"",,,,"BackboneElement.modifierExtension",0,*,"","ele-1:All FHIR elements must have a @value or children {hasValue() or (children().count() > id.count())}
ext-1:Must have either extensions or value[x], not both {extension.exists() != value.exists()}"
"MedicationOverview","Bundle.entry:Composition.request.method","Bundle.entry.request.method","","","",1,1,"","","Y","code {[]} {[]}
","GET | HEAD | POST | PUT | DELETE | PATCH","In a transaction or batch, this is the HTTP action to be executed for this entry. In a history bundle, this indicates the HTTP action that occurred.","","","","","","","","","",,"required","HTTP verbs (in the HTTP command line). See [HTTP rfc](https://tools.ietf.org/html/rfc7231) for details.","http://hl7.org/fhir/ValueSet/http-verb|4.0.1","",,,,"Bundle.entry.request.method",1,1,"","ele-1:All FHIR elements must have a @value or children {hasValue() or (children().count() > id.count())}
"
"MedicationOverview","Bundle.entry:Composition.request.url","Bundle.entry.request.url","","","",1,1,"","","Y","uri {[]} {[]}
","URL for HTTP equivalent of this entry","The URL for this entry, relative to the root (the address to which the request is posted).","E.g. for a Patient Create, the method would be ""POST"" and the URL would be ""Patient"". For a Patient Update, the method would be PUT and the URL would be ""Patient/[id]"".","","","","","","","","",,,,,"",,,,"Bundle.entry.request.url",1,1,"","ele-1:All FHIR elements must have a @value or children {hasValue() or (children().count() > id.count())}
"
"MedicationOverview","Bundle.entry:Composition.request.ifNoneMatch","Bundle.entry.request.ifNoneMatch","","","",0,1,"","","Y","string {[]} {[]}
","For managing cache currency","If the ETag values match, return a 304 Not Modified status. See the API documentation for [""Conditional Read""](http://hl7.org/fhir/R4/http.html#cread).","","","","","","","","","",,,,,"",,,,"Bundle.entry.request.ifNoneMatch",0,1,"","ele-1:All FHIR elements must have a @value or children {hasValue() or (children().count() > id.count())}
"
"MedicationOverview","Bundle.entry:Composition.request.ifModifiedSince","Bundle.entry.request.ifModifiedSince","","","",0,1,"","","Y","instant {[]} {[]}
","For managing cache currency","Only perform the operation if the last updated date matches. See the API documentation for [""Conditional Read""](http://hl7.org/fhir/R4/http.html#cread).","","","","","","","","","",,,,,"",,,,"Bundle.entry.request.ifModifiedSince",0,1,"","ele-1:All FHIR elements must have a @value or children {hasValue() or (children().count() > id.count())}
"
"MedicationOverview","Bundle.entry:Composition.request.ifMatch","Bundle.entry.request.ifMatch","","","",0,1,"","","Y","string {[]} {[]}
","For managing update contention","Only perform the operation if the Etag value matches. For more information, see the API section [""Managing Resource Contention""](http://hl7.org/fhir/R4/http.html#concurrency).","","","","","","","","","",,,,,"",,,,"Bundle.entry.request.ifMatch",0,1,"","ele-1:All FHIR elements must have a @value or children {hasValue() or (children().count() > id.count())}
"
"MedicationOverview","Bundle.entry:Composition.request.ifNoneExist","Bundle.entry.request.ifNoneExist","","","",0,1,"","","Y","string {[]} {[]}
","For conditional creates","Instruct the server not to perform the create if a specified resource already exists. For further information, see the API documentation for [""Conditional Create""](http://hl7.org/fhir/R4/http.html#ccreate). This is just the query portion of the URL - what follows the ""?"" (not including the ""?"").","","","","","","","","","",,,,,"",,,,"Bundle.entry.request.ifNoneExist",0,1,"","ele-1:All FHIR elements must have a @value or children {hasValue() or (children().count() > id.count())}
"
"MedicationOverview","Bundle.entry:Composition.response","Bundle.entry.response","","","",0,1,"","","Y","BackboneElement {[]} {[]}
","Results of execution (transaction/batch/history)","Indicates the results of processing the corresponding 'request' entry in the batch or transaction being responded to or what the results of an operation where when returning history.","","","","","","","","","",,,,,"",,,,"Bundle.entry.response",0,1,"bdl-4
","ele-1:All FHIR elements must have a @value or children {hasValue() or (children().count() > id.count())}
"
"MedicationOverview","Bundle.entry:Composition.response.id","Bundle.entry.response.id","","","",0,1,"","","","string {[]} {[]}
","Unique id for inter-element referencing","Unique id for the element within a resource (for internal references). This may be any string value that does not contain spaces.","","","","","","","","","",,,,,"",,,,"Element.id",0,1,"",""
"MedicationOverview","Bundle.entry:Composition.response.extension","Bundle.entry.response.extension","","extensions
user content","",0,*,"","","","Extension {[]} {[]}
","Additional content defined by implementations","May be used to represent additional information that is not part of the basic definition of the element. To make the use of extensions safe and manageable, there is a strict set of governance  applied to the definition and use of extensions. Though any implementer can define an extension, there is a set of requirements that SHALL be met as part of the definition of the extension.","There can be no stigma associated with the use of extensions by any application, project, or standard - regardless of the institution or jurisdiction that uses or defines the extensions.  The use of extensions is what allows the FHIR specification to retain a core level of simplicity for everyone.","","","","","","","","",,,,,"",,,,"Element.extension",0,*,"","ele-1:All FHIR elements must have a @value or children {hasValue() or (children().count() > id.count())}
ext-1:Must have either extensions or value[x], not both {extension.exists() != value.exists()}"
"MedicationOverview","Bundle.entry:Composition.response.modifierExtension","Bundle.entry.response.modifierExtension","","extensions
user contentmodifiers","",0,*,"","Y","Y","Extension {[]} {[]}
","Extensions that cannot be ignored even if unrecognized","May be used to represent additional information that is not part of the basic definition of the element and that modifies the understanding of the element in which it is contained and/or the understanding of the containing element's descendants. Usually modifier elements provide negation or qualification. To make the use of extensions safe and manageable, there is a strict set of governance applied to the definition and use of extensions. Though any implementer can define an extension, there is a set of requirements that SHALL be met as part of the definition of the extension. Applications processing a resource are required to check for modifier extensions.

Modifier extensions SHALL NOT change the meaning of any elements on Resource or DomainResource (including cannot change the meaning of modifierExtension itself).","There can be no stigma associated with the use of extensions by any application, project, or standard - regardless of the institution or jurisdiction that uses or defines the extensions.  The use of extensions is what allows the FHIR specification to retain a core level of simplicity for everyone.","Modifier extensions allow for extensions that *cannot* be safely ignored to be clearly distinguished from the vast majority of extensions which can be safely ignored.  This promotes interoperability by eliminating the need for implementers to prohibit the presence of extensions. For further information, see the [definition of modifier extensions](http://hl7.org/fhir/R4/extensibility.html#modifierExtension).","","","","","","","",,,,,"",,,,"BackboneElement.modifierExtension",0,*,"","ele-1:All FHIR elements must have a @value or children {hasValue() or (children().count() > id.count())}
ext-1:Must have either extensions or value[x], not both {extension.exists() != value.exists()}"
"MedicationOverview","Bundle.entry:Composition.response.status","Bundle.entry.response.status","","","",1,1,"","","Y","string {[]} {[]}
","Status response code (text optional)","The status code returned by processing this entry. The status SHALL start with a 3 digit HTTP code (e.g. 404) and may contain the standard HTTP description associated with the status code.","","","","","","","","","",,,,,"",,,,"Bundle.entry.response.status",1,1,"","ele-1:All FHIR elements must have a @value or children {hasValue() or (children().count() > id.count())}
"
"MedicationOverview","Bundle.entry:Composition.response.location","Bundle.entry.response.location","","","",0,1,"","","Y","uri {[]} {[]}
","The location (if the operation returns a location)","The location header created by processing this operation, populated if the operation returns a location.","","","","","","","","","",,,,,"",,,,"Bundle.entry.response.location",0,1,"","ele-1:All FHIR elements must have a @value or children {hasValue() or (children().count() > id.count())}
"
"MedicationOverview","Bundle.entry:Composition.response.etag","Bundle.entry.response.etag","","","",0,1,"","","Y","string {[]} {[]}
","The Etag for the resource (if relevant)","The Etag for the resource, if the operation for the entry produced a versioned resource (see [Resource Metadata and Versioning](http://hl7.org/fhir/R4/http.html#versioning) and [Managing Resource Contention](http://hl7.org/fhir/R4/http.html#concurrency)).","Etags match the Resource.meta.versionId. The ETag has to match the version id in the header if a resource is included.","","","","","","","","",,,,,"",,,,"Bundle.entry.response.etag",0,1,"","ele-1:All FHIR elements must have a @value or children {hasValue() or (children().count() > id.count())}
"
"MedicationOverview","Bundle.entry:Composition.response.lastModified","Bundle.entry.response.lastModified","","","",0,1,"","","Y","instant {[]} {[]}
","Server's date time modified","The date/time that the resource was modified on the server.","This has to match the same time in the meta header (meta.lastUpdated) if a resource is included.","","","","","","","","",,,,,"",,,,"Bundle.entry.response.lastModified",0,1,"","ele-1:All FHIR elements must have a @value or children {hasValue() or (children().count() > id.count())}
"
"MedicationOverview","Bundle.entry:Composition.response.outcome","Bundle.entry.response.outcome","","","",0,1,"","","Y","Resource {[]} {[]}
","OperationOutcome with hints and warnings (for batch/transaction)","An OperationOutcome containing hints and warnings produced as part of processing this entry in a batch or transaction.","For a POST/PUT operation, this is the equivalent outcome that would be returned for prefer = operationoutcome - except that the resource is always returned whether or not the outcome is returned.

This outcome is not used for error responses in batch/transaction, only for hints and warnings. In a batch operation, the error will be in Bundle.entry.response, and for transaction, there will be a single OperationOutcome instead of a bundle in the case of an error.","","","","","","","","",,,,,"",,,,"Bundle.entry.response.outcome",0,1,"",""
"MedicationOverview","Bundle.entry:Patient","Bundle.entry","Patient","","",1,1,"","","Y","BackboneElement {[]} {[]}
","Patient for whom the record is concerned","An entry in a bundle resource - will either contain a resource or information about a resource (transactions and history only).","","","","","","","","","",,,,,"",,,,"Bundle.entry",0,*,"","bdl-5:must be a resource unless there's a request or response {resource.exists() or request.exists() or response.exists()}
bdl-8:fullUrl cannot be a version specific reference {fullUrl.contains('/_history/').not()}ele-1:All FHIR elements must have a @value or children {hasValue() or (children().count() > id.count())}"
"MedicationOverview","Bundle.entry:Patient.id","Bundle.entry.id","","","",0,1,"","","","string {[]} {[]}
","Unique id for inter-element referencing","Unique id for the element within a resource (for internal references). This may be any string value that does not contain spaces.","","","","","","","","","",,,,,"",,,,"Element.id",0,1,"",""
"MedicationOverview","Bundle.entry:Patient.extension","Bundle.entry.extension","","extensions
user content","",0,*,"","","","Extension {[]} {[]}
","Additional content defined by implementations","May be used to represent additional information that is not part of the basic definition of the element. To make the use of extensions safe and manageable, there is a strict set of governance  applied to the definition and use of extensions. Though any implementer can define an extension, there is a set of requirements that SHALL be met as part of the definition of the extension.","There can be no stigma associated with the use of extensions by any application, project, or standard - regardless of the institution or jurisdiction that uses or defines the extensions.  The use of extensions is what allows the FHIR specification to retain a core level of simplicity for everyone.","","","","","","","","",,,,,"",,,,"Element.extension",0,*,"","ele-1:All FHIR elements must have a @value or children {hasValue() or (children().count() > id.count())}
ext-1:Must have either extensions or value[x], not both {extension.exists() != value.exists()}"
"MedicationOverview","Bundle.entry:Patient.modifierExtension","Bundle.entry.modifierExtension","","extensions
user contentmodifiers","",0,*,"","Y","Y","Extension {[]} {[]}
","Extensions that cannot be ignored even if unrecognized","May be used to represent additional information that is not part of the basic definition of the element and that modifies the understanding of the element in which it is contained and/or the understanding of the containing element's descendants. Usually modifier elements provide negation or qualification. To make the use of extensions safe and manageable, there is a strict set of governance applied to the definition and use of extensions. Though any implementer can define an extension, there is a set of requirements that SHALL be met as part of the definition of the extension. Applications processing a resource are required to check for modifier extensions.

Modifier extensions SHALL NOT change the meaning of any elements on Resource or DomainResource (including cannot change the meaning of modifierExtension itself).","There can be no stigma associated with the use of extensions by any application, project, or standard - regardless of the institution or jurisdiction that uses or defines the extensions.  The use of extensions is what allows the FHIR specification to retain a core level of simplicity for everyone.","Modifier extensions allow for extensions that *cannot* be safely ignored to be clearly distinguished from the vast majority of extensions which can be safely ignored.  This promotes interoperability by eliminating the need for implementers to prohibit the presence of extensions. For further information, see the [definition of modifier extensions](http://hl7.org/fhir/R4/extensibility.html#modifierExtension).","","","","","","","",,,,,"",,,,"BackboneElement.modifierExtension",0,*,"","ele-1:All FHIR elements must have a @value or children {hasValue() or (children().count() > id.count())}
ext-1:Must have either extensions or value[x], not both {extension.exists() != value.exists()}"
"MedicationOverview","Bundle.entry:Patient.link","Bundle.entry.link","","","",0,*,"","","Y","null {[]} {[]}
","Links related to this entry","A series of links that provide context to this entry.","","","","","","","","","",,,,,"",,,,"Bundle.entry.link",0,*,"","ele-1:All FHIR elements must have a @value or children {hasValue() or (children().count() > id.count())}
"
"MedicationOverview","Bundle.entry:Patient.fullUrl","Bundle.entry.fullUrl","","","",0,1,"","","Y","uri {[]} {[]}
","URI for resource (Absolute URL server address or URI for UUID/OID)","The Absolute URL for the resource.  The fullUrl SHALL NOT disagree with the id in the resource - i.e. if the fullUrl is not a urn:uuid, the URL shall be version-independent URL consistent with the Resource.id. The fullUrl is a version independent reference to the resource. The fullUrl element SHALL have a value except that: 
* fullUrl can be empty on a POST (although it does not need to when specifying a temporary id for reference in the bundle)
* Results from operations might involve resources that are not identified.","fullUrl might not be [unique in the context of a resource](http://hl7.org/fhir/R4/bundle.html#bundle-unique). Note that since [FHIR resources do not need to be served through the FHIR API](http://hl7.org/fhir/R4/references.html), the fullURL might be a URN or an absolute URL that does not end with the logical id of the resource (Resource.id). However, but if the fullUrl does look like a RESTful server URL (e.g. meets the [regex](http://hl7.org/fhir/R4/references.html#regex), then the 'id' portion of the fullUrl SHALL end with the Resource.id.

Note that the fullUrl is not the same as the canonical URL - it's an absolute url for an endpoint serving the resource (these will happen to have the same value on the canonical server for the resource with the canonical URL).","","","","","","","","",,,,,"",,,,"Bundle.entry.fullUrl",0,1,"","ele-1:All FHIR elements must have a @value or children {hasValue() or (children().count() > id.count())}
"
"MedicationOverview","Bundle.entry:Patient.resource","Bundle.entry.resource","","","",1,1,"Y","","Y","Patient {[]} {[]}
","A resource in the bundle","The Resource for the entry. The purpose/meaning of the resource is determined by the Bundle.type.","","","","","","","","","",,,,,"",,,,"Bundle.entry.resource",0,1,"",""
"MedicationOverview","Bundle.entry:Patient.search","Bundle.entry.search","","","",0,1,"","","Y","BackboneElement {[]} {[]}
","Search related information","Information about the search process that lead to the creation of this entry.","","","","","","","","","",,,,,"",,,,"Bundle.entry.search",0,1,"bdl-2
","ele-1:All FHIR elements must have a @value or children {hasValue() or (children().count() > id.count())}
"
"MedicationOverview","Bundle.entry:Patient.search.id","Bundle.entry.search.id","","","",0,1,"","","","string {[]} {[]}
","Unique id for inter-element referencing","Unique id for the element within a resource (for internal references). This may be any string value that does not contain spaces.","","","","","","","","","",,,,,"",,,,"Element.id",0,1,"",""
"MedicationOverview","Bundle.entry:Patient.search.extension","Bundle.entry.search.extension","","extensions
user content","",0,*,"","","","Extension {[]} {[]}
","Additional content defined by implementations","May be used to represent additional information that is not part of the basic definition of the element. To make the use of extensions safe and manageable, there is a strict set of governance  applied to the definition and use of extensions. Though any implementer can define an extension, there is a set of requirements that SHALL be met as part of the definition of the extension.","There can be no stigma associated with the use of extensions by any application, project, or standard - regardless of the institution or jurisdiction that uses or defines the extensions.  The use of extensions is what allows the FHIR specification to retain a core level of simplicity for everyone.","","","","","","","","",,,,,"",,,,"Element.extension",0,*,"","ele-1:All FHIR elements must have a @value or children {hasValue() or (children().count() > id.count())}
ext-1:Must have either extensions or value[x], not both {extension.exists() != value.exists()}"
"MedicationOverview","Bundle.entry:Patient.search.modifierExtension","Bundle.entry.search.modifierExtension","","extensions
user contentmodifiers","",0,*,"","Y","Y","Extension {[]} {[]}
","Extensions that cannot be ignored even if unrecognized","May be used to represent additional information that is not part of the basic definition of the element and that modifies the understanding of the element in which it is contained and/or the understanding of the containing element's descendants. Usually modifier elements provide negation or qualification. To make the use of extensions safe and manageable, there is a strict set of governance applied to the definition and use of extensions. Though any implementer can define an extension, there is a set of requirements that SHALL be met as part of the definition of the extension. Applications processing a resource are required to check for modifier extensions.

Modifier extensions SHALL NOT change the meaning of any elements on Resource or DomainResource (including cannot change the meaning of modifierExtension itself).","There can be no stigma associated with the use of extensions by any application, project, or standard - regardless of the institution or jurisdiction that uses or defines the extensions.  The use of extensions is what allows the FHIR specification to retain a core level of simplicity for everyone.","Modifier extensions allow for extensions that *cannot* be safely ignored to be clearly distinguished from the vast majority of extensions which can be safely ignored.  This promotes interoperability by eliminating the need for implementers to prohibit the presence of extensions. For further information, see the [definition of modifier extensions](http://hl7.org/fhir/R4/extensibility.html#modifierExtension).","","","","","","","",,,,,"",,,,"BackboneElement.modifierExtension",0,*,"","ele-1:All FHIR elements must have a @value or children {hasValue() or (children().count() > id.count())}
ext-1:Must have either extensions or value[x], not both {extension.exists() != value.exists()}"
"MedicationOverview","Bundle.entry:Patient.search.mode","Bundle.entry.search.mode","","","",0,1,"","","Y","code {[]} {[]}
","match | include | outcome - why this is in the result set","Why this entry is in the result set - whether it's included as a match or because of an _include requirement, or to convey information or warning information about the search process.","There is only one mode. In some corner cases, a resource may be included because it is both a match and an include. In these circumstances, 'match' takes precedence.","","","","","","","","",,"required","Why an entry is in the result set - whether it's included as a match or because of an _include requirement, or to convey information or warning information about the search process.","http://hl7.org/fhir/ValueSet/search-entry-mode|4.0.1","",,,,"Bundle.entry.search.mode",0,1,"","ele-1:All FHIR elements must have a @value or children {hasValue() or (children().count() > id.count())}
"
"MedicationOverview","Bundle.entry:Patient.search.score","Bundle.entry.search.score","","","",0,1,"","","Y","decimal {[]} {[]}
","Search ranking (between 0 and 1)","When searching, the server's search ranking score for the entry.","Servers are not required to return a ranking score. 1 is most relevant, and 0 is least relevant. Often, search results are sorted by score, but the client may specify a different sort order.

See [Patient Match](http://hl7.org/fhir/R4/patient-operation-match.html) for the EMPI search which relates to this element.","","","","","","","","",,,,,"",,,,"Bundle.entry.search.score",0,1,"","ele-1:All FHIR elements must have a @value or children {hasValue() or (children().count() > id.count())}
"
"MedicationOverview","Bundle.entry:Patient.request","Bundle.entry.request","","","",0,1,"","","Y","BackboneElement {[]} {[]}
","Additional execution information (transaction/batch/history)","Additional information about how this entry should be processed as part of a transaction or batch.  For history, it shows how the entry was processed to create the version contained in the entry.","","","","","","","","","",,,,,"",,,,"Bundle.entry.request",0,1,"bdl-3
","ele-1:All FHIR elements must have a @value or children {hasValue() or (children().count() > id.count())}
"
"MedicationOverview","Bundle.entry:Patient.request.id","Bundle.entry.request.id","","","",0,1,"","","","string {[]} {[]}
","Unique id for inter-element referencing","Unique id for the element within a resource (for internal references). This may be any string value that does not contain spaces.","","","","","","","","","",,,,,"",,,,"Element.id",0,1,"",""
"MedicationOverview","Bundle.entry:Patient.request.extension","Bundle.entry.request.extension","","extensions
user content","",0,*,"","","","Extension {[]} {[]}
","Additional content defined by implementations","May be used to represent additional information that is not part of the basic definition of the element. To make the use of extensions safe and manageable, there is a strict set of governance  applied to the definition and use of extensions. Though any implementer can define an extension, there is a set of requirements that SHALL be met as part of the definition of the extension.","There can be no stigma associated with the use of extensions by any application, project, or standard - regardless of the institution or jurisdiction that uses or defines the extensions.  The use of extensions is what allows the FHIR specification to retain a core level of simplicity for everyone.","","","","","","","","",,,,,"",,,,"Element.extension",0,*,"","ele-1:All FHIR elements must have a @value or children {hasValue() or (children().count() > id.count())}
ext-1:Must have either extensions or value[x], not both {extension.exists() != value.exists()}"
"MedicationOverview","Bundle.entry:Patient.request.modifierExtension","Bundle.entry.request.modifierExtension","","extensions
user contentmodifiers","",0,*,"","Y","Y","Extension {[]} {[]}
","Extensions that cannot be ignored even if unrecognized","May be used to represent additional information that is not part of the basic definition of the element and that modifies the understanding of the element in which it is contained and/or the understanding of the containing element's descendants. Usually modifier elements provide negation or qualification. To make the use of extensions safe and manageable, there is a strict set of governance applied to the definition and use of extensions. Though any implementer can define an extension, there is a set of requirements that SHALL be met as part of the definition of the extension. Applications processing a resource are required to check for modifier extensions.

Modifier extensions SHALL NOT change the meaning of any elements on Resource or DomainResource (including cannot change the meaning of modifierExtension itself).","There can be no stigma associated with the use of extensions by any application, project, or standard - regardless of the institution or jurisdiction that uses or defines the extensions.  The use of extensions is what allows the FHIR specification to retain a core level of simplicity for everyone.","Modifier extensions allow for extensions that *cannot* be safely ignored to be clearly distinguished from the vast majority of extensions which can be safely ignored.  This promotes interoperability by eliminating the need for implementers to prohibit the presence of extensions. For further information, see the [definition of modifier extensions](http://hl7.org/fhir/R4/extensibility.html#modifierExtension).","","","","","","","",,,,,"",,,,"BackboneElement.modifierExtension",0,*,"","ele-1:All FHIR elements must have a @value or children {hasValue() or (children().count() > id.count())}
ext-1:Must have either extensions or value[x], not both {extension.exists() != value.exists()}"
"MedicationOverview","Bundle.entry:Patient.request.method","Bundle.entry.request.method","","","",1,1,"","","Y","code {[]} {[]}
","GET | HEAD | POST | PUT | DELETE | PATCH","In a transaction or batch, this is the HTTP action to be executed for this entry. In a history bundle, this indicates the HTTP action that occurred.","","","","","","","","","",,"required","HTTP verbs (in the HTTP command line). See [HTTP rfc](https://tools.ietf.org/html/rfc7231) for details.","http://hl7.org/fhir/ValueSet/http-verb|4.0.1","",,,,"Bundle.entry.request.method",1,1,"","ele-1:All FHIR elements must have a @value or children {hasValue() or (children().count() > id.count())}
"
"MedicationOverview","Bundle.entry:Patient.request.url","Bundle.entry.request.url","","","",1,1,"","","Y","uri {[]} {[]}
","URL for HTTP equivalent of this entry","The URL for this entry, relative to the root (the address to which the request is posted).","E.g. for a Patient Create, the method would be ""POST"" and the URL would be ""Patient"". For a Patient Update, the method would be PUT and the URL would be ""Patient/[id]"".","","","","","","","","",,,,,"",,,,"Bundle.entry.request.url",1,1,"","ele-1:All FHIR elements must have a @value or children {hasValue() or (children().count() > id.count())}
"
"MedicationOverview","Bundle.entry:Patient.request.ifNoneMatch","Bundle.entry.request.ifNoneMatch","","","",0,1,"","","Y","string {[]} {[]}
","For managing cache currency","If the ETag values match, return a 304 Not Modified status. See the API documentation for [""Conditional Read""](http://hl7.org/fhir/R4/http.html#cread).","","","","","","","","","",,,,,"",,,,"Bundle.entry.request.ifNoneMatch",0,1,"","ele-1:All FHIR elements must have a @value or children {hasValue() or (children().count() > id.count())}
"
"MedicationOverview","Bundle.entry:Patient.request.ifModifiedSince","Bundle.entry.request.ifModifiedSince","","","",0,1,"","","Y","instant {[]} {[]}
","For managing cache currency","Only perform the operation if the last updated date matches. See the API documentation for [""Conditional Read""](http://hl7.org/fhir/R4/http.html#cread).","","","","","","","","","",,,,,"",,,,"Bundle.entry.request.ifModifiedSince",0,1,"","ele-1:All FHIR elements must have a @value or children {hasValue() or (children().count() > id.count())}
"
"MedicationOverview","Bundle.entry:Patient.request.ifMatch","Bundle.entry.request.ifMatch","","","",0,1,"","","Y","string {[]} {[]}
","For managing update contention","Only perform the operation if the Etag value matches. For more information, see the API section [""Managing Resource Contention""](http://hl7.org/fhir/R4/http.html#concurrency).","","","","","","","","","",,,,,"",,,,"Bundle.entry.request.ifMatch",0,1,"","ele-1:All FHIR elements must have a @value or children {hasValue() or (children().count() > id.count())}
"
"MedicationOverview","Bundle.entry:Patient.request.ifNoneExist","Bundle.entry.request.ifNoneExist","","","",0,1,"","","Y","string {[]} {[]}
","For conditional creates","Instruct the server not to perform the create if a specified resource already exists. For further information, see the API documentation for [""Conditional Create""](http://hl7.org/fhir/R4/http.html#ccreate). This is just the query portion of the URL - what follows the ""?"" (not including the ""?"").","","","","","","","","","",,,,,"",,,,"Bundle.entry.request.ifNoneExist",0,1,"","ele-1:All FHIR elements must have a @value or children {hasValue() or (children().count() > id.count())}
"
"MedicationOverview","Bundle.entry:Patient.response","Bundle.entry.response","","","",0,1,"","","Y","BackboneElement {[]} {[]}
","Results of execution (transaction/batch/history)","Indicates the results of processing the corresponding 'request' entry in the batch or transaction being responded to or what the results of an operation where when returning history.","","","","","","","","","",,,,,"",,,,"Bundle.entry.response",0,1,"bdl-4
","ele-1:All FHIR elements must have a @value or children {hasValue() or (children().count() > id.count())}
"
"MedicationOverview","Bundle.entry:Patient.response.id","Bundle.entry.response.id","","","",0,1,"","","","string {[]} {[]}
","Unique id for inter-element referencing","Unique id for the element within a resource (for internal references). This may be any string value that does not contain spaces.","","","","","","","","","",,,,,"",,,,"Element.id",0,1,"",""
"MedicationOverview","Bundle.entry:Patient.response.extension","Bundle.entry.response.extension","","extensions
user content","",0,*,"","","","Extension {[]} {[]}
","Additional content defined by implementations","May be used to represent additional information that is not part of the basic definition of the element. To make the use of extensions safe and manageable, there is a strict set of governance  applied to the definition and use of extensions. Though any implementer can define an extension, there is a set of requirements that SHALL be met as part of the definition of the extension.","There can be no stigma associated with the use of extensions by any application, project, or standard - regardless of the institution or jurisdiction that uses or defines the extensions.  The use of extensions is what allows the FHIR specification to retain a core level of simplicity for everyone.","","","","","","","","",,,,,"",,,,"Element.extension",0,*,"","ele-1:All FHIR elements must have a @value or children {hasValue() or (children().count() > id.count())}
ext-1:Must have either extensions or value[x], not both {extension.exists() != value.exists()}"
"MedicationOverview","Bundle.entry:Patient.response.modifierExtension","Bundle.entry.response.modifierExtension","","extensions
user contentmodifiers","",0,*,"","Y","Y","Extension {[]} {[]}
","Extensions that cannot be ignored even if unrecognized","May be used to represent additional information that is not part of the basic definition of the element and that modifies the understanding of the element in which it is contained and/or the understanding of the containing element's descendants. Usually modifier elements provide negation or qualification. To make the use of extensions safe and manageable, there is a strict set of governance applied to the definition and use of extensions. Though any implementer can define an extension, there is a set of requirements that SHALL be met as part of the definition of the extension. Applications processing a resource are required to check for modifier extensions.

Modifier extensions SHALL NOT change the meaning of any elements on Resource or DomainResource (including cannot change the meaning of modifierExtension itself).","There can be no stigma associated with the use of extensions by any application, project, or standard - regardless of the institution or jurisdiction that uses or defines the extensions.  The use of extensions is what allows the FHIR specification to retain a core level of simplicity for everyone.","Modifier extensions allow for extensions that *cannot* be safely ignored to be clearly distinguished from the vast majority of extensions which can be safely ignored.  This promotes interoperability by eliminating the need for implementers to prohibit the presence of extensions. For further information, see the [definition of modifier extensions](http://hl7.org/fhir/R4/extensibility.html#modifierExtension).","","","","","","","",,,,,"",,,,"BackboneElement.modifierExtension",0,*,"","ele-1:All FHIR elements must have a @value or children {hasValue() or (children().count() > id.count())}
ext-1:Must have either extensions or value[x], not both {extension.exists() != value.exists()}"
"MedicationOverview","Bundle.entry:Patient.response.status","Bundle.entry.response.status","","","",1,1,"","","Y","string {[]} {[]}
","Status response code (text optional)","The status code returned by processing this entry. The status SHALL start with a 3 digit HTTP code (e.g. 404) and may contain the standard HTTP description associated with the status code.","","","","","","","","","",,,,,"",,,,"Bundle.entry.response.status",1,1,"","ele-1:All FHIR elements must have a @value or children {hasValue() or (children().count() > id.count())}
"
"MedicationOverview","Bundle.entry:Patient.response.location","Bundle.entry.response.location","","","",0,1,"","","Y","uri {[]} {[]}
","The location (if the operation returns a location)","The location header created by processing this operation, populated if the operation returns a location.","","","","","","","","","",,,,,"",,,,"Bundle.entry.response.location",0,1,"","ele-1:All FHIR elements must have a @value or children {hasValue() or (children().count() > id.count())}
"
"MedicationOverview","Bundle.entry:Patient.response.etag","Bundle.entry.response.etag","","","",0,1,"","","Y","string {[]} {[]}
","The Etag for the resource (if relevant)","The Etag for the resource, if the operation for the entry produced a versioned resource (see [Resource Metadata and Versioning](http://hl7.org/fhir/R4/http.html#versioning) and [Managing Resource Contention](http://hl7.org/fhir/R4/http.html#concurrency)).","Etags match the Resource.meta.versionId. The ETag has to match the version id in the header if a resource is included.","","","","","","","","",,,,,"",,,,"Bundle.entry.response.etag",0,1,"","ele-1:All FHIR elements must have a @value or children {hasValue() or (children().count() > id.count())}
"
"MedicationOverview","Bundle.entry:Patient.response.lastModified","Bundle.entry.response.lastModified","","","",0,1,"","","Y","instant {[]} {[]}
","Server's date time modified","The date/time that the resource was modified on the server.","This has to match the same time in the meta header (meta.lastUpdated) if a resource is included.","","","","","","","","",,,,,"",,,,"Bundle.entry.response.lastModified",0,1,"","ele-1:All FHIR elements must have a @value or children {hasValue() or (children().count() > id.count())}
"
"MedicationOverview","Bundle.entry:Patient.response.outcome","Bundle.entry.response.outcome","","","",0,1,"","","Y","Resource {[]} {[]}
","OperationOutcome with hints and warnings (for batch/transaction)","An OperationOutcome containing hints and warnings produced as part of processing this entry in a batch or transaction.","For a POST/PUT operation, this is the equivalent outcome that would be returned for prefer = operationoutcome - except that the resource is always returned whether or not the outcome is returned.

This outcome is not used for error responses in batch/transaction, only for hints and warnings. In a batch operation, the error will be in Bundle.entry.response, and for transaction, there will be a single OperationOutcome instead of a bundle in the case of an error.","","","","","","","","",,,,,"",,,,"Bundle.entry.response.outcome",0,1,"",""
"MedicationOverview","Bundle.entry:MedRecordTreatment","Bundle.entry","MedRecordTreatment","","",0,*,"","","Y","BackboneElement {[]} {[]}
","Treatments associated with the patient","An entry in a bundle resource - will either contain a resource or information about a resource (transactions and history only).","","","","","","","","","",,,,,"",,,,"Bundle.entry",0,*,"","bdl-5:must be a resource unless there's a request or response {resource.exists() or request.exists() or response.exists()}
bdl-8:fullUrl cannot be a version specific reference {fullUrl.contains('/_history/').not()}ele-1:All FHIR elements must have a @value or children {hasValue() or (children().count() > id.count())}"
"MedicationOverview","Bundle.entry:MedRecordTreatment.id","Bundle.entry.id","","","",0,1,"","","","string {[]} {[]}
","Unique id for inter-element referencing","Unique id for the element within a resource (for internal references). This may be any string value that does not contain spaces.","","","","","","","","","",,,,,"",,,,"Element.id",0,1,"",""
"MedicationOverview","Bundle.entry:MedRecordTreatment.extension","Bundle.entry.extension","","extensions
user content","",0,*,"","","","Extension {[]} {[]}
","Additional content defined by implementations","May be used to represent additional information that is not part of the basic definition of the element. To make the use of extensions safe and manageable, there is a strict set of governance  applied to the definition and use of extensions. Though any implementer can define an extension, there is a set of requirements that SHALL be met as part of the definition of the extension.","There can be no stigma associated with the use of extensions by any application, project, or standard - regardless of the institution or jurisdiction that uses or defines the extensions.  The use of extensions is what allows the FHIR specification to retain a core level of simplicity for everyone.","","","","","","","","",,,,,"",,,,"Element.extension",0,*,"","ele-1:All FHIR elements must have a @value or children {hasValue() or (children().count() > id.count())}
ext-1:Must have either extensions or value[x], not both {extension.exists() != value.exists()}"
"MedicationOverview","Bundle.entry:MedRecordTreatment.modifierExtension","Bundle.entry.modifierExtension","","extensions
user contentmodifiers","",0,*,"","Y","Y","Extension {[]} {[]}
","Extensions that cannot be ignored even if unrecognized","May be used to represent additional information that is not part of the basic definition of the element and that modifies the understanding of the element in which it is contained and/or the understanding of the containing element's descendants. Usually modifier elements provide negation or qualification. To make the use of extensions safe and manageable, there is a strict set of governance applied to the definition and use of extensions. Though any implementer can define an extension, there is a set of requirements that SHALL be met as part of the definition of the extension. Applications processing a resource are required to check for modifier extensions.

Modifier extensions SHALL NOT change the meaning of any elements on Resource or DomainResource (including cannot change the meaning of modifierExtension itself).","There can be no stigma associated with the use of extensions by any application, project, or standard - regardless of the institution or jurisdiction that uses or defines the extensions.  The use of extensions is what allows the FHIR specification to retain a core level of simplicity for everyone.","Modifier extensions allow for extensions that *cannot* be safely ignored to be clearly distinguished from the vast majority of extensions which can be safely ignored.  This promotes interoperability by eliminating the need for implementers to prohibit the presence of extensions. For further information, see the [definition of modifier extensions](http://hl7.org/fhir/R4/extensibility.html#modifierExtension).","","","","","","","",,,,,"",,,,"BackboneElement.modifierExtension",0,*,"","ele-1:All FHIR elements must have a @value or children {hasValue() or (children().count() > id.count())}
ext-1:Must have either extensions or value[x], not both {extension.exists() != value.exists()}"
"MedicationOverview","Bundle.entry:MedRecordTreatment.link","Bundle.entry.link","","","",0,*,"","","Y","null {[]} {[]}
","Links related to this entry","A series of links that provide context to this entry.","","","","","","","","","",,,,,"",,,,"Bundle.entry.link",0,*,"","ele-1:All FHIR elements must have a @value or children {hasValue() or (children().count() > id.count())}
"
"MedicationOverview","Bundle.entry:MedRecordTreatment.fullUrl","Bundle.entry.fullUrl","","","",0,1,"","","Y","uri {[]} {[]}
","URI for resource (Absolute URL server address or URI for UUID/OID)","The Absolute URL for the resource.  The fullUrl SHALL NOT disagree with the id in the resource - i.e. if the fullUrl is not a urn:uuid, the URL shall be version-independent URL consistent with the Resource.id. The fullUrl is a version independent reference to the resource. The fullUrl element SHALL have a value except that: 
* fullUrl can be empty on a POST (although it does not need to when specifying a temporary id for reference in the bundle)
* Results from operations might involve resources that are not identified.","fullUrl might not be [unique in the context of a resource](http://hl7.org/fhir/R4/bundle.html#bundle-unique). Note that since [FHIR resources do not need to be served through the FHIR API](http://hl7.org/fhir/R4/references.html), the fullURL might be a URN or an absolute URL that does not end with the logical id of the resource (Resource.id). However, but if the fullUrl does look like a RESTful server URL (e.g. meets the [regex](http://hl7.org/fhir/R4/references.html#regex), then the 'id' portion of the fullUrl SHALL end with the Resource.id.

Note that the fullUrl is not the same as the canonical URL - it's an absolute url for an endpoint serving the resource (these will happen to have the same value on the canonical server for the resource with the canonical URL).","","","","","","","","",,,,,"",,,,"Bundle.entry.fullUrl",0,1,"","ele-1:All FHIR elements must have a @value or children {hasValue() or (children().count() > id.count())}
"
"MedicationOverview","Bundle.entry:MedRecordTreatment.resource","Bundle.entry.resource","","Care Team
","",1,1,"Y","","","CarePlan {[CanonicalType[https://profiles.ihe.net/PHARM/MEOW/StructureDefinition/MedicationTreatment]]} {[]}
","Healthcare plan for patient or group","Describes the intention of how one or more practitioners intend to deliver care for a particular patient, group or community for a period of time, possibly limited to care for a specific condition or set of conditions.","","","","","","","","","",,,,,"",,,,"Bundle.entry.resource",0,1,"",""
"MedicationOverview","Bundle.entry:MedRecordTreatment.search","Bundle.entry.search","","","",0,1,"","","Y","BackboneElement {[]} {[]}
","Search related information","Information about the search process that lead to the creation of this entry.","","","","","","","","","",,,,,"",,,,"Bundle.entry.search",0,1,"bdl-2
","ele-1:All FHIR elements must have a @value or children {hasValue() or (children().count() > id.count())}
"
"MedicationOverview","Bundle.entry:MedRecordTreatment.search.id","Bundle.entry.search.id","","","",0,1,"","","","string {[]} {[]}
","Unique id for inter-element referencing","Unique id for the element within a resource (for internal references). This may be any string value that does not contain spaces.","","","","","","","","","",,,,,"",,,,"Element.id",0,1,"",""
"MedicationOverview","Bundle.entry:MedRecordTreatment.search.extension","Bundle.entry.search.extension","","extensions
user content","",0,*,"","","","Extension {[]} {[]}
","Additional content defined by implementations","May be used to represent additional information that is not part of the basic definition of the element. To make the use of extensions safe and manageable, there is a strict set of governance  applied to the definition and use of extensions. Though any implementer can define an extension, there is a set of requirements that SHALL be met as part of the definition of the extension.","There can be no stigma associated with the use of extensions by any application, project, or standard - regardless of the institution or jurisdiction that uses or defines the extensions.  The use of extensions is what allows the FHIR specification to retain a core level of simplicity for everyone.","","","","","","","","",,,,,"",,,,"Element.extension",0,*,"","ele-1:All FHIR elements must have a @value or children {hasValue() or (children().count() > id.count())}
ext-1:Must have either extensions or value[x], not both {extension.exists() != value.exists()}"
"MedicationOverview","Bundle.entry:MedRecordTreatment.search.modifierExtension","Bundle.entry.search.modifierExtension","","extensions
user contentmodifiers","",0,*,"","Y","Y","Extension {[]} {[]}
","Extensions that cannot be ignored even if unrecognized","May be used to represent additional information that is not part of the basic definition of the element and that modifies the understanding of the element in which it is contained and/or the understanding of the containing element's descendants. Usually modifier elements provide negation or qualification. To make the use of extensions safe and manageable, there is a strict set of governance applied to the definition and use of extensions. Though any implementer can define an extension, there is a set of requirements that SHALL be met as part of the definition of the extension. Applications processing a resource are required to check for modifier extensions.

Modifier extensions SHALL NOT change the meaning of any elements on Resource or DomainResource (including cannot change the meaning of modifierExtension itself).","There can be no stigma associated with the use of extensions by any application, project, or standard - regardless of the institution or jurisdiction that uses or defines the extensions.  The use of extensions is what allows the FHIR specification to retain a core level of simplicity for everyone.","Modifier extensions allow for extensions that *cannot* be safely ignored to be clearly distinguished from the vast majority of extensions which can be safely ignored.  This promotes interoperability by eliminating the need for implementers to prohibit the presence of extensions. For further information, see the [definition of modifier extensions](http://hl7.org/fhir/R4/extensibility.html#modifierExtension).","","","","","","","",,,,,"",,,,"BackboneElement.modifierExtension",0,*,"","ele-1:All FHIR elements must have a @value or children {hasValue() or (children().count() > id.count())}
ext-1:Must have either extensions or value[x], not both {extension.exists() != value.exists()}"
"MedicationOverview","Bundle.entry:MedRecordTreatment.search.mode","Bundle.entry.search.mode","","","",0,1,"","","Y","code {[]} {[]}
","match | include | outcome - why this is in the result set","Why this entry is in the result set - whether it's included as a match or because of an _include requirement, or to convey information or warning information about the search process.","There is only one mode. In some corner cases, a resource may be included because it is both a match and an include. In these circumstances, 'match' takes precedence.","","","","","","","","",,"required","Why an entry is in the result set - whether it's included as a match or because of an _include requirement, or to convey information or warning information about the search process.","http://hl7.org/fhir/ValueSet/search-entry-mode|4.0.1","",,,,"Bundle.entry.search.mode",0,1,"","ele-1:All FHIR elements must have a @value or children {hasValue() or (children().count() > id.count())}
"
"MedicationOverview","Bundle.entry:MedRecordTreatment.search.score","Bundle.entry.search.score","","","",0,1,"","","Y","decimal {[]} {[]}
","Search ranking (between 0 and 1)","When searching, the server's search ranking score for the entry.","Servers are not required to return a ranking score. 1 is most relevant, and 0 is least relevant. Often, search results are sorted by score, but the client may specify a different sort order.

See [Patient Match](http://hl7.org/fhir/R4/patient-operation-match.html) for the EMPI search which relates to this element.","","","","","","","","",,,,,"",,,,"Bundle.entry.search.score",0,1,"","ele-1:All FHIR elements must have a @value or children {hasValue() or (children().count() > id.count())}
"
"MedicationOverview","Bundle.entry:MedRecordTreatment.request","Bundle.entry.request","","","",0,1,"","","Y","BackboneElement {[]} {[]}
","Additional execution information (transaction/batch/history)","Additional information about how this entry should be processed as part of a transaction or batch.  For history, it shows how the entry was processed to create the version contained in the entry.","","","","","","","","","",,,,,"",,,,"Bundle.entry.request",0,1,"bdl-3
","ele-1:All FHIR elements must have a @value or children {hasValue() or (children().count() > id.count())}
"
"MedicationOverview","Bundle.entry:MedRecordTreatment.request.id","Bundle.entry.request.id","","","",0,1,"","","","string {[]} {[]}
","Unique id for inter-element referencing","Unique id for the element within a resource (for internal references). This may be any string value that does not contain spaces.","","","","","","","","","",,,,,"",,,,"Element.id",0,1,"",""
"MedicationOverview","Bundle.entry:MedRecordTreatment.request.extension","Bundle.entry.request.extension","","extensions
user content","",0,*,"","","","Extension {[]} {[]}
","Additional content defined by implementations","May be used to represent additional information that is not part of the basic definition of the element. To make the use of extensions safe and manageable, there is a strict set of governance  applied to the definition and use of extensions. Though any implementer can define an extension, there is a set of requirements that SHALL be met as part of the definition of the extension.","There can be no stigma associated with the use of extensions by any application, project, or standard - regardless of the institution or jurisdiction that uses or defines the extensions.  The use of extensions is what allows the FHIR specification to retain a core level of simplicity for everyone.","","","","","","","","",,,,,"",,,,"Element.extension",0,*,"","ele-1:All FHIR elements must have a @value or children {hasValue() or (children().count() > id.count())}
ext-1:Must have either extensions or value[x], not both {extension.exists() != value.exists()}"
"MedicationOverview","Bundle.entry:MedRecordTreatment.request.modifierExtension","Bundle.entry.request.modifierExtension","","extensions
user contentmodifiers","",0,*,"","Y","Y","Extension {[]} {[]}
","Extensions that cannot be ignored even if unrecognized","May be used to represent additional information that is not part of the basic definition of the element and that modifies the understanding of the element in which it is contained and/or the understanding of the containing element's descendants. Usually modifier elements provide negation or qualification. To make the use of extensions safe and manageable, there is a strict set of governance applied to the definition and use of extensions. Though any implementer can define an extension, there is a set of requirements that SHALL be met as part of the definition of the extension. Applications processing a resource are required to check for modifier extensions.

Modifier extensions SHALL NOT change the meaning of any elements on Resource or DomainResource (including cannot change the meaning of modifierExtension itself).","There can be no stigma associated with the use of extensions by any application, project, or standard - regardless of the institution or jurisdiction that uses or defines the extensions.  The use of extensions is what allows the FHIR specification to retain a core level of simplicity for everyone.","Modifier extensions allow for extensions that *cannot* be safely ignored to be clearly distinguished from the vast majority of extensions which can be safely ignored.  This promotes interoperability by eliminating the need for implementers to prohibit the presence of extensions. For further information, see the [definition of modifier extensions](http://hl7.org/fhir/R4/extensibility.html#modifierExtension).","","","","","","","",,,,,"",,,,"BackboneElement.modifierExtension",0,*,"","ele-1:All FHIR elements must have a @value or children {hasValue() or (children().count() > id.count())}
ext-1:Must have either extensions or value[x], not both {extension.exists() != value.exists()}"
"MedicationOverview","Bundle.entry:MedRecordTreatment.request.method","Bundle.entry.request.method","","","",1,1,"","","Y","code {[]} {[]}
","GET | HEAD | POST | PUT | DELETE | PATCH","In a transaction or batch, this is the HTTP action to be executed for this entry. In a history bundle, this indicates the HTTP action that occurred.","","","","","","","","","",,"required","HTTP verbs (in the HTTP command line). See [HTTP rfc](https://tools.ietf.org/html/rfc7231) for details.","http://hl7.org/fhir/ValueSet/http-verb|4.0.1","",,,,"Bundle.entry.request.method",1,1,"","ele-1:All FHIR elements must have a @value or children {hasValue() or (children().count() > id.count())}
"
"MedicationOverview","Bundle.entry:MedRecordTreatment.request.url","Bundle.entry.request.url","","","",1,1,"","","Y","uri {[]} {[]}
","URL for HTTP equivalent of this entry","The URL for this entry, relative to the root (the address to which the request is posted).","E.g. for a Patient Create, the method would be ""POST"" and the URL would be ""Patient"". For a Patient Update, the method would be PUT and the URL would be ""Patient/[id]"".","","","","","","","","",,,,,"",,,,"Bundle.entry.request.url",1,1,"","ele-1:All FHIR elements must have a @value or children {hasValue() or (children().count() > id.count())}
"
"MedicationOverview","Bundle.entry:MedRecordTreatment.request.ifNoneMatch","Bundle.entry.request.ifNoneMatch","","","",0,1,"","","Y","string {[]} {[]}
","For managing cache currency","If the ETag values match, return a 304 Not Modified status. See the API documentation for [""Conditional Read""](http://hl7.org/fhir/R4/http.html#cread).","","","","","","","","","",,,,,"",,,,"Bundle.entry.request.ifNoneMatch",0,1,"","ele-1:All FHIR elements must have a @value or children {hasValue() or (children().count() > id.count())}
"
"MedicationOverview","Bundle.entry:MedRecordTreatment.request.ifModifiedSince","Bundle.entry.request.ifModifiedSince","","","",0,1,"","","Y","instant {[]} {[]}
","For managing cache currency","Only perform the operation if the last updated date matches. See the API documentation for [""Conditional Read""](http://hl7.org/fhir/R4/http.html#cread).","","","","","","","","","",,,,,"",,,,"Bundle.entry.request.ifModifiedSince",0,1,"","ele-1:All FHIR elements must have a @value or children {hasValue() or (children().count() > id.count())}
"
"MedicationOverview","Bundle.entry:MedRecordTreatment.request.ifMatch","Bundle.entry.request.ifMatch","","","",0,1,"","","Y","string {[]} {[]}
","For managing update contention","Only perform the operation if the Etag value matches. For more information, see the API section [""Managing Resource Contention""](http://hl7.org/fhir/R4/http.html#concurrency).","","","","","","","","","",,,,,"",,,,"Bundle.entry.request.ifMatch",0,1,"","ele-1:All FHIR elements must have a @value or children {hasValue() or (children().count() > id.count())}
"
"MedicationOverview","Bundle.entry:MedRecordTreatment.request.ifNoneExist","Bundle.entry.request.ifNoneExist","","","",0,1,"","","Y","string {[]} {[]}
","For conditional creates","Instruct the server not to perform the create if a specified resource already exists. For further information, see the API documentation for [""Conditional Create""](http://hl7.org/fhir/R4/http.html#ccreate). This is just the query portion of the URL - what follows the ""?"" (not including the ""?"").","","","","","","","","","",,,,,"",,,,"Bundle.entry.request.ifNoneExist",0,1,"","ele-1:All FHIR elements must have a @value or children {hasValue() or (children().count() > id.count())}
"
"MedicationOverview","Bundle.entry:MedRecordTreatment.response","Bundle.entry.response","","","",0,1,"","","Y","BackboneElement {[]} {[]}
","Results of execution (transaction/batch/history)","Indicates the results of processing the corresponding 'request' entry in the batch or transaction being responded to or what the results of an operation where when returning history.","","","","","","","","","",,,,,"",,,,"Bundle.entry.response",0,1,"bdl-4
","ele-1:All FHIR elements must have a @value or children {hasValue() or (children().count() > id.count())}
"
"MedicationOverview","Bundle.entry:MedRecordTreatment.response.id","Bundle.entry.response.id","","","",0,1,"","","","string {[]} {[]}
","Unique id for inter-element referencing","Unique id for the element within a resource (for internal references). This may be any string value that does not contain spaces.","","","","","","","","","",,,,,"",,,,"Element.id",0,1,"",""
"MedicationOverview","Bundle.entry:MedRecordTreatment.response.extension","Bundle.entry.response.extension","","extensions
user content","",0,*,"","","","Extension {[]} {[]}
","Additional content defined by implementations","May be used to represent additional information that is not part of the basic definition of the element. To make the use of extensions safe and manageable, there is a strict set of governance  applied to the definition and use of extensions. Though any implementer can define an extension, there is a set of requirements that SHALL be met as part of the definition of the extension.","There can be no stigma associated with the use of extensions by any application, project, or standard - regardless of the institution or jurisdiction that uses or defines the extensions.  The use of extensions is what allows the FHIR specification to retain a core level of simplicity for everyone.","","","","","","","","",,,,,"",,,,"Element.extension",0,*,"","ele-1:All FHIR elements must have a @value or children {hasValue() or (children().count() > id.count())}
ext-1:Must have either extensions or value[x], not both {extension.exists() != value.exists()}"
"MedicationOverview","Bundle.entry:MedRecordTreatment.response.modifierExtension","Bundle.entry.response.modifierExtension","","extensions
user contentmodifiers","",0,*,"","Y","Y","Extension {[]} {[]}
","Extensions that cannot be ignored even if unrecognized","May be used to represent additional information that is not part of the basic definition of the element and that modifies the understanding of the element in which it is contained and/or the understanding of the containing element's descendants. Usually modifier elements provide negation or qualification. To make the use of extensions safe and manageable, there is a strict set of governance applied to the definition and use of extensions. Though any implementer can define an extension, there is a set of requirements that SHALL be met as part of the definition of the extension. Applications processing a resource are required to check for modifier extensions.

Modifier extensions SHALL NOT change the meaning of any elements on Resource or DomainResource (including cannot change the meaning of modifierExtension itself).","There can be no stigma associated with the use of extensions by any application, project, or standard - regardless of the institution or jurisdiction that uses or defines the extensions.  The use of extensions is what allows the FHIR specification to retain a core level of simplicity for everyone.","Modifier extensions allow for extensions that *cannot* be safely ignored to be clearly distinguished from the vast majority of extensions which can be safely ignored.  This promotes interoperability by eliminating the need for implementers to prohibit the presence of extensions. For further information, see the [definition of modifier extensions](http://hl7.org/fhir/R4/extensibility.html#modifierExtension).","","","","","","","",,,,,"",,,,"BackboneElement.modifierExtension",0,*,"","ele-1:All FHIR elements must have a @value or children {hasValue() or (children().count() > id.count())}
ext-1:Must have either extensions or value[x], not both {extension.exists() != value.exists()}"
"MedicationOverview","Bundle.entry:MedRecordTreatment.response.status","Bundle.entry.response.status","","","",1,1,"","","Y","string {[]} {[]}
","Status response code (text optional)","The status code returned by processing this entry. The status SHALL start with a 3 digit HTTP code (e.g. 404) and may contain the standard HTTP description associated with the status code.","","","","","","","","","",,,,,"",,,,"Bundle.entry.response.status",1,1,"","ele-1:All FHIR elements must have a @value or children {hasValue() or (children().count() > id.count())}
"
"MedicationOverview","Bundle.entry:MedRecordTreatment.response.location","Bundle.entry.response.location","","","",0,1,"","","Y","uri {[]} {[]}
","The location (if the operation returns a location)","The location header created by processing this operation, populated if the operation returns a location.","","","","","","","","","",,,,,"",,,,"Bundle.entry.response.location",0,1,"","ele-1:All FHIR elements must have a @value or children {hasValue() or (children().count() > id.count())}
"
"MedicationOverview","Bundle.entry:MedRecordTreatment.response.etag","Bundle.entry.response.etag","","","",0,1,"","","Y","string {[]} {[]}
","The Etag for the resource (if relevant)","The Etag for the resource, if the operation for the entry produced a versioned resource (see [Resource Metadata and Versioning](http://hl7.org/fhir/R4/http.html#versioning) and [Managing Resource Contention](http://hl7.org/fhir/R4/http.html#concurrency)).","Etags match the Resource.meta.versionId. The ETag has to match the version id in the header if a resource is included.","","","","","","","","",,,,,"",,,,"Bundle.entry.response.etag",0,1,"","ele-1:All FHIR elements must have a @value or children {hasValue() or (children().count() > id.count())}
"
"MedicationOverview","Bundle.entry:MedRecordTreatment.response.lastModified","Bundle.entry.response.lastModified","","","",0,1,"","","Y","instant {[]} {[]}
","Server's date time modified","The date/time that the resource was modified on the server.","This has to match the same time in the meta header (meta.lastUpdated) if a resource is included.","","","","","","","","",,,,,"",,,,"Bundle.entry.response.lastModified",0,1,"","ele-1:All FHIR elements must have a @value or children {hasValue() or (children().count() > id.count())}
"
"MedicationOverview","Bundle.entry:MedRecordTreatment.response.outcome","Bundle.entry.response.outcome","","","",0,1,"","","Y","Resource {[]} {[]}
","OperationOutcome with hints and warnings (for batch/transaction)","An OperationOutcome containing hints and warnings produced as part of processing this entry in a batch or transaction.","For a POST/PUT operation, this is the equivalent outcome that would be returned for prefer = operationoutcome - except that the resource is always returned whether or not the outcome is returned.

This outcome is not used for error responses in batch/transaction, only for hints and warnings. In a batch operation, the error will be in Bundle.entry.response, and for transaction, there will be a single OperationOutcome instead of a bundle in the case of an error.","","","","","","","","",,,,,"",,,,"Bundle.entry.response.outcome",0,1,"",""
"MedicationOverview","Bundle.entry:MedRecordTreatmentLine","Bundle.entry","MedRecordTreatmentLine","","",0,*,"","","Y","BackboneElement {[]} {[]}
","Treatment lines associated with the patient","An entry in a bundle resource - will either contain a resource or information about a resource (transactions and history only).","","","","","","","","","",,,,,"",,,,"Bundle.entry",0,*,"","bdl-5:must be a resource unless there's a request or response {resource.exists() or request.exists() or response.exists()}
bdl-8:fullUrl cannot be a version specific reference {fullUrl.contains('/_history/').not()}ele-1:All FHIR elements must have a @value or children {hasValue() or (children().count() > id.count())}"
"MedicationOverview","Bundle.entry:MedRecordTreatmentLine.id","Bundle.entry.id","","","",0,1,"","","","string {[]} {[]}
","Unique id for inter-element referencing","Unique id for the element within a resource (for internal references). This may be any string value that does not contain spaces.","","","","","","","","","",,,,,"",,,,"Element.id",0,1,"",""
"MedicationOverview","Bundle.entry:MedRecordTreatmentLine.extension","Bundle.entry.extension","","extensions
user content","",0,*,"","","","Extension {[]} {[]}
","Additional content defined by implementations","May be used to represent additional information that is not part of the basic definition of the element. To make the use of extensions safe and manageable, there is a strict set of governance  applied to the definition and use of extensions. Though any implementer can define an extension, there is a set of requirements that SHALL be met as part of the definition of the extension.","There can be no stigma associated with the use of extensions by any application, project, or standard - regardless of the institution or jurisdiction that uses or defines the extensions.  The use of extensions is what allows the FHIR specification to retain a core level of simplicity for everyone.","","","","","","","","",,,,,"",,,,"Element.extension",0,*,"","ele-1:All FHIR elements must have a @value or children {hasValue() or (children().count() > id.count())}
ext-1:Must have either extensions or value[x], not both {extension.exists() != value.exists()}"
"MedicationOverview","Bundle.entry:MedRecordTreatmentLine.modifierExtension","Bundle.entry.modifierExtension","","extensions
user contentmodifiers","",0,*,"","Y","Y","Extension {[]} {[]}
","Extensions that cannot be ignored even if unrecognized","May be used to represent additional information that is not part of the basic definition of the element and that modifies the understanding of the element in which it is contained and/or the understanding of the containing element's descendants. Usually modifier elements provide negation or qualification. To make the use of extensions safe and manageable, there is a strict set of governance applied to the definition and use of extensions. Though any implementer can define an extension, there is a set of requirements that SHALL be met as part of the definition of the extension. Applications processing a resource are required to check for modifier extensions.

Modifier extensions SHALL NOT change the meaning of any elements on Resource or DomainResource (including cannot change the meaning of modifierExtension itself).","There can be no stigma associated with the use of extensions by any application, project, or standard - regardless of the institution or jurisdiction that uses or defines the extensions.  The use of extensions is what allows the FHIR specification to retain a core level of simplicity for everyone.","Modifier extensions allow for extensions that *cannot* be safely ignored to be clearly distinguished from the vast majority of extensions which can be safely ignored.  This promotes interoperability by eliminating the need for implementers to prohibit the presence of extensions. For further information, see the [definition of modifier extensions](http://hl7.org/fhir/R4/extensibility.html#modifierExtension).","","","","","","","",,,,,"",,,,"BackboneElement.modifierExtension",0,*,"","ele-1:All FHIR elements must have a @value or children {hasValue() or (children().count() > id.count())}
ext-1:Must have either extensions or value[x], not both {extension.exists() != value.exists()}"
"MedicationOverview","Bundle.entry:MedRecordTreatmentLine.link","Bundle.entry.link","","","",0,*,"","","Y","null {[]} {[]}
","Links related to this entry","A series of links that provide context to this entry.","","","","","","","","","",,,,,"",,,,"Bundle.entry.link",0,*,"","ele-1:All FHIR elements must have a @value or children {hasValue() or (children().count() > id.count())}
"
"MedicationOverview","Bundle.entry:MedRecordTreatmentLine.fullUrl","Bundle.entry.fullUrl","","","",0,1,"","","Y","uri {[]} {[]}
","URI for resource (Absolute URL server address or URI for UUID/OID)","The Absolute URL for the resource.  The fullUrl SHALL NOT disagree with the id in the resource - i.e. if the fullUrl is not a urn:uuid, the URL shall be version-independent URL consistent with the Resource.id. The fullUrl is a version independent reference to the resource. The fullUrl element SHALL have a value except that: 
* fullUrl can be empty on a POST (although it does not need to when specifying a temporary id for reference in the bundle)
* Results from operations might involve resources that are not identified.","fullUrl might not be [unique in the context of a resource](http://hl7.org/fhir/R4/bundle.html#bundle-unique). Note that since [FHIR resources do not need to be served through the FHIR API](http://hl7.org/fhir/R4/references.html), the fullURL might be a URN or an absolute URL that does not end with the logical id of the resource (Resource.id). However, but if the fullUrl does look like a RESTful server URL (e.g. meets the [regex](http://hl7.org/fhir/R4/references.html#regex), then the 'id' portion of the fullUrl SHALL end with the Resource.id.

Note that the fullUrl is not the same as the canonical URL - it's an absolute url for an endpoint serving the resource (these will happen to have the same value on the canonical server for the resource with the canonical URL).","","","","","","","","",,,,,"",,,,"Bundle.entry.fullUrl",0,1,"","ele-1:All FHIR elements must have a @value or children {hasValue() or (children().count() > id.count())}
"
"MedicationOverview","Bundle.entry:MedRecordTreatmentLine.resource","Bundle.entry.resource","","","",1,1,"Y","","","MedicationStatement {[CanonicalType[https://profiles.ihe.net/PHARM/MEOW/StructureDefinition/MedicationTreatmentLine]]} {[]}
","Record of medication being taken by a patient","A record of a medication that is being consumed by a patient.   A MedicationStatement may indicate that the patient may be taking the medication now or has taken the medication in the past or will be taking the medication in the future.  The source of this information can be the patient, significant other (such as a family member or spouse), or a clinician.  A common scenario where this information is captured is during the history taking process during a patient visit or stay.   The medication information may come from sources such as the patient's memory, from a prescription bottle,  or from a list of medications the patient, clinician or other party maintains. 

The primary difference between a medication statement and a medication administration is that the medication administration has complete administration information and is based on actual administration information from the person who administered the medication.  A medication statement is often, if not always, less specific.  There is no required date/time when the medication was administered, in fact we only know that a source has reported the patient is taking this medication, where details such as time, quantity, or rate or even medication product may be incomplete or missing or less precise.  As stated earlier, the medication statement information may come from the patient's memory, from a prescription bottle or from a list of medications the patient, clinician or other party maintains.  Medication administration is more formal and is not missing detailed information.","When interpreting a medicationStatement, the value of the status and NotTaken needed to be considered:MedicationStatement.status + MedicationStatement.wasNotTakenStatus=Active + NotTaken=T = Not currently takingStatus=Completed + NotTaken=T = Not taken in the pastStatus=Intended + NotTaken=T = No intention of takingStatus=Active + NotTaken=F = Taking, but not as prescribedStatus=Active + NotTaken=F = TakingStatus=Intended +NotTaken= F = Will be taking (not started)Status=Completed + NotTaken=F = Taken in pastStatus=In Error + NotTaken=N/A = In Error.","","","","","","","","",,,,,"",,,,"Bundle.entry.resource",0,1,"",""
"MedicationOverview","Bundle.entry:MedRecordTreatmentLine.search","Bundle.entry.search","","","",0,1,"","","Y","BackboneElement {[]} {[]}
","Search related information","Information about the search process that lead to the creation of this entry.","","","","","","","","","",,,,,"",,,,"Bundle.entry.search",0,1,"bdl-2
","ele-1:All FHIR elements must have a @value or children {hasValue() or (children().count() > id.count())}
"
"MedicationOverview","Bundle.entry:MedRecordTreatmentLine.search.id","Bundle.entry.search.id","","","",0,1,"","","","string {[]} {[]}
","Unique id for inter-element referencing","Unique id for the element within a resource (for internal references). This may be any string value that does not contain spaces.","","","","","","","","","",,,,,"",,,,"Element.id",0,1,"",""
"MedicationOverview","Bundle.entry:MedRecordTreatmentLine.search.extension","Bundle.entry.search.extension","","extensions
user content","",0,*,"","","","Extension {[]} {[]}
","Additional content defined by implementations","May be used to represent additional information that is not part of the basic definition of the element. To make the use of extensions safe and manageable, there is a strict set of governance  applied to the definition and use of extensions. Though any implementer can define an extension, there is a set of requirements that SHALL be met as part of the definition of the extension.","There can be no stigma associated with the use of extensions by any application, project, or standard - regardless of the institution or jurisdiction that uses or defines the extensions.  The use of extensions is what allows the FHIR specification to retain a core level of simplicity for everyone.","","","","","","","","",,,,,"",,,,"Element.extension",0,*,"","ele-1:All FHIR elements must have a @value or children {hasValue() or (children().count() > id.count())}
ext-1:Must have either extensions or value[x], not both {extension.exists() != value.exists()}"
"MedicationOverview","Bundle.entry:MedRecordTreatmentLine.search.modifierExtension","Bundle.entry.search.modifierExtension","","extensions
user contentmodifiers","",0,*,"","Y","Y","Extension {[]} {[]}
","Extensions that cannot be ignored even if unrecognized","May be used to represent additional information that is not part of the basic definition of the element and that modifies the understanding of the element in which it is contained and/or the understanding of the containing element's descendants. Usually modifier elements provide negation or qualification. To make the use of extensions safe and manageable, there is a strict set of governance applied to the definition and use of extensions. Though any implementer can define an extension, there is a set of requirements that SHALL be met as part of the definition of the extension. Applications processing a resource are required to check for modifier extensions.

Modifier extensions SHALL NOT change the meaning of any elements on Resource or DomainResource (including cannot change the meaning of modifierExtension itself).","There can be no stigma associated with the use of extensions by any application, project, or standard - regardless of the institution or jurisdiction that uses or defines the extensions.  The use of extensions is what allows the FHIR specification to retain a core level of simplicity for everyone.","Modifier extensions allow for extensions that *cannot* be safely ignored to be clearly distinguished from the vast majority of extensions which can be safely ignored.  This promotes interoperability by eliminating the need for implementers to prohibit the presence of extensions. For further information, see the [definition of modifier extensions](http://hl7.org/fhir/R4/extensibility.html#modifierExtension).","","","","","","","",,,,,"",,,,"BackboneElement.modifierExtension",0,*,"","ele-1:All FHIR elements must have a @value or children {hasValue() or (children().count() > id.count())}
ext-1:Must have either extensions or value[x], not both {extension.exists() != value.exists()}"
"MedicationOverview","Bundle.entry:MedRecordTreatmentLine.search.mode","Bundle.entry.search.mode","","","",0,1,"","","Y","code {[]} {[]}
","match | include | outcome - why this is in the result set","Why this entry is in the result set - whether it's included as a match or because of an _include requirement, or to convey information or warning information about the search process.","There is only one mode. In some corner cases, a resource may be included because it is both a match and an include. In these circumstances, 'match' takes precedence.","","","","","","","","",,"required","Why an entry is in the result set - whether it's included as a match or because of an _include requirement, or to convey information or warning information about the search process.","http://hl7.org/fhir/ValueSet/search-entry-mode|4.0.1","",,,,"Bundle.entry.search.mode",0,1,"","ele-1:All FHIR elements must have a @value or children {hasValue() or (children().count() > id.count())}
"
"MedicationOverview","Bundle.entry:MedRecordTreatmentLine.search.score","Bundle.entry.search.score","","","",0,1,"","","Y","decimal {[]} {[]}
","Search ranking (between 0 and 1)","When searching, the server's search ranking score for the entry.","Servers are not required to return a ranking score. 1 is most relevant, and 0 is least relevant. Often, search results are sorted by score, but the client may specify a different sort order.

See [Patient Match](http://hl7.org/fhir/R4/patient-operation-match.html) for the EMPI search which relates to this element.","","","","","","","","",,,,,"",,,,"Bundle.entry.search.score",0,1,"","ele-1:All FHIR elements must have a @value or children {hasValue() or (children().count() > id.count())}
"
"MedicationOverview","Bundle.entry:MedRecordTreatmentLine.request","Bundle.entry.request","","","",0,1,"","","Y","BackboneElement {[]} {[]}
","Additional execution information (transaction/batch/history)","Additional information about how this entry should be processed as part of a transaction or batch.  For history, it shows how the entry was processed to create the version contained in the entry.","","","","","","","","","",,,,,"",,,,"Bundle.entry.request",0,1,"bdl-3
","ele-1:All FHIR elements must have a @value or children {hasValue() or (children().count() > id.count())}
"
"MedicationOverview","Bundle.entry:MedRecordTreatmentLine.request.id","Bundle.entry.request.id","","","",0,1,"","","","string {[]} {[]}
","Unique id for inter-element referencing","Unique id for the element within a resource (for internal references). This may be any string value that does not contain spaces.","","","","","","","","","",,,,,"",,,,"Element.id",0,1,"",""
"MedicationOverview","Bundle.entry:MedRecordTreatmentLine.request.extension","Bundle.entry.request.extension","","extensions
user content","",0,*,"","","","Extension {[]} {[]}
","Additional content defined by implementations","May be used to represent additional information that is not part of the basic definition of the element. To make the use of extensions safe and manageable, there is a strict set of governance  applied to the definition and use of extensions. Though any implementer can define an extension, there is a set of requirements that SHALL be met as part of the definition of the extension.","There can be no stigma associated with the use of extensions by any application, project, or standard - regardless of the institution or jurisdiction that uses or defines the extensions.  The use of extensions is what allows the FHIR specification to retain a core level of simplicity for everyone.","","","","","","","","",,,,,"",,,,"Element.extension",0,*,"","ele-1:All FHIR elements must have a @value or children {hasValue() or (children().count() > id.count())}
ext-1:Must have either extensions or value[x], not both {extension.exists() != value.exists()}"
"MedicationOverview","Bundle.entry:MedRecordTreatmentLine.request.modifierExtension","Bundle.entry.request.modifierExtension","","extensions
user contentmodifiers","",0,*,"","Y","Y","Extension {[]} {[]}
","Extensions that cannot be ignored even if unrecognized","May be used to represent additional information that is not part of the basic definition of the element and that modifies the understanding of the element in which it is contained and/or the understanding of the containing element's descendants. Usually modifier elements provide negation or qualification. To make the use of extensions safe and manageable, there is a strict set of governance applied to the definition and use of extensions. Though any implementer can define an extension, there is a set of requirements that SHALL be met as part of the definition of the extension. Applications processing a resource are required to check for modifier extensions.

Modifier extensions SHALL NOT change the meaning of any elements on Resource or DomainResource (including cannot change the meaning of modifierExtension itself).","There can be no stigma associated with the use of extensions by any application, project, or standard - regardless of the institution or jurisdiction that uses or defines the extensions.  The use of extensions is what allows the FHIR specification to retain a core level of simplicity for everyone.","Modifier extensions allow for extensions that *cannot* be safely ignored to be clearly distinguished from the vast majority of extensions which can be safely ignored.  This promotes interoperability by eliminating the need for implementers to prohibit the presence of extensions. For further information, see the [definition of modifier extensions](http://hl7.org/fhir/R4/extensibility.html#modifierExtension).","","","","","","","",,,,,"",,,,"BackboneElement.modifierExtension",0,*,"","ele-1:All FHIR elements must have a @value or children {hasValue() or (children().count() > id.count())}
ext-1:Must have either extensions or value[x], not both {extension.exists() != value.exists()}"
"MedicationOverview","Bundle.entry:MedRecordTreatmentLine.request.method","Bundle.entry.request.method","","","",1,1,"","","Y","code {[]} {[]}
","GET | HEAD | POST | PUT | DELETE | PATCH","In a transaction or batch, this is the HTTP action to be executed for this entry. In a history bundle, this indicates the HTTP action that occurred.","","","","","","","","","",,"required","HTTP verbs (in the HTTP command line). See [HTTP rfc](https://tools.ietf.org/html/rfc7231) for details.","http://hl7.org/fhir/ValueSet/http-verb|4.0.1","",,,,"Bundle.entry.request.method",1,1,"","ele-1:All FHIR elements must have a @value or children {hasValue() or (children().count() > id.count())}
"
"MedicationOverview","Bundle.entry:MedRecordTreatmentLine.request.url","Bundle.entry.request.url","","","",1,1,"","","Y","uri {[]} {[]}
","URL for HTTP equivalent of this entry","The URL for this entry, relative to the root (the address to which the request is posted).","E.g. for a Patient Create, the method would be ""POST"" and the URL would be ""Patient"". For a Patient Update, the method would be PUT and the URL would be ""Patient/[id]"".","","","","","","","","",,,,,"",,,,"Bundle.entry.request.url",1,1,"","ele-1:All FHIR elements must have a @value or children {hasValue() or (children().count() > id.count())}
"
"MedicationOverview","Bundle.entry:MedRecordTreatmentLine.request.ifNoneMatch","Bundle.entry.request.ifNoneMatch","","","",0,1,"","","Y","string {[]} {[]}
","For managing cache currency","If the ETag values match, return a 304 Not Modified status. See the API documentation for [""Conditional Read""](http://hl7.org/fhir/R4/http.html#cread).","","","","","","","","","",,,,,"",,,,"Bundle.entry.request.ifNoneMatch",0,1,"","ele-1:All FHIR elements must have a @value or children {hasValue() or (children().count() > id.count())}
"
"MedicationOverview","Bundle.entry:MedRecordTreatmentLine.request.ifModifiedSince","Bundle.entry.request.ifModifiedSince","","","",0,1,"","","Y","instant {[]} {[]}
","For managing cache currency","Only perform the operation if the last updated date matches. See the API documentation for [""Conditional Read""](http://hl7.org/fhir/R4/http.html#cread).","","","","","","","","","",,,,,"",,,,"Bundle.entry.request.ifModifiedSince",0,1,"","ele-1:All FHIR elements must have a @value or children {hasValue() or (children().count() > id.count())}
"
"MedicationOverview","Bundle.entry:MedRecordTreatmentLine.request.ifMatch","Bundle.entry.request.ifMatch","","","",0,1,"","","Y","string {[]} {[]}
","For managing update contention","Only perform the operation if the Etag value matches. For more information, see the API section [""Managing Resource Contention""](http://hl7.org/fhir/R4/http.html#concurrency).","","","","","","","","","",,,,,"",,,,"Bundle.entry.request.ifMatch",0,1,"","ele-1:All FHIR elements must have a @value or children {hasValue() or (children().count() > id.count())}
"
"MedicationOverview","Bundle.entry:MedRecordTreatmentLine.request.ifNoneExist","Bundle.entry.request.ifNoneExist","","","",0,1,"","","Y","string {[]} {[]}
","For conditional creates","Instruct the server not to perform the create if a specified resource already exists. For further information, see the API documentation for [""Conditional Create""](http://hl7.org/fhir/R4/http.html#ccreate). This is just the query portion of the URL - what follows the ""?"" (not including the ""?"").","","","","","","","","","",,,,,"",,,,"Bundle.entry.request.ifNoneExist",0,1,"","ele-1:All FHIR elements must have a @value or children {hasValue() or (children().count() > id.count())}
"
"MedicationOverview","Bundle.entry:MedRecordTreatmentLine.response","Bundle.entry.response","","","",0,1,"","","Y","BackboneElement {[]} {[]}
","Results of execution (transaction/batch/history)","Indicates the results of processing the corresponding 'request' entry in the batch or transaction being responded to or what the results of an operation where when returning history.","","","","","","","","","",,,,,"",,,,"Bundle.entry.response",0,1,"bdl-4
","ele-1:All FHIR elements must have a @value or children {hasValue() or (children().count() > id.count())}
"
"MedicationOverview","Bundle.entry:MedRecordTreatmentLine.response.id","Bundle.entry.response.id","","","",0,1,"","","","string {[]} {[]}
","Unique id for inter-element referencing","Unique id for the element within a resource (for internal references). This may be any string value that does not contain spaces.","","","","","","","","","",,,,,"",,,,"Element.id",0,1,"",""
"MedicationOverview","Bundle.entry:MedRecordTreatmentLine.response.extension","Bundle.entry.response.extension","","extensions
user content","",0,*,"","","","Extension {[]} {[]}
","Additional content defined by implementations","May be used to represent additional information that is not part of the basic definition of the element. To make the use of extensions safe and manageable, there is a strict set of governance  applied to the definition and use of extensions. Though any implementer can define an extension, there is a set of requirements that SHALL be met as part of the definition of the extension.","There can be no stigma associated with the use of extensions by any application, project, or standard - regardless of the institution or jurisdiction that uses or defines the extensions.  The use of extensions is what allows the FHIR specification to retain a core level of simplicity for everyone.","","","","","","","","",,,,,"",,,,"Element.extension",0,*,"","ele-1:All FHIR elements must have a @value or children {hasValue() or (children().count() > id.count())}
ext-1:Must have either extensions or value[x], not both {extension.exists() != value.exists()}"
"MedicationOverview","Bundle.entry:MedRecordTreatmentLine.response.modifierExtension","Bundle.entry.response.modifierExtension","","extensions
user contentmodifiers","",0,*,"","Y","Y","Extension {[]} {[]}
","Extensions that cannot be ignored even if unrecognized","May be used to represent additional information that is not part of the basic definition of the element and that modifies the understanding of the element in which it is contained and/or the understanding of the containing element's descendants. Usually modifier elements provide negation or qualification. To make the use of extensions safe and manageable, there is a strict set of governance applied to the definition and use of extensions. Though any implementer can define an extension, there is a set of requirements that SHALL be met as part of the definition of the extension. Applications processing a resource are required to check for modifier extensions.

Modifier extensions SHALL NOT change the meaning of any elements on Resource or DomainResource (including cannot change the meaning of modifierExtension itself).","There can be no stigma associated with the use of extensions by any application, project, or standard - regardless of the institution or jurisdiction that uses or defines the extensions.  The use of extensions is what allows the FHIR specification to retain a core level of simplicity for everyone.","Modifier extensions allow for extensions that *cannot* be safely ignored to be clearly distinguished from the vast majority of extensions which can be safely ignored.  This promotes interoperability by eliminating the need for implementers to prohibit the presence of extensions. For further information, see the [definition of modifier extensions](http://hl7.org/fhir/R4/extensibility.html#modifierExtension).","","","","","","","",,,,,"",,,,"BackboneElement.modifierExtension",0,*,"","ele-1:All FHIR elements must have a @value or children {hasValue() or (children().count() > id.count())}
ext-1:Must have either extensions or value[x], not both {extension.exists() != value.exists()}"
"MedicationOverview","Bundle.entry:MedRecordTreatmentLine.response.status","Bundle.entry.response.status","","","",1,1,"","","Y","string {[]} {[]}
","Status response code (text optional)","The status code returned by processing this entry. The status SHALL start with a 3 digit HTTP code (e.g. 404) and may contain the standard HTTP description associated with the status code.","","","","","","","","","",,,,,"",,,,"Bundle.entry.response.status",1,1,"","ele-1:All FHIR elements must have a @value or children {hasValue() or (children().count() > id.count())}
"
"MedicationOverview","Bundle.entry:MedRecordTreatmentLine.response.location","Bundle.entry.response.location","","","",0,1,"","","Y","uri {[]} {[]}
","The location (if the operation returns a location)","The location header created by processing this operation, populated if the operation returns a location.","","","","","","","","","",,,,,"",,,,"Bundle.entry.response.location",0,1,"","ele-1:All FHIR elements must have a @value or children {hasValue() or (children().count() > id.count())}
"
"MedicationOverview","Bundle.entry:MedRecordTreatmentLine.response.etag","Bundle.entry.response.etag","","","",0,1,"","","Y","string {[]} {[]}
","The Etag for the resource (if relevant)","The Etag for the resource, if the operation for the entry produced a versioned resource (see [Resource Metadata and Versioning](http://hl7.org/fhir/R4/http.html#versioning) and [Managing Resource Contention](http://hl7.org/fhir/R4/http.html#concurrency)).","Etags match the Resource.meta.versionId. The ETag has to match the version id in the header if a resource is included.","","","","","","","","",,,,,"",,,,"Bundle.entry.response.etag",0,1,"","ele-1:All FHIR elements must have a @value or children {hasValue() or (children().count() > id.count())}
"
"MedicationOverview","Bundle.entry:MedRecordTreatmentLine.response.lastModified","Bundle.entry.response.lastModified","","","",0,1,"","","Y","instant {[]} {[]}
","Server's date time modified","The date/time that the resource was modified on the server.","This has to match the same time in the meta header (meta.lastUpdated) if a resource is included.","","","","","","","","",,,,,"",,,,"Bundle.entry.response.lastModified",0,1,"","ele-1:All FHIR elements must have a @value or children {hasValue() or (children().count() > id.count())}
"
"MedicationOverview","Bundle.entry:MedRecordTreatmentLine.response.outcome","Bundle.entry.response.outcome","","","",0,1,"","","Y","Resource {[]} {[]}
","OperationOutcome with hints and warnings (for batch/transaction)","An OperationOutcome containing hints and warnings produced as part of processing this entry in a batch or transaction.","For a POST/PUT operation, this is the equivalent outcome that would be returned for prefer = operationoutcome - except that the resource is always returned whether or not the outcome is returned.

This outcome is not used for error responses in batch/transaction, only for hints and warnings. In a batch operation, the error will be in Bundle.entry.response, and for transaction, there will be a single OperationOutcome instead of a bundle in the case of an error.","","","","","","","","",,,,,"",,,,"Bundle.entry.response.outcome",0,1,"",""
"MedicationOverview","Bundle.entry:MedRecordOrder","Bundle.entry","MedRecordOrder","","",0,*,"","","Y","BackboneElement {[]} {[]}
","Medication summaries associated with the patient","An entry in a bundle resource - will either contain a resource or information about a resource (transactions and history only).","","","","","","","","","",,,,,"",,,,"Bundle.entry",0,*,"","bdl-5:must be a resource unless there's a request or response {resource.exists() or request.exists() or response.exists()}
bdl-8:fullUrl cannot be a version specific reference {fullUrl.contains('/_history/').not()}ele-1:All FHIR elements must have a @value or children {hasValue() or (children().count() > id.count())}"
"MedicationOverview","Bundle.entry:MedRecordOrder.id","Bundle.entry.id","","","",0,1,"","","","string {[]} {[]}
","Unique id for inter-element referencing","Unique id for the element within a resource (for internal references). This may be any string value that does not contain spaces.","","","","","","","","","",,,,,"",,,,"Element.id",0,1,"",""
"MedicationOverview","Bundle.entry:MedRecordOrder.extension","Bundle.entry.extension","","extensions
user content","",0,*,"","","","Extension {[]} {[]}
","Additional content defined by implementations","May be used to represent additional information that is not part of the basic definition of the element. To make the use of extensions safe and manageable, there is a strict set of governance  applied to the definition and use of extensions. Though any implementer can define an extension, there is a set of requirements that SHALL be met as part of the definition of the extension.","There can be no stigma associated with the use of extensions by any application, project, or standard - regardless of the institution or jurisdiction that uses or defines the extensions.  The use of extensions is what allows the FHIR specification to retain a core level of simplicity for everyone.","","","","","","","","",,,,,"",,,,"Element.extension",0,*,"","ele-1:All FHIR elements must have a @value or children {hasValue() or (children().count() > id.count())}
ext-1:Must have either extensions or value[x], not both {extension.exists() != value.exists()}"
"MedicationOverview","Bundle.entry:MedRecordOrder.modifierExtension","Bundle.entry.modifierExtension","","extensions
user contentmodifiers","",0,*,"","Y","Y","Extension {[]} {[]}
","Extensions that cannot be ignored even if unrecognized","May be used to represent additional information that is not part of the basic definition of the element and that modifies the understanding of the element in which it is contained and/or the understanding of the containing element's descendants. Usually modifier elements provide negation or qualification. To make the use of extensions safe and manageable, there is a strict set of governance applied to the definition and use of extensions. Though any implementer can define an extension, there is a set of requirements that SHALL be met as part of the definition of the extension. Applications processing a resource are required to check for modifier extensions.

Modifier extensions SHALL NOT change the meaning of any elements on Resource or DomainResource (including cannot change the meaning of modifierExtension itself).","There can be no stigma associated with the use of extensions by any application, project, or standard - regardless of the institution or jurisdiction that uses or defines the extensions.  The use of extensions is what allows the FHIR specification to retain a core level of simplicity for everyone.","Modifier extensions allow for extensions that *cannot* be safely ignored to be clearly distinguished from the vast majority of extensions which can be safely ignored.  This promotes interoperability by eliminating the need for implementers to prohibit the presence of extensions. For further information, see the [definition of modifier extensions](http://hl7.org/fhir/R4/extensibility.html#modifierExtension).","","","","","","","",,,,,"",,,,"BackboneElement.modifierExtension",0,*,"","ele-1:All FHIR elements must have a @value or children {hasValue() or (children().count() > id.count())}
ext-1:Must have either extensions or value[x], not both {extension.exists() != value.exists()}"
"MedicationOverview","Bundle.entry:MedRecordOrder.link","Bundle.entry.link","","","",0,*,"","","Y","null {[]} {[]}
","Links related to this entry","A series of links that provide context to this entry.","","","","","","","","","",,,,,"",,,,"Bundle.entry.link",0,*,"","ele-1:All FHIR elements must have a @value or children {hasValue() or (children().count() > id.count())}
"
"MedicationOverview","Bundle.entry:MedRecordOrder.fullUrl","Bundle.entry.fullUrl","","","",0,1,"","","Y","uri {[]} {[]}
","URI for resource (Absolute URL server address or URI for UUID/OID)","The Absolute URL for the resource.  The fullUrl SHALL NOT disagree with the id in the resource - i.e. if the fullUrl is not a urn:uuid, the URL shall be version-independent URL consistent with the Resource.id. The fullUrl is a version independent reference to the resource. The fullUrl element SHALL have a value except that: 
* fullUrl can be empty on a POST (although it does not need to when specifying a temporary id for reference in the bundle)
* Results from operations might involve resources that are not identified.","fullUrl might not be [unique in the context of a resource](http://hl7.org/fhir/R4/bundle.html#bundle-unique). Note that since [FHIR resources do not need to be served through the FHIR API](http://hl7.org/fhir/R4/references.html), the fullURL might be a URN or an absolute URL that does not end with the logical id of the resource (Resource.id). However, but if the fullUrl does look like a RESTful server URL (e.g. meets the [regex](http://hl7.org/fhir/R4/references.html#regex), then the 'id' portion of the fullUrl SHALL end with the Resource.id.

Note that the fullUrl is not the same as the canonical URL - it's an absolute url for an endpoint serving the resource (these will happen to have the same value on the canonical server for the resource with the canonical URL).","","","","","","","","",,,,,"",,,,"Bundle.entry.fullUrl",0,1,"","ele-1:All FHIR elements must have a @value or children {hasValue() or (children().count() > id.count())}
"
"MedicationOverview","Bundle.entry:MedRecordOrder.resource","Bundle.entry.resource","","","",1,1,"Y","","Y","MedicationRequest {[]} {[]}
","A resource in the bundle","The Resource for the entry. The purpose/meaning of the resource is determined by the Bundle.type.","","","","","","","","","",,,,,"",,,,"Bundle.entry.resource",0,1,"",""
"MedicationOverview","Bundle.entry:MedRecordOrder.search","Bundle.entry.search","","","",0,1,"","","Y","BackboneElement {[]} {[]}
","Search related information","Information about the search process that lead to the creation of this entry.","","","","","","","","","",,,,,"",,,,"Bundle.entry.search",0,1,"bdl-2
","ele-1:All FHIR elements must have a @value or children {hasValue() or (children().count() > id.count())}
"
"MedicationOverview","Bundle.entry:MedRecordOrder.search.id","Bundle.entry.search.id","","","",0,1,"","","","string {[]} {[]}
","Unique id for inter-element referencing","Unique id for the element within a resource (for internal references). This may be any string value that does not contain spaces.","","","","","","","","","",,,,,"",,,,"Element.id",0,1,"",""
"MedicationOverview","Bundle.entry:MedRecordOrder.search.extension","Bundle.entry.search.extension","","extensions
user content","",0,*,"","","","Extension {[]} {[]}
","Additional content defined by implementations","May be used to represent additional information that is not part of the basic definition of the element. To make the use of extensions safe and manageable, there is a strict set of governance  applied to the definition and use of extensions. Though any implementer can define an extension, there is a set of requirements that SHALL be met as part of the definition of the extension.","There can be no stigma associated with the use of extensions by any application, project, or standard - regardless of the institution or jurisdiction that uses or defines the extensions.  The use of extensions is what allows the FHIR specification to retain a core level of simplicity for everyone.","","","","","","","","",,,,,"",,,,"Element.extension",0,*,"","ele-1:All FHIR elements must have a @value or children {hasValue() or (children().count() > id.count())}
ext-1:Must have either extensions or value[x], not both {extension.exists() != value.exists()}"
"MedicationOverview","Bundle.entry:MedRecordOrder.search.modifierExtension","Bundle.entry.search.modifierExtension","","extensions
user contentmodifiers","",0,*,"","Y","Y","Extension {[]} {[]}
","Extensions that cannot be ignored even if unrecognized","May be used to represent additional information that is not part of the basic definition of the element and that modifies the understanding of the element in which it is contained and/or the understanding of the containing element's descendants. Usually modifier elements provide negation or qualification. To make the use of extensions safe and manageable, there is a strict set of governance applied to the definition and use of extensions. Though any implementer can define an extension, there is a set of requirements that SHALL be met as part of the definition of the extension. Applications processing a resource are required to check for modifier extensions.

Modifier extensions SHALL NOT change the meaning of any elements on Resource or DomainResource (including cannot change the meaning of modifierExtension itself).","There can be no stigma associated with the use of extensions by any application, project, or standard - regardless of the institution or jurisdiction that uses or defines the extensions.  The use of extensions is what allows the FHIR specification to retain a core level of simplicity for everyone.","Modifier extensions allow for extensions that *cannot* be safely ignored to be clearly distinguished from the vast majority of extensions which can be safely ignored.  This promotes interoperability by eliminating the need for implementers to prohibit the presence of extensions. For further information, see the [definition of modifier extensions](http://hl7.org/fhir/R4/extensibility.html#modifierExtension).","","","","","","","",,,,,"",,,,"BackboneElement.modifierExtension",0,*,"","ele-1:All FHIR elements must have a @value or children {hasValue() or (children().count() > id.count())}
ext-1:Must have either extensions or value[x], not both {extension.exists() != value.exists()}"
"MedicationOverview","Bundle.entry:MedRecordOrder.search.mode","Bundle.entry.search.mode","","","",0,1,"","","Y","code {[]} {[]}
","match | include | outcome - why this is in the result set","Why this entry is in the result set - whether it's included as a match or because of an _include requirement, or to convey information or warning information about the search process.","There is only one mode. In some corner cases, a resource may be included because it is both a match and an include. In these circumstances, 'match' takes precedence.","","","","","","","","",,"required","Why an entry is in the result set - whether it's included as a match or because of an _include requirement, or to convey information or warning information about the search process.","http://hl7.org/fhir/ValueSet/search-entry-mode|4.0.1","",,,,"Bundle.entry.search.mode",0,1,"","ele-1:All FHIR elements must have a @value or children {hasValue() or (children().count() > id.count())}
"
"MedicationOverview","Bundle.entry:MedRecordOrder.search.score","Bundle.entry.search.score","","","",0,1,"","","Y","decimal {[]} {[]}
","Search ranking (between 0 and 1)","When searching, the server's search ranking score for the entry.","Servers are not required to return a ranking score. 1 is most relevant, and 0 is least relevant. Often, search results are sorted by score, but the client may specify a different sort order.

See [Patient Match](http://hl7.org/fhir/R4/patient-operation-match.html) for the EMPI search which relates to this element.","","","","","","","","",,,,,"",,,,"Bundle.entry.search.score",0,1,"","ele-1:All FHIR elements must have a @value or children {hasValue() or (children().count() > id.count())}
"
"MedicationOverview","Bundle.entry:MedRecordOrder.request","Bundle.entry.request","","","",0,1,"","","Y","BackboneElement {[]} {[]}
","Additional execution information (transaction/batch/history)","Additional information about how this entry should be processed as part of a transaction or batch.  For history, it shows how the entry was processed to create the version contained in the entry.","","","","","","","","","",,,,,"",,,,"Bundle.entry.request",0,1,"bdl-3
","ele-1:All FHIR elements must have a @value or children {hasValue() or (children().count() > id.count())}
"
"MedicationOverview","Bundle.entry:MedRecordOrder.request.id","Bundle.entry.request.id","","","",0,1,"","","","string {[]} {[]}
","Unique id for inter-element referencing","Unique id for the element within a resource (for internal references). This may be any string value that does not contain spaces.","","","","","","","","","",,,,,"",,,,"Element.id",0,1,"",""
"MedicationOverview","Bundle.entry:MedRecordOrder.request.extension","Bundle.entry.request.extension","","extensions
user content","",0,*,"","","","Extension {[]} {[]}
","Additional content defined by implementations","May be used to represent additional information that is not part of the basic definition of the element. To make the use of extensions safe and manageable, there is a strict set of governance  applied to the definition and use of extensions. Though any implementer can define an extension, there is a set of requirements that SHALL be met as part of the definition of the extension.","There can be no stigma associated with the use of extensions by any application, project, or standard - regardless of the institution or jurisdiction that uses or defines the extensions.  The use of extensions is what allows the FHIR specification to retain a core level of simplicity for everyone.","","","","","","","","",,,,,"",,,,"Element.extension",0,*,"","ele-1:All FHIR elements must have a @value or children {hasValue() or (children().count() > id.count())}
ext-1:Must have either extensions or value[x], not both {extension.exists() != value.exists()}"
"MedicationOverview","Bundle.entry:MedRecordOrder.request.modifierExtension","Bundle.entry.request.modifierExtension","","extensions
user contentmodifiers","",0,*,"","Y","Y","Extension {[]} {[]}
","Extensions that cannot be ignored even if unrecognized","May be used to represent additional information that is not part of the basic definition of the element and that modifies the understanding of the element in which it is contained and/or the understanding of the containing element's descendants. Usually modifier elements provide negation or qualification. To make the use of extensions safe and manageable, there is a strict set of governance applied to the definition and use of extensions. Though any implementer can define an extension, there is a set of requirements that SHALL be met as part of the definition of the extension. Applications processing a resource are required to check for modifier extensions.

Modifier extensions SHALL NOT change the meaning of any elements on Resource or DomainResource (including cannot change the meaning of modifierExtension itself).","There can be no stigma associated with the use of extensions by any application, project, or standard - regardless of the institution or jurisdiction that uses or defines the extensions.  The use of extensions is what allows the FHIR specification to retain a core level of simplicity for everyone.","Modifier extensions allow for extensions that *cannot* be safely ignored to be clearly distinguished from the vast majority of extensions which can be safely ignored.  This promotes interoperability by eliminating the need for implementers to prohibit the presence of extensions. For further information, see the [definition of modifier extensions](http://hl7.org/fhir/R4/extensibility.html#modifierExtension).","","","","","","","",,,,,"",,,,"BackboneElement.modifierExtension",0,*,"","ele-1:All FHIR elements must have a @value or children {hasValue() or (children().count() > id.count())}
ext-1:Must have either extensions or value[x], not both {extension.exists() != value.exists()}"
"MedicationOverview","Bundle.entry:MedRecordOrder.request.method","Bundle.entry.request.method","","","",1,1,"","","Y","code {[]} {[]}
","GET | HEAD | POST | PUT | DELETE | PATCH","In a transaction or batch, this is the HTTP action to be executed for this entry. In a history bundle, this indicates the HTTP action that occurred.","","","","","","","","","",,"required","HTTP verbs (in the HTTP command line). See [HTTP rfc](https://tools.ietf.org/html/rfc7231) for details.","http://hl7.org/fhir/ValueSet/http-verb|4.0.1","",,,,"Bundle.entry.request.method",1,1,"","ele-1:All FHIR elements must have a @value or children {hasValue() or (children().count() > id.count())}
"
"MedicationOverview","Bundle.entry:MedRecordOrder.request.url","Bundle.entry.request.url","","","",1,1,"","","Y","uri {[]} {[]}
","URL for HTTP equivalent of this entry","The URL for this entry, relative to the root (the address to which the request is posted).","E.g. for a Patient Create, the method would be ""POST"" and the URL would be ""Patient"". For a Patient Update, the method would be PUT and the URL would be ""Patient/[id]"".","","","","","","","","",,,,,"",,,,"Bundle.entry.request.url",1,1,"","ele-1:All FHIR elements must have a @value or children {hasValue() or (children().count() > id.count())}
"
"MedicationOverview","Bundle.entry:MedRecordOrder.request.ifNoneMatch","Bundle.entry.request.ifNoneMatch","","","",0,1,"","","Y","string {[]} {[]}
","For managing cache currency","If the ETag values match, return a 304 Not Modified status. See the API documentation for [""Conditional Read""](http://hl7.org/fhir/R4/http.html#cread).","","","","","","","","","",,,,,"",,,,"Bundle.entry.request.ifNoneMatch",0,1,"","ele-1:All FHIR elements must have a @value or children {hasValue() or (children().count() > id.count())}
"
"MedicationOverview","Bundle.entry:MedRecordOrder.request.ifModifiedSince","Bundle.entry.request.ifModifiedSince","","","",0,1,"","","Y","instant {[]} {[]}
","For managing cache currency","Only perform the operation if the last updated date matches. See the API documentation for [""Conditional Read""](http://hl7.org/fhir/R4/http.html#cread).","","","","","","","","","",,,,,"",,,,"Bundle.entry.request.ifModifiedSince",0,1,"","ele-1:All FHIR elements must have a @value or children {hasValue() or (children().count() > id.count())}
"
"MedicationOverview","Bundle.entry:MedRecordOrder.request.ifMatch","Bundle.entry.request.ifMatch","","","",0,1,"","","Y","string {[]} {[]}
","For managing update contention","Only perform the operation if the Etag value matches. For more information, see the API section [""Managing Resource Contention""](http://hl7.org/fhir/R4/http.html#concurrency).","","","","","","","","","",,,,,"",,,,"Bundle.entry.request.ifMatch",0,1,"","ele-1:All FHIR elements must have a @value or children {hasValue() or (children().count() > id.count())}
"
"MedicationOverview","Bundle.entry:MedRecordOrder.request.ifNoneExist","Bundle.entry.request.ifNoneExist","","","",0,1,"","","Y","string {[]} {[]}
","For conditional creates","Instruct the server not to perform the create if a specified resource already exists. For further information, see the API documentation for [""Conditional Create""](http://hl7.org/fhir/R4/http.html#ccreate). This is just the query portion of the URL - what follows the ""?"" (not including the ""?"").","","","","","","","","","",,,,,"",,,,"Bundle.entry.request.ifNoneExist",0,1,"","ele-1:All FHIR elements must have a @value or children {hasValue() or (children().count() > id.count())}
"
"MedicationOverview","Bundle.entry:MedRecordOrder.response","Bundle.entry.response","","","",0,1,"","","Y","BackboneElement {[]} {[]}
","Results of execution (transaction/batch/history)","Indicates the results of processing the corresponding 'request' entry in the batch or transaction being responded to or what the results of an operation where when returning history.","","","","","","","","","",,,,,"",,,,"Bundle.entry.response",0,1,"bdl-4
","ele-1:All FHIR elements must have a @value or children {hasValue() or (children().count() > id.count())}
"
"MedicationOverview","Bundle.entry:MedRecordOrder.response.id","Bundle.entry.response.id","","","",0,1,"","","","string {[]} {[]}
","Unique id for inter-element referencing","Unique id for the element within a resource (for internal references). This may be any string value that does not contain spaces.","","","","","","","","","",,,,,"",,,,"Element.id",0,1,"",""
"MedicationOverview","Bundle.entry:MedRecordOrder.response.extension","Bundle.entry.response.extension","","extensions
user content","",0,*,"","","","Extension {[]} {[]}
","Additional content defined by implementations","May be used to represent additional information that is not part of the basic definition of the element. To make the use of extensions safe and manageable, there is a strict set of governance  applied to the definition and use of extensions. Though any implementer can define an extension, there is a set of requirements that SHALL be met as part of the definition of the extension.","There can be no stigma associated with the use of extensions by any application, project, or standard - regardless of the institution or jurisdiction that uses or defines the extensions.  The use of extensions is what allows the FHIR specification to retain a core level of simplicity for everyone.","","","","","","","","",,,,,"",,,,"Element.extension",0,*,"","ele-1:All FHIR elements must have a @value or children {hasValue() or (children().count() > id.count())}
ext-1:Must have either extensions or value[x], not both {extension.exists() != value.exists()}"
"MedicationOverview","Bundle.entry:MedRecordOrder.response.modifierExtension","Bundle.entry.response.modifierExtension","","extensions
user contentmodifiers","",0,*,"","Y","Y","Extension {[]} {[]}
","Extensions that cannot be ignored even if unrecognized","May be used to represent additional information that is not part of the basic definition of the element and that modifies the understanding of the element in which it is contained and/or the understanding of the containing element's descendants. Usually modifier elements provide negation or qualification. To make the use of extensions safe and manageable, there is a strict set of governance applied to the definition and use of extensions. Though any implementer can define an extension, there is a set of requirements that SHALL be met as part of the definition of the extension. Applications processing a resource are required to check for modifier extensions.

Modifier extensions SHALL NOT change the meaning of any elements on Resource or DomainResource (including cannot change the meaning of modifierExtension itself).","There can be no stigma associated with the use of extensions by any application, project, or standard - regardless of the institution or jurisdiction that uses or defines the extensions.  The use of extensions is what allows the FHIR specification to retain a core level of simplicity for everyone.","Modifier extensions allow for extensions that *cannot* be safely ignored to be clearly distinguished from the vast majority of extensions which can be safely ignored.  This promotes interoperability by eliminating the need for implementers to prohibit the presence of extensions. For further information, see the [definition of modifier extensions](http://hl7.org/fhir/R4/extensibility.html#modifierExtension).","","","","","","","",,,,,"",,,,"BackboneElement.modifierExtension",0,*,"","ele-1:All FHIR elements must have a @value or children {hasValue() or (children().count() > id.count())}
ext-1:Must have either extensions or value[x], not both {extension.exists() != value.exists()}"
"MedicationOverview","Bundle.entry:MedRecordOrder.response.status","Bundle.entry.response.status","","","",1,1,"","","Y","string {[]} {[]}
","Status response code (text optional)","The status code returned by processing this entry. The status SHALL start with a 3 digit HTTP code (e.g. 404) and may contain the standard HTTP description associated with the status code.","","","","","","","","","",,,,,"",,,,"Bundle.entry.response.status",1,1,"","ele-1:All FHIR elements must have a @value or children {hasValue() or (children().count() > id.count())}
"
"MedicationOverview","Bundle.entry:MedRecordOrder.response.location","Bundle.entry.response.location","","","",0,1,"","","Y","uri {[]} {[]}
","The location (if the operation returns a location)","The location header created by processing this operation, populated if the operation returns a location.","","","","","","","","","",,,,,"",,,,"Bundle.entry.response.location",0,1,"","ele-1:All FHIR elements must have a @value or children {hasValue() or (children().count() > id.count())}
"
"MedicationOverview","Bundle.entry:MedRecordOrder.response.etag","Bundle.entry.response.etag","","","",0,1,"","","Y","string {[]} {[]}
","The Etag for the resource (if relevant)","The Etag for the resource, if the operation for the entry produced a versioned resource (see [Resource Metadata and Versioning](http://hl7.org/fhir/R4/http.html#versioning) and [Managing Resource Contention](http://hl7.org/fhir/R4/http.html#concurrency)).","Etags match the Resource.meta.versionId. The ETag has to match the version id in the header if a resource is included.","","","","","","","","",,,,,"",,,,"Bundle.entry.response.etag",0,1,"","ele-1:All FHIR elements must have a @value or children {hasValue() or (children().count() > id.count())}
"
"MedicationOverview","Bundle.entry:MedRecordOrder.response.lastModified","Bundle.entry.response.lastModified","","","",0,1,"","","Y","instant {[]} {[]}
","Server's date time modified","The date/time that the resource was modified on the server.","This has to match the same time in the meta header (meta.lastUpdated) if a resource is included.","","","","","","","","",,,,,"",,,,"Bundle.entry.response.lastModified",0,1,"","ele-1:All FHIR elements must have a @value or children {hasValue() or (children().count() > id.count())}
"
"MedicationOverview","Bundle.entry:MedRecordOrder.response.outcome","Bundle.entry.response.outcome","","","",0,1,"","","Y","Resource {[]} {[]}
","OperationOutcome with hints and warnings (for batch/transaction)","An OperationOutcome containing hints and warnings produced as part of processing this entry in a batch or transaction.","For a POST/PUT operation, this is the equivalent outcome that would be returned for prefer = operationoutcome - except that the resource is always returned whether or not the outcome is returned.

This outcome is not used for error responses in batch/transaction, only for hints and warnings. In a batch operation, the error will be in Bundle.entry.response, and for transaction, there will be a single OperationOutcome instead of a bundle in the case of an error.","","","","","","","","",,,,,"",,,,"Bundle.entry.response.outcome",0,1,"",""
"MedicationOverview","Bundle.entry:MedRecordDispense","Bundle.entry","MedRecordDispense","","",0,*,"","","Y","BackboneElement {[]} {[]}
","Medication summaries associated with the patient","An entry in a bundle resource - will either contain a resource or information about a resource (transactions and history only).","","","","","","","","","",,,,,"",,,,"Bundle.entry",0,*,"","bdl-5:must be a resource unless there's a request or response {resource.exists() or request.exists() or response.exists()}
bdl-8:fullUrl cannot be a version specific reference {fullUrl.contains('/_history/').not()}ele-1:All FHIR elements must have a @value or children {hasValue() or (children().count() > id.count())}"
"MedicationOverview","Bundle.entry:MedRecordDispense.id","Bundle.entry.id","","","",0,1,"","","","string {[]} {[]}
","Unique id for inter-element referencing","Unique id for the element within a resource (for internal references). This may be any string value that does not contain spaces.","","","","","","","","","",,,,,"",,,,"Element.id",0,1,"",""
"MedicationOverview","Bundle.entry:MedRecordDispense.extension","Bundle.entry.extension","","extensions
user content","",0,*,"","","","Extension {[]} {[]}
","Additional content defined by implementations","May be used to represent additional information that is not part of the basic definition of the element. To make the use of extensions safe and manageable, there is a strict set of governance  applied to the definition and use of extensions. Though any implementer can define an extension, there is a set of requirements that SHALL be met as part of the definition of the extension.","There can be no stigma associated with the use of extensions by any application, project, or standard - regardless of the institution or jurisdiction that uses or defines the extensions.  The use of extensions is what allows the FHIR specification to retain a core level of simplicity for everyone.","","","","","","","","",,,,,"",,,,"Element.extension",0,*,"","ele-1:All FHIR elements must have a @value or children {hasValue() or (children().count() > id.count())}
ext-1:Must have either extensions or value[x], not both {extension.exists() != value.exists()}"
"MedicationOverview","Bundle.entry:MedRecordDispense.modifierExtension","Bundle.entry.modifierExtension","","extensions
user contentmodifiers","",0,*,"","Y","Y","Extension {[]} {[]}
","Extensions that cannot be ignored even if unrecognized","May be used to represent additional information that is not part of the basic definition of the element and that modifies the understanding of the element in which it is contained and/or the understanding of the containing element's descendants. Usually modifier elements provide negation or qualification. To make the use of extensions safe and manageable, there is a strict set of governance applied to the definition and use of extensions. Though any implementer can define an extension, there is a set of requirements that SHALL be met as part of the definition of the extension. Applications processing a resource are required to check for modifier extensions.

Modifier extensions SHALL NOT change the meaning of any elements on Resource or DomainResource (including cannot change the meaning of modifierExtension itself).","There can be no stigma associated with the use of extensions by any application, project, or standard - regardless of the institution or jurisdiction that uses or defines the extensions.  The use of extensions is what allows the FHIR specification to retain a core level of simplicity for everyone.","Modifier extensions allow for extensions that *cannot* be safely ignored to be clearly distinguished from the vast majority of extensions which can be safely ignored.  This promotes interoperability by eliminating the need for implementers to prohibit the presence of extensions. For further information, see the [definition of modifier extensions](http://hl7.org/fhir/R4/extensibility.html#modifierExtension).","","","","","","","",,,,,"",,,,"BackboneElement.modifierExtension",0,*,"","ele-1:All FHIR elements must have a @value or children {hasValue() or (children().count() > id.count())}
ext-1:Must have either extensions or value[x], not both {extension.exists() != value.exists()}"
"MedicationOverview","Bundle.entry:MedRecordDispense.link","Bundle.entry.link","","","",0,*,"","","Y","null {[]} {[]}
","Links related to this entry","A series of links that provide context to this entry.","","","","","","","","","",,,,,"",,,,"Bundle.entry.link",0,*,"","ele-1:All FHIR elements must have a @value or children {hasValue() or (children().count() > id.count())}
"
"MedicationOverview","Bundle.entry:MedRecordDispense.fullUrl","Bundle.entry.fullUrl","","","",0,1,"","","Y","uri {[]} {[]}
","URI for resource (Absolute URL server address or URI for UUID/OID)","The Absolute URL for the resource.  The fullUrl SHALL NOT disagree with the id in the resource - i.e. if the fullUrl is not a urn:uuid, the URL shall be version-independent URL consistent with the Resource.id. The fullUrl is a version independent reference to the resource. The fullUrl element SHALL have a value except that: 
* fullUrl can be empty on a POST (although it does not need to when specifying a temporary id for reference in the bundle)
* Results from operations might involve resources that are not identified.","fullUrl might not be [unique in the context of a resource](http://hl7.org/fhir/R4/bundle.html#bundle-unique). Note that since [FHIR resources do not need to be served through the FHIR API](http://hl7.org/fhir/R4/references.html), the fullURL might be a URN or an absolute URL that does not end with the logical id of the resource (Resource.id). However, but if the fullUrl does look like a RESTful server URL (e.g. meets the [regex](http://hl7.org/fhir/R4/references.html#regex), then the 'id' portion of the fullUrl SHALL end with the Resource.id.

Note that the fullUrl is not the same as the canonical URL - it's an absolute url for an endpoint serving the resource (these will happen to have the same value on the canonical server for the resource with the canonical URL).","","","","","","","","",,,,,"",,,,"Bundle.entry.fullUrl",0,1,"","ele-1:All FHIR elements must have a @value or children {hasValue() or (children().count() > id.count())}
"
"MedicationOverview","Bundle.entry:MedRecordDispense.resource","Bundle.entry.resource","","","",1,1,"Y","","Y","MedicationDispense {[]} {[]}
","A resource in the bundle","The Resource for the entry. The purpose/meaning of the resource is determined by the Bundle.type.","","","","","","","","","",,,,,"",,,,"Bundle.entry.resource",0,1,"",""
"MedicationOverview","Bundle.entry:MedRecordDispense.search","Bundle.entry.search","","","",0,1,"","","Y","BackboneElement {[]} {[]}
","Search related information","Information about the search process that lead to the creation of this entry.","","","","","","","","","",,,,,"",,,,"Bundle.entry.search",0,1,"bdl-2
","ele-1:All FHIR elements must have a @value or children {hasValue() or (children().count() > id.count())}
"
"MedicationOverview","Bundle.entry:MedRecordDispense.search.id","Bundle.entry.search.id","","","",0,1,"","","","string {[]} {[]}
","Unique id for inter-element referencing","Unique id for the element within a resource (for internal references). This may be any string value that does not contain spaces.","","","","","","","","","",,,,,"",,,,"Element.id",0,1,"",""
"MedicationOverview","Bundle.entry:MedRecordDispense.search.extension","Bundle.entry.search.extension","","extensions
user content","",0,*,"","","","Extension {[]} {[]}
","Additional content defined by implementations","May be used to represent additional information that is not part of the basic definition of the element. To make the use of extensions safe and manageable, there is a strict set of governance  applied to the definition and use of extensions. Though any implementer can define an extension, there is a set of requirements that SHALL be met as part of the definition of the extension.","There can be no stigma associated with the use of extensions by any application, project, or standard - regardless of the institution or jurisdiction that uses or defines the extensions.  The use of extensions is what allows the FHIR specification to retain a core level of simplicity for everyone.","","","","","","","","",,,,,"",,,,"Element.extension",0,*,"","ele-1:All FHIR elements must have a @value or children {hasValue() or (children().count() > id.count())}
ext-1:Must have either extensions or value[x], not both {extension.exists() != value.exists()}"
"MedicationOverview","Bundle.entry:MedRecordDispense.search.modifierExtension","Bundle.entry.search.modifierExtension","","extensions
user contentmodifiers","",0,*,"","Y","Y","Extension {[]} {[]}
","Extensions that cannot be ignored even if unrecognized","May be used to represent additional information that is not part of the basic definition of the element and that modifies the understanding of the element in which it is contained and/or the understanding of the containing element's descendants. Usually modifier elements provide negation or qualification. To make the use of extensions safe and manageable, there is a strict set of governance applied to the definition and use of extensions. Though any implementer can define an extension, there is a set of requirements that SHALL be met as part of the definition of the extension. Applications processing a resource are required to check for modifier extensions.

Modifier extensions SHALL NOT change the meaning of any elements on Resource or DomainResource (including cannot change the meaning of modifierExtension itself).","There can be no stigma associated with the use of extensions by any application, project, or standard - regardless of the institution or jurisdiction that uses or defines the extensions.  The use of extensions is what allows the FHIR specification to retain a core level of simplicity for everyone.","Modifier extensions allow for extensions that *cannot* be safely ignored to be clearly distinguished from the vast majority of extensions which can be safely ignored.  This promotes interoperability by eliminating the need for implementers to prohibit the presence of extensions. For further information, see the [definition of modifier extensions](http://hl7.org/fhir/R4/extensibility.html#modifierExtension).","","","","","","","",,,,,"",,,,"BackboneElement.modifierExtension",0,*,"","ele-1:All FHIR elements must have a @value or children {hasValue() or (children().count() > id.count())}
ext-1:Must have either extensions or value[x], not both {extension.exists() != value.exists()}"
"MedicationOverview","Bundle.entry:MedRecordDispense.search.mode","Bundle.entry.search.mode","","","",0,1,"","","Y","code {[]} {[]}
","match | include | outcome - why this is in the result set","Why this entry is in the result set - whether it's included as a match or because of an _include requirement, or to convey information or warning information about the search process.","There is only one mode. In some corner cases, a resource may be included because it is both a match and an include. In these circumstances, 'match' takes precedence.","","","","","","","","",,"required","Why an entry is in the result set - whether it's included as a match or because of an _include requirement, or to convey information or warning information about the search process.","http://hl7.org/fhir/ValueSet/search-entry-mode|4.0.1","",,,,"Bundle.entry.search.mode",0,1,"","ele-1:All FHIR elements must have a @value or children {hasValue() or (children().count() > id.count())}
"
"MedicationOverview","Bundle.entry:MedRecordDispense.search.score","Bundle.entry.search.score","","","",0,1,"","","Y","decimal {[]} {[]}
","Search ranking (between 0 and 1)","When searching, the server's search ranking score for the entry.","Servers are not required to return a ranking score. 1 is most relevant, and 0 is least relevant. Often, search results are sorted by score, but the client may specify a different sort order.

See [Patient Match](http://hl7.org/fhir/R4/patient-operation-match.html) for the EMPI search which relates to this element.","","","","","","","","",,,,,"",,,,"Bundle.entry.search.score",0,1,"","ele-1:All FHIR elements must have a @value or children {hasValue() or (children().count() > id.count())}
"
"MedicationOverview","Bundle.entry:MedRecordDispense.request","Bundle.entry.request","","","",0,1,"","","Y","BackboneElement {[]} {[]}
","Additional execution information (transaction/batch/history)","Additional information about how this entry should be processed as part of a transaction or batch.  For history, it shows how the entry was processed to create the version contained in the entry.","","","","","","","","","",,,,,"",,,,"Bundle.entry.request",0,1,"bdl-3
","ele-1:All FHIR elements must have a @value or children {hasValue() or (children().count() > id.count())}
"
"MedicationOverview","Bundle.entry:MedRecordDispense.request.id","Bundle.entry.request.id","","","",0,1,"","","","string {[]} {[]}
","Unique id for inter-element referencing","Unique id for the element within a resource (for internal references). This may be any string value that does not contain spaces.","","","","","","","","","",,,,,"",,,,"Element.id",0,1,"",""
"MedicationOverview","Bundle.entry:MedRecordDispense.request.extension","Bundle.entry.request.extension","","extensions
user content","",0,*,"","","","Extension {[]} {[]}
","Additional content defined by implementations","May be used to represent additional information that is not part of the basic definition of the element. To make the use of extensions safe and manageable, there is a strict set of governance  applied to the definition and use of extensions. Though any implementer can define an extension, there is a set of requirements that SHALL be met as part of the definition of the extension.","There can be no stigma associated with the use of extensions by any application, project, or standard - regardless of the institution or jurisdiction that uses or defines the extensions.  The use of extensions is what allows the FHIR specification to retain a core level of simplicity for everyone.","","","","","","","","",,,,,"",,,,"Element.extension",0,*,"","ele-1:All FHIR elements must have a @value or children {hasValue() or (children().count() > id.count())}
ext-1:Must have either extensions or value[x], not both {extension.exists() != value.exists()}"
"MedicationOverview","Bundle.entry:MedRecordDispense.request.modifierExtension","Bundle.entry.request.modifierExtension","","extensions
user contentmodifiers","",0,*,"","Y","Y","Extension {[]} {[]}
","Extensions that cannot be ignored even if unrecognized","May be used to represent additional information that is not part of the basic definition of the element and that modifies the understanding of the element in which it is contained and/or the understanding of the containing element's descendants. Usually modifier elements provide negation or qualification. To make the use of extensions safe and manageable, there is a strict set of governance applied to the definition and use of extensions. Though any implementer can define an extension, there is a set of requirements that SHALL be met as part of the definition of the extension. Applications processing a resource are required to check for modifier extensions.

Modifier extensions SHALL NOT change the meaning of any elements on Resource or DomainResource (including cannot change the meaning of modifierExtension itself).","There can be no stigma associated with the use of extensions by any application, project, or standard - regardless of the institution or jurisdiction that uses or defines the extensions.  The use of extensions is what allows the FHIR specification to retain a core level of simplicity for everyone.","Modifier extensions allow for extensions that *cannot* be safely ignored to be clearly distinguished from the vast majority of extensions which can be safely ignored.  This promotes interoperability by eliminating the need for implementers to prohibit the presence of extensions. For further information, see the [definition of modifier extensions](http://hl7.org/fhir/R4/extensibility.html#modifierExtension).","","","","","","","",,,,,"",,,,"BackboneElement.modifierExtension",0,*,"","ele-1:All FHIR elements must have a @value or children {hasValue() or (children().count() > id.count())}
ext-1:Must have either extensions or value[x], not both {extension.exists() != value.exists()}"
"MedicationOverview","Bundle.entry:MedRecordDispense.request.method","Bundle.entry.request.method","","","",1,1,"","","Y","code {[]} {[]}
","GET | HEAD | POST | PUT | DELETE | PATCH","In a transaction or batch, this is the HTTP action to be executed for this entry. In a history bundle, this indicates the HTTP action that occurred.","","","","","","","","","",,"required","HTTP verbs (in the HTTP command line). See [HTTP rfc](https://tools.ietf.org/html/rfc7231) for details.","http://hl7.org/fhir/ValueSet/http-verb|4.0.1","",,,,"Bundle.entry.request.method",1,1,"","ele-1:All FHIR elements must have a @value or children {hasValue() or (children().count() > id.count())}
"
"MedicationOverview","Bundle.entry:MedRecordDispense.request.url","Bundle.entry.request.url","","","",1,1,"","","Y","uri {[]} {[]}
","URL for HTTP equivalent of this entry","The URL for this entry, relative to the root (the address to which the request is posted).","E.g. for a Patient Create, the method would be ""POST"" and the URL would be ""Patient"". For a Patient Update, the method would be PUT and the URL would be ""Patient/[id]"".","","","","","","","","",,,,,"",,,,"Bundle.entry.request.url",1,1,"","ele-1:All FHIR elements must have a @value or children {hasValue() or (children().count() > id.count())}
"
"MedicationOverview","Bundle.entry:MedRecordDispense.request.ifNoneMatch","Bundle.entry.request.ifNoneMatch","","","",0,1,"","","Y","string {[]} {[]}
","For managing cache currency","If the ETag values match, return a 304 Not Modified status. See the API documentation for [""Conditional Read""](http://hl7.org/fhir/R4/http.html#cread).","","","","","","","","","",,,,,"",,,,"Bundle.entry.request.ifNoneMatch",0,1,"","ele-1:All FHIR elements must have a @value or children {hasValue() or (children().count() > id.count())}
"
"MedicationOverview","Bundle.entry:MedRecordDispense.request.ifModifiedSince","Bundle.entry.request.ifModifiedSince","","","",0,1,"","","Y","instant {[]} {[]}
","For managing cache currency","Only perform the operation if the last updated date matches. See the API documentation for [""Conditional Read""](http://hl7.org/fhir/R4/http.html#cread).","","","","","","","","","",,,,,"",,,,"Bundle.entry.request.ifModifiedSince",0,1,"","ele-1:All FHIR elements must have a @value or children {hasValue() or (children().count() > id.count())}
"
"MedicationOverview","Bundle.entry:MedRecordDispense.request.ifMatch","Bundle.entry.request.ifMatch","","","",0,1,"","","Y","string {[]} {[]}
","For managing update contention","Only perform the operation if the Etag value matches. For more information, see the API section [""Managing Resource Contention""](http://hl7.org/fhir/R4/http.html#concurrency).","","","","","","","","","",,,,,"",,,,"Bundle.entry.request.ifMatch",0,1,"","ele-1:All FHIR elements must have a @value or children {hasValue() or (children().count() > id.count())}
"
"MedicationOverview","Bundle.entry:MedRecordDispense.request.ifNoneExist","Bundle.entry.request.ifNoneExist","","","",0,1,"","","Y","string {[]} {[]}
","For conditional creates","Instruct the server not to perform the create if a specified resource already exists. For further information, see the API documentation for [""Conditional Create""](http://hl7.org/fhir/R4/http.html#ccreate). This is just the query portion of the URL - what follows the ""?"" (not including the ""?"").","","","","","","","","","",,,,,"",,,,"Bundle.entry.request.ifNoneExist",0,1,"","ele-1:All FHIR elements must have a @value or children {hasValue() or (children().count() > id.count())}
"
"MedicationOverview","Bundle.entry:MedRecordDispense.response","Bundle.entry.response","","","",0,1,"","","Y","BackboneElement {[]} {[]}
","Results of execution (transaction/batch/history)","Indicates the results of processing the corresponding 'request' entry in the batch or transaction being responded to or what the results of an operation where when returning history.","","","","","","","","","",,,,,"",,,,"Bundle.entry.response",0,1,"bdl-4
","ele-1:All FHIR elements must have a @value or children {hasValue() or (children().count() > id.count())}
"
"MedicationOverview","Bundle.entry:MedRecordDispense.response.id","Bundle.entry.response.id","","","",0,1,"","","","string {[]} {[]}
","Unique id for inter-element referencing","Unique id for the element within a resource (for internal references). This may be any string value that does not contain spaces.","","","","","","","","","",,,,,"",,,,"Element.id",0,1,"",""
"MedicationOverview","Bundle.entry:MedRecordDispense.response.extension","Bundle.entry.response.extension","","extensions
user content","",0,*,"","","","Extension {[]} {[]}
","Additional content defined by implementations","May be used to represent additional information that is not part of the basic definition of the element. To make the use of extensions safe and manageable, there is a strict set of governance  applied to the definition and use of extensions. Though any implementer can define an extension, there is a set of requirements that SHALL be met as part of the definition of the extension.","There can be no stigma associated with the use of extensions by any application, project, or standard - regardless of the institution or jurisdiction that uses or defines the extensions.  The use of extensions is what allows the FHIR specification to retain a core level of simplicity for everyone.","","","","","","","","",,,,,"",,,,"Element.extension",0,*,"","ele-1:All FHIR elements must have a @value or children {hasValue() or (children().count() > id.count())}
ext-1:Must have either extensions or value[x], not both {extension.exists() != value.exists()}"
"MedicationOverview","Bundle.entry:MedRecordDispense.response.modifierExtension","Bundle.entry.response.modifierExtension","","extensions
user contentmodifiers","",0,*,"","Y","Y","Extension {[]} {[]}
","Extensions that cannot be ignored even if unrecognized","May be used to represent additional information that is not part of the basic definition of the element and that modifies the understanding of the element in which it is contained and/or the understanding of the containing element's descendants. Usually modifier elements provide negation or qualification. To make the use of extensions safe and manageable, there is a strict set of governance applied to the definition and use of extensions. Though any implementer can define an extension, there is a set of requirements that SHALL be met as part of the definition of the extension. Applications processing a resource are required to check for modifier extensions.

Modifier extensions SHALL NOT change the meaning of any elements on Resource or DomainResource (including cannot change the meaning of modifierExtension itself).","There can be no stigma associated with the use of extensions by any application, project, or standard - regardless of the institution or jurisdiction that uses or defines the extensions.  The use of extensions is what allows the FHIR specification to retain a core level of simplicity for everyone.","Modifier extensions allow for extensions that *cannot* be safely ignored to be clearly distinguished from the vast majority of extensions which can be safely ignored.  This promotes interoperability by eliminating the need for implementers to prohibit the presence of extensions. For further information, see the [definition of modifier extensions](http://hl7.org/fhir/R4/extensibility.html#modifierExtension).","","","","","","","",,,,,"",,,,"BackboneElement.modifierExtension",0,*,"","ele-1:All FHIR elements must have a @value or children {hasValue() or (children().count() > id.count())}
ext-1:Must have either extensions or value[x], not both {extension.exists() != value.exists()}"
"MedicationOverview","Bundle.entry:MedRecordDispense.response.status","Bundle.entry.response.status","","","",1,1,"","","Y","string {[]} {[]}
","Status response code (text optional)","The status code returned by processing this entry. The status SHALL start with a 3 digit HTTP code (e.g. 404) and may contain the standard HTTP description associated with the status code.","","","","","","","","","",,,,,"",,,,"Bundle.entry.response.status",1,1,"","ele-1:All FHIR elements must have a @value or children {hasValue() or (children().count() > id.count())}
"
"MedicationOverview","Bundle.entry:MedRecordDispense.response.location","Bundle.entry.response.location","","","",0,1,"","","Y","uri {[]} {[]}
","The location (if the operation returns a location)","The location header created by processing this operation, populated if the operation returns a location.","","","","","","","","","",,,,,"",,,,"Bundle.entry.response.location",0,1,"","ele-1:All FHIR elements must have a @value or children {hasValue() or (children().count() > id.count())}
"
"MedicationOverview","Bundle.entry:MedRecordDispense.response.etag","Bundle.entry.response.etag","","","",0,1,"","","Y","string {[]} {[]}
","The Etag for the resource (if relevant)","The Etag for the resource, if the operation for the entry produced a versioned resource (see [Resource Metadata and Versioning](http://hl7.org/fhir/R4/http.html#versioning) and [Managing Resource Contention](http://hl7.org/fhir/R4/http.html#concurrency)).","Etags match the Resource.meta.versionId. The ETag has to match the version id in the header if a resource is included.","","","","","","","","",,,,,"",,,,"Bundle.entry.response.etag",0,1,"","ele-1:All FHIR elements must have a @value or children {hasValue() or (children().count() > id.count())}
"
"MedicationOverview","Bundle.entry:MedRecordDispense.response.lastModified","Bundle.entry.response.lastModified","","","",0,1,"","","Y","instant {[]} {[]}
","Server's date time modified","The date/time that the resource was modified on the server.","This has to match the same time in the meta header (meta.lastUpdated) if a resource is included.","","","","","","","","",,,,,"",,,,"Bundle.entry.response.lastModified",0,1,"","ele-1:All FHIR elements must have a @value or children {hasValue() or (children().count() > id.count())}
"
"MedicationOverview","Bundle.entry:MedRecordDispense.response.outcome","Bundle.entry.response.outcome","","","",0,1,"","","Y","Resource {[]} {[]}
","OperationOutcome with hints and warnings (for batch/transaction)","An OperationOutcome containing hints and warnings produced as part of processing this entry in a batch or transaction.","For a POST/PUT operation, this is the equivalent outcome that would be returned for prefer = operationoutcome - except that the resource is always returned whether or not the outcome is returned.

This outcome is not used for error responses in batch/transaction, only for hints and warnings. In a batch operation, the error will be in Bundle.entry.response, and for transaction, there will be a single OperationOutcome instead of a bundle in the case of an error.","","","","","","","","",,,,,"",,,,"Bundle.entry.response.outcome",0,1,"",""
"MedicationOverview","Bundle.entry:MedRecordAdministration","Bundle.entry","MedRecordAdministration","","",0,*,"","","Y","BackboneElement {[]} {[]}
","Medication summaries associated with the patient","An entry in a bundle resource - will either contain a resource or information about a resource (transactions and history only).","","","","","","","","","",,,,,"",,,,"Bundle.entry",0,*,"","bdl-5:must be a resource unless there's a request or response {resource.exists() or request.exists() or response.exists()}
bdl-8:fullUrl cannot be a version specific reference {fullUrl.contains('/_history/').not()}ele-1:All FHIR elements must have a @value or children {hasValue() or (children().count() > id.count())}"
"MedicationOverview","Bundle.entry:MedRecordAdministration.id","Bundle.entry.id","","","",0,1,"","","","string {[]} {[]}
","Unique id for inter-element referencing","Unique id for the element within a resource (for internal references). This may be any string value that does not contain spaces.","","","","","","","","","",,,,,"",,,,"Element.id",0,1,"",""
"MedicationOverview","Bundle.entry:MedRecordAdministration.extension","Bundle.entry.extension","","extensions
user content","",0,*,"","","","Extension {[]} {[]}
","Additional content defined by implementations","May be used to represent additional information that is not part of the basic definition of the element. To make the use of extensions safe and manageable, there is a strict set of governance  applied to the definition and use of extensions. Though any implementer can define an extension, there is a set of requirements that SHALL be met as part of the definition of the extension.","There can be no stigma associated with the use of extensions by any application, project, or standard - regardless of the institution or jurisdiction that uses or defines the extensions.  The use of extensions is what allows the FHIR specification to retain a core level of simplicity for everyone.","","","","","","","","",,,,,"",,,,"Element.extension",0,*,"","ele-1:All FHIR elements must have a @value or children {hasValue() or (children().count() > id.count())}
ext-1:Must have either extensions or value[x], not both {extension.exists() != value.exists()}"
"MedicationOverview","Bundle.entry:MedRecordAdministration.modifierExtension","Bundle.entry.modifierExtension","","extensions
user contentmodifiers","",0,*,"","Y","Y","Extension {[]} {[]}
","Extensions that cannot be ignored even if unrecognized","May be used to represent additional information that is not part of the basic definition of the element and that modifies the understanding of the element in which it is contained and/or the understanding of the containing element's descendants. Usually modifier elements provide negation or qualification. To make the use of extensions safe and manageable, there is a strict set of governance applied to the definition and use of extensions. Though any implementer can define an extension, there is a set of requirements that SHALL be met as part of the definition of the extension. Applications processing a resource are required to check for modifier extensions.

Modifier extensions SHALL NOT change the meaning of any elements on Resource or DomainResource (including cannot change the meaning of modifierExtension itself).","There can be no stigma associated with the use of extensions by any application, project, or standard - regardless of the institution or jurisdiction that uses or defines the extensions.  The use of extensions is what allows the FHIR specification to retain a core level of simplicity for everyone.","Modifier extensions allow for extensions that *cannot* be safely ignored to be clearly distinguished from the vast majority of extensions which can be safely ignored.  This promotes interoperability by eliminating the need for implementers to prohibit the presence of extensions. For further information, see the [definition of modifier extensions](http://hl7.org/fhir/R4/extensibility.html#modifierExtension).","","","","","","","",,,,,"",,,,"BackboneElement.modifierExtension",0,*,"","ele-1:All FHIR elements must have a @value or children {hasValue() or (children().count() > id.count())}
ext-1:Must have either extensions or value[x], not both {extension.exists() != value.exists()}"
"MedicationOverview","Bundle.entry:MedRecordAdministration.link","Bundle.entry.link","","","",0,*,"","","Y","null {[]} {[]}
","Links related to this entry","A series of links that provide context to this entry.","","","","","","","","","",,,,,"",,,,"Bundle.entry.link",0,*,"","ele-1:All FHIR elements must have a @value or children {hasValue() or (children().count() > id.count())}
"
"MedicationOverview","Bundle.entry:MedRecordAdministration.fullUrl","Bundle.entry.fullUrl","","","",0,1,"","","Y","uri {[]} {[]}
","URI for resource (Absolute URL server address or URI for UUID/OID)","The Absolute URL for the resource.  The fullUrl SHALL NOT disagree with the id in the resource - i.e. if the fullUrl is not a urn:uuid, the URL shall be version-independent URL consistent with the Resource.id. The fullUrl is a version independent reference to the resource. The fullUrl element SHALL have a value except that: 
* fullUrl can be empty on a POST (although it does not need to when specifying a temporary id for reference in the bundle)
* Results from operations might involve resources that are not identified.","fullUrl might not be [unique in the context of a resource](http://hl7.org/fhir/R4/bundle.html#bundle-unique). Note that since [FHIR resources do not need to be served through the FHIR API](http://hl7.org/fhir/R4/references.html), the fullURL might be a URN or an absolute URL that does not end with the logical id of the resource (Resource.id). However, but if the fullUrl does look like a RESTful server URL (e.g. meets the [regex](http://hl7.org/fhir/R4/references.html#regex), then the 'id' portion of the fullUrl SHALL end with the Resource.id.

Note that the fullUrl is not the same as the canonical URL - it's an absolute url for an endpoint serving the resource (these will happen to have the same value on the canonical server for the resource with the canonical URL).","","","","","","","","",,,,,"",,,,"Bundle.entry.fullUrl",0,1,"","ele-1:All FHIR elements must have a @value or children {hasValue() or (children().count() > id.count())}
"
"MedicationOverview","Bundle.entry:MedRecordAdministration.resource","Bundle.entry.resource","","","",1,1,"Y","","Y","MedicationAdministration {[]} {[]}
","A resource in the bundle","The Resource for the entry. The purpose/meaning of the resource is determined by the Bundle.type.","","","","","","","","","",,,,,"",,,,"Bundle.entry.resource",0,1,"",""
"MedicationOverview","Bundle.entry:MedRecordAdministration.search","Bundle.entry.search","","","",0,1,"","","Y","BackboneElement {[]} {[]}
","Search related information","Information about the search process that lead to the creation of this entry.","","","","","","","","","",,,,,"",,,,"Bundle.entry.search",0,1,"bdl-2
","ele-1:All FHIR elements must have a @value or children {hasValue() or (children().count() > id.count())}
"
"MedicationOverview","Bundle.entry:MedRecordAdministration.search.id","Bundle.entry.search.id","","","",0,1,"","","","string {[]} {[]}
","Unique id for inter-element referencing","Unique id for the element within a resource (for internal references). This may be any string value that does not contain spaces.","","","","","","","","","",,,,,"",,,,"Element.id",0,1,"",""
"MedicationOverview","Bundle.entry:MedRecordAdministration.search.extension","Bundle.entry.search.extension","","extensions
user content","",0,*,"","","","Extension {[]} {[]}
","Additional content defined by implementations","May be used to represent additional information that is not part of the basic definition of the element. To make the use of extensions safe and manageable, there is a strict set of governance  applied to the definition and use of extensions. Though any implementer can define an extension, there is a set of requirements that SHALL be met as part of the definition of the extension.","There can be no stigma associated with the use of extensions by any application, project, or standard - regardless of the institution or jurisdiction that uses or defines the extensions.  The use of extensions is what allows the FHIR specification to retain a core level of simplicity for everyone.","","","","","","","","",,,,,"",,,,"Element.extension",0,*,"","ele-1:All FHIR elements must have a @value or children {hasValue() or (children().count() > id.count())}
ext-1:Must have either extensions or value[x], not both {extension.exists() != value.exists()}"
"MedicationOverview","Bundle.entry:MedRecordAdministration.search.modifierExtension","Bundle.entry.search.modifierExtension","","extensions
user contentmodifiers","",0,*,"","Y","Y","Extension {[]} {[]}
","Extensions that cannot be ignored even if unrecognized","May be used to represent additional information that is not part of the basic definition of the element and that modifies the understanding of the element in which it is contained and/or the understanding of the containing element's descendants. Usually modifier elements provide negation or qualification. To make the use of extensions safe and manageable, there is a strict set of governance applied to the definition and use of extensions. Though any implementer can define an extension, there is a set of requirements that SHALL be met as part of the definition of the extension. Applications processing a resource are required to check for modifier extensions.

Modifier extensions SHALL NOT change the meaning of any elements on Resource or DomainResource (including cannot change the meaning of modifierExtension itself).","There can be no stigma associated with the use of extensions by any application, project, or standard - regardless of the institution or jurisdiction that uses or defines the extensions.  The use of extensions is what allows the FHIR specification to retain a core level of simplicity for everyone.","Modifier extensions allow for extensions that *cannot* be safely ignored to be clearly distinguished from the vast majority of extensions which can be safely ignored.  This promotes interoperability by eliminating the need for implementers to prohibit the presence of extensions. For further information, see the [definition of modifier extensions](http://hl7.org/fhir/R4/extensibility.html#modifierExtension).","","","","","","","",,,,,"",,,,"BackboneElement.modifierExtension",0,*,"","ele-1:All FHIR elements must have a @value or children {hasValue() or (children().count() > id.count())}
ext-1:Must have either extensions or value[x], not both {extension.exists() != value.exists()}"
"MedicationOverview","Bundle.entry:MedRecordAdministration.search.mode","Bundle.entry.search.mode","","","",0,1,"","","Y","code {[]} {[]}
","match | include | outcome - why this is in the result set","Why this entry is in the result set - whether it's included as a match or because of an _include requirement, or to convey information or warning information about the search process.","There is only one mode. In some corner cases, a resource may be included because it is both a match and an include. In these circumstances, 'match' takes precedence.","","","","","","","","",,"required","Why an entry is in the result set - whether it's included as a match or because of an _include requirement, or to convey information or warning information about the search process.","http://hl7.org/fhir/ValueSet/search-entry-mode|4.0.1","",,,,"Bundle.entry.search.mode",0,1,"","ele-1:All FHIR elements must have a @value or children {hasValue() or (children().count() > id.count())}
"
"MedicationOverview","Bundle.entry:MedRecordAdministration.search.score","Bundle.entry.search.score","","","",0,1,"","","Y","decimal {[]} {[]}
","Search ranking (between 0 and 1)","When searching, the server's search ranking score for the entry.","Servers are not required to return a ranking score. 1 is most relevant, and 0 is least relevant. Often, search results are sorted by score, but the client may specify a different sort order.

See [Patient Match](http://hl7.org/fhir/R4/patient-operation-match.html) for the EMPI search which relates to this element.","","","","","","","","",,,,,"",,,,"Bundle.entry.search.score",0,1,"","ele-1:All FHIR elements must have a @value or children {hasValue() or (children().count() > id.count())}
"
"MedicationOverview","Bundle.entry:MedRecordAdministration.request","Bundle.entry.request","","","",0,1,"","","Y","BackboneElement {[]} {[]}
","Additional execution information (transaction/batch/history)","Additional information about how this entry should be processed as part of a transaction or batch.  For history, it shows how the entry was processed to create the version contained in the entry.","","","","","","","","","",,,,,"",,,,"Bundle.entry.request",0,1,"bdl-3
","ele-1:All FHIR elements must have a @value or children {hasValue() or (children().count() > id.count())}
"
"MedicationOverview","Bundle.entry:MedRecordAdministration.request.id","Bundle.entry.request.id","","","",0,1,"","","","string {[]} {[]}
","Unique id for inter-element referencing","Unique id for the element within a resource (for internal references). This may be any string value that does not contain spaces.","","","","","","","","","",,,,,"",,,,"Element.id",0,1,"",""
"MedicationOverview","Bundle.entry:MedRecordAdministration.request.extension","Bundle.entry.request.extension","","extensions
user content","",0,*,"","","","Extension {[]} {[]}
","Additional content defined by implementations","May be used to represent additional information that is not part of the basic definition of the element. To make the use of extensions safe and manageable, there is a strict set of governance  applied to the definition and use of extensions. Though any implementer can define an extension, there is a set of requirements that SHALL be met as part of the definition of the extension.","There can be no stigma associated with the use of extensions by any application, project, or standard - regardless of the institution or jurisdiction that uses or defines the extensions.  The use of extensions is what allows the FHIR specification to retain a core level of simplicity for everyone.","","","","","","","","",,,,,"",,,,"Element.extension",0,*,"","ele-1:All FHIR elements must have a @value or children {hasValue() or (children().count() > id.count())}
ext-1:Must have either extensions or value[x], not both {extension.exists() != value.exists()}"
"MedicationOverview","Bundle.entry:MedRecordAdministration.request.modifierExtension","Bundle.entry.request.modifierExtension","","extensions
user contentmodifiers","",0,*,"","Y","Y","Extension {[]} {[]}
","Extensions that cannot be ignored even if unrecognized","May be used to represent additional information that is not part of the basic definition of the element and that modifies the understanding of the element in which it is contained and/or the understanding of the containing element's descendants. Usually modifier elements provide negation or qualification. To make the use of extensions safe and manageable, there is a strict set of governance applied to the definition and use of extensions. Though any implementer can define an extension, there is a set of requirements that SHALL be met as part of the definition of the extension. Applications processing a resource are required to check for modifier extensions.

Modifier extensions SHALL NOT change the meaning of any elements on Resource or DomainResource (including cannot change the meaning of modifierExtension itself).","There can be no stigma associated with the use of extensions by any application, project, or standard - regardless of the institution or jurisdiction that uses or defines the extensions.  The use of extensions is what allows the FHIR specification to retain a core level of simplicity for everyone.","Modifier extensions allow for extensions that *cannot* be safely ignored to be clearly distinguished from the vast majority of extensions which can be safely ignored.  This promotes interoperability by eliminating the need for implementers to prohibit the presence of extensions. For further information, see the [definition of modifier extensions](http://hl7.org/fhir/R4/extensibility.html#modifierExtension).","","","","","","","",,,,,"",,,,"BackboneElement.modifierExtension",0,*,"","ele-1:All FHIR elements must have a @value or children {hasValue() or (children().count() > id.count())}
ext-1:Must have either extensions or value[x], not both {extension.exists() != value.exists()}"
"MedicationOverview","Bundle.entry:MedRecordAdministration.request.method","Bundle.entry.request.method","","","",1,1,"","","Y","code {[]} {[]}
","GET | HEAD | POST | PUT | DELETE | PATCH","In a transaction or batch, this is the HTTP action to be executed for this entry. In a history bundle, this indicates the HTTP action that occurred.","","","","","","","","","",,"required","HTTP verbs (in the HTTP command line). See [HTTP rfc](https://tools.ietf.org/html/rfc7231) for details.","http://hl7.org/fhir/ValueSet/http-verb|4.0.1","",,,,"Bundle.entry.request.method",1,1,"","ele-1:All FHIR elements must have a @value or children {hasValue() or (children().count() > id.count())}
"
"MedicationOverview","Bundle.entry:MedRecordAdministration.request.url","Bundle.entry.request.url","","","",1,1,"","","Y","uri {[]} {[]}
","URL for HTTP equivalent of this entry","The URL for this entry, relative to the root (the address to which the request is posted).","E.g. for a Patient Create, the method would be ""POST"" and the URL would be ""Patient"". For a Patient Update, the method would be PUT and the URL would be ""Patient/[id]"".","","","","","","","","",,,,,"",,,,"Bundle.entry.request.url",1,1,"","ele-1:All FHIR elements must have a @value or children {hasValue() or (children().count() > id.count())}
"
"MedicationOverview","Bundle.entry:MedRecordAdministration.request.ifNoneMatch","Bundle.entry.request.ifNoneMatch","","","",0,1,"","","Y","string {[]} {[]}
","For managing cache currency","If the ETag values match, return a 304 Not Modified status. See the API documentation for [""Conditional Read""](http://hl7.org/fhir/R4/http.html#cread).","","","","","","","","","",,,,,"",,,,"Bundle.entry.request.ifNoneMatch",0,1,"","ele-1:All FHIR elements must have a @value or children {hasValue() or (children().count() > id.count())}
"
"MedicationOverview","Bundle.entry:MedRecordAdministration.request.ifModifiedSince","Bundle.entry.request.ifModifiedSince","","","",0,1,"","","Y","instant {[]} {[]}
","For managing cache currency","Only perform the operation if the last updated date matches. See the API documentation for [""Conditional Read""](http://hl7.org/fhir/R4/http.html#cread).","","","","","","","","","",,,,,"",,,,"Bundle.entry.request.ifModifiedSince",0,1,"","ele-1:All FHIR elements must have a @value or children {hasValue() or (children().count() > id.count())}
"
"MedicationOverview","Bundle.entry:MedRecordAdministration.request.ifMatch","Bundle.entry.request.ifMatch","","","",0,1,"","","Y","string {[]} {[]}
","For managing update contention","Only perform the operation if the Etag value matches. For more information, see the API section [""Managing Resource Contention""](http://hl7.org/fhir/R4/http.html#concurrency).","","","","","","","","","",,,,,"",,,,"Bundle.entry.request.ifMatch",0,1,"","ele-1:All FHIR elements must have a @value or children {hasValue() or (children().count() > id.count())}
"
"MedicationOverview","Bundle.entry:MedRecordAdministration.request.ifNoneExist","Bundle.entry.request.ifNoneExist","","","",0,1,"","","Y","string {[]} {[]}
","For conditional creates","Instruct the server not to perform the create if a specified resource already exists. For further information, see the API documentation for [""Conditional Create""](http://hl7.org/fhir/R4/http.html#ccreate). This is just the query portion of the URL - what follows the ""?"" (not including the ""?"").","","","","","","","","","",,,,,"",,,,"Bundle.entry.request.ifNoneExist",0,1,"","ele-1:All FHIR elements must have a @value or children {hasValue() or (children().count() > id.count())}
"
"MedicationOverview","Bundle.entry:MedRecordAdministration.response","Bundle.entry.response","","","",0,1,"","","Y","BackboneElement {[]} {[]}
","Results of execution (transaction/batch/history)","Indicates the results of processing the corresponding 'request' entry in the batch or transaction being responded to or what the results of an operation where when returning history.","","","","","","","","","",,,,,"",,,,"Bundle.entry.response",0,1,"bdl-4
","ele-1:All FHIR elements must have a @value or children {hasValue() or (children().count() > id.count())}
"
"MedicationOverview","Bundle.entry:MedRecordAdministration.response.id","Bundle.entry.response.id","","","",0,1,"","","","string {[]} {[]}
","Unique id for inter-element referencing","Unique id for the element within a resource (for internal references). This may be any string value that does not contain spaces.","","","","","","","","","",,,,,"",,,,"Element.id",0,1,"",""
"MedicationOverview","Bundle.entry:MedRecordAdministration.response.extension","Bundle.entry.response.extension","","extensions
user content","",0,*,"","","","Extension {[]} {[]}
","Additional content defined by implementations","May be used to represent additional information that is not part of the basic definition of the element. To make the use of extensions safe and manageable, there is a strict set of governance  applied to the definition and use of extensions. Though any implementer can define an extension, there is a set of requirements that SHALL be met as part of the definition of the extension.","There can be no stigma associated with the use of extensions by any application, project, or standard - regardless of the institution or jurisdiction that uses or defines the extensions.  The use of extensions is what allows the FHIR specification to retain a core level of simplicity for everyone.","","","","","","","","",,,,,"",,,,"Element.extension",0,*,"","ele-1:All FHIR elements must have a @value or children {hasValue() or (children().count() > id.count())}
ext-1:Must have either extensions or value[x], not both {extension.exists() != value.exists()}"
"MedicationOverview","Bundle.entry:MedRecordAdministration.response.modifierExtension","Bundle.entry.response.modifierExtension","","extensions
user contentmodifiers","",0,*,"","Y","Y","Extension {[]} {[]}
","Extensions that cannot be ignored even if unrecognized","May be used to represent additional information that is not part of the basic definition of the element and that modifies the understanding of the element in which it is contained and/or the understanding of the containing element's descendants. Usually modifier elements provide negation or qualification. To make the use of extensions safe and manageable, there is a strict set of governance applied to the definition and use of extensions. Though any implementer can define an extension, there is a set of requirements that SHALL be met as part of the definition of the extension. Applications processing a resource are required to check for modifier extensions.

Modifier extensions SHALL NOT change the meaning of any elements on Resource or DomainResource (including cannot change the meaning of modifierExtension itself).","There can be no stigma associated with the use of extensions by any application, project, or standard - regardless of the institution or jurisdiction that uses or defines the extensions.  The use of extensions is what allows the FHIR specification to retain a core level of simplicity for everyone.","Modifier extensions allow for extensions that *cannot* be safely ignored to be clearly distinguished from the vast majority of extensions which can be safely ignored.  This promotes interoperability by eliminating the need for implementers to prohibit the presence of extensions. For further information, see the [definition of modifier extensions](http://hl7.org/fhir/R4/extensibility.html#modifierExtension).","","","","","","","",,,,,"",,,,"BackboneElement.modifierExtension",0,*,"","ele-1:All FHIR elements must have a @value or children {hasValue() or (children().count() > id.count())}
ext-1:Must have either extensions or value[x], not both {extension.exists() != value.exists()}"
"MedicationOverview","Bundle.entry:MedRecordAdministration.response.status","Bundle.entry.response.status","","","",1,1,"","","Y","string {[]} {[]}
","Status response code (text optional)","The status code returned by processing this entry. The status SHALL start with a 3 digit HTTP code (e.g. 404) and may contain the standard HTTP description associated with the status code.","","","","","","","","","",,,,,"",,,,"Bundle.entry.response.status",1,1,"","ele-1:All FHIR elements must have a @value or children {hasValue() or (children().count() > id.count())}
"
"MedicationOverview","Bundle.entry:MedRecordAdministration.response.location","Bundle.entry.response.location","","","",0,1,"","","Y","uri {[]} {[]}
","The location (if the operation returns a location)","The location header created by processing this operation, populated if the operation returns a location.","","","","","","","","","",,,,,"",,,,"Bundle.entry.response.location",0,1,"","ele-1:All FHIR elements must have a @value or children {hasValue() or (children().count() > id.count())}
"
"MedicationOverview","Bundle.entry:MedRecordAdministration.response.etag","Bundle.entry.response.etag","","","",0,1,"","","Y","string {[]} {[]}
","The Etag for the resource (if relevant)","The Etag for the resource, if the operation for the entry produced a versioned resource (see [Resource Metadata and Versioning](http://hl7.org/fhir/R4/http.html#versioning) and [Managing Resource Contention](http://hl7.org/fhir/R4/http.html#concurrency)).","Etags match the Resource.meta.versionId. The ETag has to match the version id in the header if a resource is included.","","","","","","","","",,,,,"",,,,"Bundle.entry.response.etag",0,1,"","ele-1:All FHIR elements must have a @value or children {hasValue() or (children().count() > id.count())}
"
"MedicationOverview","Bundle.entry:MedRecordAdministration.response.lastModified","Bundle.entry.response.lastModified","","","",0,1,"","","Y","instant {[]} {[]}
","Server's date time modified","The date/time that the resource was modified on the server.","This has to match the same time in the meta header (meta.lastUpdated) if a resource is included.","","","","","","","","",,,,,"",,,,"Bundle.entry.response.lastModified",0,1,"","ele-1:All FHIR elements must have a @value or children {hasValue() or (children().count() > id.count())}
"
"MedicationOverview","Bundle.entry:MedRecordAdministration.response.outcome","Bundle.entry.response.outcome","","","",0,1,"","","Y","Resource {[]} {[]}
","OperationOutcome with hints and warnings (for batch/transaction)","An OperationOutcome containing hints and warnings produced as part of processing this entry in a batch or transaction.","For a POST/PUT operation, this is the equivalent outcome that would be returned for prefer = operationoutcome - except that the resource is always returned whether or not the outcome is returned.

This outcome is not used for error responses in batch/transaction, only for hints and warnings. In a batch operation, the error will be in Bundle.entry.response, and for transaction, there will be a single OperationOutcome instead of a bundle in the case of an error.","","","","","","","","",,,,,"",,,,"Bundle.entry.response.outcome",0,1,"",""
"MedicationOverview","Bundle.entry:MedRecordUsage","Bundle.entry","MedRecordUsage","","",0,*,"","","Y","BackboneElement {[]} {[]}
","Medication summaries associated with the patient","An entry in a bundle resource - will either contain a resource or information about a resource (transactions and history only).","","","","","","","","","",,,,,"",,,,"Bundle.entry",0,*,"","bdl-5:must be a resource unless there's a request or response {resource.exists() or request.exists() or response.exists()}
bdl-8:fullUrl cannot be a version specific reference {fullUrl.contains('/_history/').not()}ele-1:All FHIR elements must have a @value or children {hasValue() or (children().count() > id.count())}"
"MedicationOverview","Bundle.entry:MedRecordUsage.id","Bundle.entry.id","","","",0,1,"","","","string {[]} {[]}
","Unique id for inter-element referencing","Unique id for the element within a resource (for internal references). This may be any string value that does not contain spaces.","","","","","","","","","",,,,,"",,,,"Element.id",0,1,"",""
"MedicationOverview","Bundle.entry:MedRecordUsage.extension","Bundle.entry.extension","","extensions
user content","",0,*,"","","","Extension {[]} {[]}
","Additional content defined by implementations","May be used to represent additional information that is not part of the basic definition of the element. To make the use of extensions safe and manageable, there is a strict set of governance  applied to the definition and use of extensions. Though any implementer can define an extension, there is a set of requirements that SHALL be met as part of the definition of the extension.","There can be no stigma associated with the use of extensions by any application, project, or standard - regardless of the institution or jurisdiction that uses or defines the extensions.  The use of extensions is what allows the FHIR specification to retain a core level of simplicity for everyone.","","","","","","","","",,,,,"",,,,"Element.extension",0,*,"","ele-1:All FHIR elements must have a @value or children {hasValue() or (children().count() > id.count())}
ext-1:Must have either extensions or value[x], not both {extension.exists() != value.exists()}"
"MedicationOverview","Bundle.entry:MedRecordUsage.modifierExtension","Bundle.entry.modifierExtension","","extensions
user contentmodifiers","",0,*,"","Y","Y","Extension {[]} {[]}
","Extensions that cannot be ignored even if unrecognized","May be used to represent additional information that is not part of the basic definition of the element and that modifies the understanding of the element in which it is contained and/or the understanding of the containing element's descendants. Usually modifier elements provide negation or qualification. To make the use of extensions safe and manageable, there is a strict set of governance applied to the definition and use of extensions. Though any implementer can define an extension, there is a set of requirements that SHALL be met as part of the definition of the extension. Applications processing a resource are required to check for modifier extensions.

Modifier extensions SHALL NOT change the meaning of any elements on Resource or DomainResource (including cannot change the meaning of modifierExtension itself).","There can be no stigma associated with the use of extensions by any application, project, or standard - regardless of the institution or jurisdiction that uses or defines the extensions.  The use of extensions is what allows the FHIR specification to retain a core level of simplicity for everyone.","Modifier extensions allow for extensions that *cannot* be safely ignored to be clearly distinguished from the vast majority of extensions which can be safely ignored.  This promotes interoperability by eliminating the need for implementers to prohibit the presence of extensions. For further information, see the [definition of modifier extensions](http://hl7.org/fhir/R4/extensibility.html#modifierExtension).","","","","","","","",,,,,"",,,,"BackboneElement.modifierExtension",0,*,"","ele-1:All FHIR elements must have a @value or children {hasValue() or (children().count() > id.count())}
ext-1:Must have either extensions or value[x], not both {extension.exists() != value.exists()}"
"MedicationOverview","Bundle.entry:MedRecordUsage.link","Bundle.entry.link","","","",0,*,"","","Y","null {[]} {[]}
","Links related to this entry","A series of links that provide context to this entry.","","","","","","","","","",,,,,"",,,,"Bundle.entry.link",0,*,"","ele-1:All FHIR elements must have a @value or children {hasValue() or (children().count() > id.count())}
"
"MedicationOverview","Bundle.entry:MedRecordUsage.fullUrl","Bundle.entry.fullUrl","","","",0,1,"","","Y","uri {[]} {[]}
","URI for resource (Absolute URL server address or URI for UUID/OID)","The Absolute URL for the resource.  The fullUrl SHALL NOT disagree with the id in the resource - i.e. if the fullUrl is not a urn:uuid, the URL shall be version-independent URL consistent with the Resource.id. The fullUrl is a version independent reference to the resource. The fullUrl element SHALL have a value except that: 
* fullUrl can be empty on a POST (although it does not need to when specifying a temporary id for reference in the bundle)
* Results from operations might involve resources that are not identified.","fullUrl might not be [unique in the context of a resource](http://hl7.org/fhir/R4/bundle.html#bundle-unique). Note that since [FHIR resources do not need to be served through the FHIR API](http://hl7.org/fhir/R4/references.html), the fullURL might be a URN or an absolute URL that does not end with the logical id of the resource (Resource.id). However, but if the fullUrl does look like a RESTful server URL (e.g. meets the [regex](http://hl7.org/fhir/R4/references.html#regex), then the 'id' portion of the fullUrl SHALL end with the Resource.id.

Note that the fullUrl is not the same as the canonical URL - it's an absolute url for an endpoint serving the resource (these will happen to have the same value on the canonical server for the resource with the canonical URL).","","","","","","","","",,,,,"",,,,"Bundle.entry.fullUrl",0,1,"","ele-1:All FHIR elements must have a @value or children {hasValue() or (children().count() > id.count())}
"
"MedicationOverview","Bundle.entry:MedRecordUsage.resource","Bundle.entry.resource","","","",1,1,"Y","","Y","MedicationStatement {[]} {[]}
","A resource in the bundle","The Resource for the entry. The purpose/meaning of the resource is determined by the Bundle.type.","","","","","","","","","",,,,,"",,,,"Bundle.entry.resource",0,1,"",""
"MedicationOverview","Bundle.entry:MedRecordUsage.search","Bundle.entry.search","","","",0,1,"","","Y","BackboneElement {[]} {[]}
","Search related information","Information about the search process that lead to the creation of this entry.","","","","","","","","","",,,,,"",,,,"Bundle.entry.search",0,1,"bdl-2
","ele-1:All FHIR elements must have a @value or children {hasValue() or (children().count() > id.count())}
"
"MedicationOverview","Bundle.entry:MedRecordUsage.search.id","Bundle.entry.search.id","","","",0,1,"","","","string {[]} {[]}
","Unique id for inter-element referencing","Unique id for the element within a resource (for internal references). This may be any string value that does not contain spaces.","","","","","","","","","",,,,,"",,,,"Element.id",0,1,"",""
"MedicationOverview","Bundle.entry:MedRecordUsage.search.extension","Bundle.entry.search.extension","","extensions
user content","",0,*,"","","","Extension {[]} {[]}
","Additional content defined by implementations","May be used to represent additional information that is not part of the basic definition of the element. To make the use of extensions safe and manageable, there is a strict set of governance  applied to the definition and use of extensions. Though any implementer can define an extension, there is a set of requirements that SHALL be met as part of the definition of the extension.","There can be no stigma associated with the use of extensions by any application, project, or standard - regardless of the institution or jurisdiction that uses or defines the extensions.  The use of extensions is what allows the FHIR specification to retain a core level of simplicity for everyone.","","","","","","","","",,,,,"",,,,"Element.extension",0,*,"","ele-1:All FHIR elements must have a @value or children {hasValue() or (children().count() > id.count())}
ext-1:Must have either extensions or value[x], not both {extension.exists() != value.exists()}"
"MedicationOverview","Bundle.entry:MedRecordUsage.search.modifierExtension","Bundle.entry.search.modifierExtension","","extensions
user contentmodifiers","",0,*,"","Y","Y","Extension {[]} {[]}
","Extensions that cannot be ignored even if unrecognized","May be used to represent additional information that is not part of the basic definition of the element and that modifies the understanding of the element in which it is contained and/or the understanding of the containing element's descendants. Usually modifier elements provide negation or qualification. To make the use of extensions safe and manageable, there is a strict set of governance applied to the definition and use of extensions. Though any implementer can define an extension, there is a set of requirements that SHALL be met as part of the definition of the extension. Applications processing a resource are required to check for modifier extensions.

Modifier extensions SHALL NOT change the meaning of any elements on Resource or DomainResource (including cannot change the meaning of modifierExtension itself).","There can be no stigma associated with the use of extensions by any application, project, or standard - regardless of the institution or jurisdiction that uses or defines the extensions.  The use of extensions is what allows the FHIR specification to retain a core level of simplicity for everyone.","Modifier extensions allow for extensions that *cannot* be safely ignored to be clearly distinguished from the vast majority of extensions which can be safely ignored.  This promotes interoperability by eliminating the need for implementers to prohibit the presence of extensions. For further information, see the [definition of modifier extensions](http://hl7.org/fhir/R4/extensibility.html#modifierExtension).","","","","","","","",,,,,"",,,,"BackboneElement.modifierExtension",0,*,"","ele-1:All FHIR elements must have a @value or children {hasValue() or (children().count() > id.count())}
ext-1:Must have either extensions or value[x], not both {extension.exists() != value.exists()}"
"MedicationOverview","Bundle.entry:MedRecordUsage.search.mode","Bundle.entry.search.mode","","","",0,1,"","","Y","code {[]} {[]}
","match | include | outcome - why this is in the result set","Why this entry is in the result set - whether it's included as a match or because of an _include requirement, or to convey information or warning information about the search process.","There is only one mode. In some corner cases, a resource may be included because it is both a match and an include. In these circumstances, 'match' takes precedence.","","","","","","","","",,"required","Why an entry is in the result set - whether it's included as a match or because of an _include requirement, or to convey information or warning information about the search process.","http://hl7.org/fhir/ValueSet/search-entry-mode|4.0.1","",,,,"Bundle.entry.search.mode",0,1,"","ele-1:All FHIR elements must have a @value or children {hasValue() or (children().count() > id.count())}
"
"MedicationOverview","Bundle.entry:MedRecordUsage.search.score","Bundle.entry.search.score","","","",0,1,"","","Y","decimal {[]} {[]}
","Search ranking (between 0 and 1)","When searching, the server's search ranking score for the entry.","Servers are not required to return a ranking score. 1 is most relevant, and 0 is least relevant. Often, search results are sorted by score, but the client may specify a different sort order.

See [Patient Match](http://hl7.org/fhir/R4/patient-operation-match.html) for the EMPI search which relates to this element.","","","","","","","","",,,,,"",,,,"Bundle.entry.search.score",0,1,"","ele-1:All FHIR elements must have a @value or children {hasValue() or (children().count() > id.count())}
"
"MedicationOverview","Bundle.entry:MedRecordUsage.request","Bundle.entry.request","","","",0,1,"","","Y","BackboneElement {[]} {[]}
","Additional execution information (transaction/batch/history)","Additional information about how this entry should be processed as part of a transaction or batch.  For history, it shows how the entry was processed to create the version contained in the entry.","","","","","","","","","",,,,,"",,,,"Bundle.entry.request",0,1,"bdl-3
","ele-1:All FHIR elements must have a @value or children {hasValue() or (children().count() > id.count())}
"
"MedicationOverview","Bundle.entry:MedRecordUsage.request.id","Bundle.entry.request.id","","","",0,1,"","","","string {[]} {[]}
","Unique id for inter-element referencing","Unique id for the element within a resource (for internal references). This may be any string value that does not contain spaces.","","","","","","","","","",,,,,"",,,,"Element.id",0,1,"",""
"MedicationOverview","Bundle.entry:MedRecordUsage.request.extension","Bundle.entry.request.extension","","extensions
user content","",0,*,"","","","Extension {[]} {[]}
","Additional content defined by implementations","May be used to represent additional information that is not part of the basic definition of the element. To make the use of extensions safe and manageable, there is a strict set of governance  applied to the definition and use of extensions. Though any implementer can define an extension, there is a set of requirements that SHALL be met as part of the definition of the extension.","There can be no stigma associated with the use of extensions by any application, project, or standard - regardless of the institution or jurisdiction that uses or defines the extensions.  The use of extensions is what allows the FHIR specification to retain a core level of simplicity for everyone.","","","","","","","","",,,,,"",,,,"Element.extension",0,*,"","ele-1:All FHIR elements must have a @value or children {hasValue() or (children().count() > id.count())}
ext-1:Must have either extensions or value[x], not both {extension.exists() != value.exists()}"
"MedicationOverview","Bundle.entry:MedRecordUsage.request.modifierExtension","Bundle.entry.request.modifierExtension","","extensions
user contentmodifiers","",0,*,"","Y","Y","Extension {[]} {[]}
","Extensions that cannot be ignored even if unrecognized","May be used to represent additional information that is not part of the basic definition of the element and that modifies the understanding of the element in which it is contained and/or the understanding of the containing element's descendants. Usually modifier elements provide negation or qualification. To make the use of extensions safe and manageable, there is a strict set of governance applied to the definition and use of extensions. Though any implementer can define an extension, there is a set of requirements that SHALL be met as part of the definition of the extension. Applications processing a resource are required to check for modifier extensions.

Modifier extensions SHALL NOT change the meaning of any elements on Resource or DomainResource (including cannot change the meaning of modifierExtension itself).","There can be no stigma associated with the use of extensions by any application, project, or standard - regardless of the institution or jurisdiction that uses or defines the extensions.  The use of extensions is what allows the FHIR specification to retain a core level of simplicity for everyone.","Modifier extensions allow for extensions that *cannot* be safely ignored to be clearly distinguished from the vast majority of extensions which can be safely ignored.  This promotes interoperability by eliminating the need for implementers to prohibit the presence of extensions. For further information, see the [definition of modifier extensions](http://hl7.org/fhir/R4/extensibility.html#modifierExtension).","","","","","","","",,,,,"",,,,"BackboneElement.modifierExtension",0,*,"","ele-1:All FHIR elements must have a @value or children {hasValue() or (children().count() > id.count())}
ext-1:Must have either extensions or value[x], not both {extension.exists() != value.exists()}"
"MedicationOverview","Bundle.entry:MedRecordUsage.request.method","Bundle.entry.request.method","","","",1,1,"","","Y","code {[]} {[]}
","GET | HEAD | POST | PUT | DELETE | PATCH","In a transaction or batch, this is the HTTP action to be executed for this entry. In a history bundle, this indicates the HTTP action that occurred.","","","","","","","","","",,"required","HTTP verbs (in the HTTP command line). See [HTTP rfc](https://tools.ietf.org/html/rfc7231) for details.","http://hl7.org/fhir/ValueSet/http-verb|4.0.1","",,,,"Bundle.entry.request.method",1,1,"","ele-1:All FHIR elements must have a @value or children {hasValue() or (children().count() > id.count())}
"
"MedicationOverview","Bundle.entry:MedRecordUsage.request.url","Bundle.entry.request.url","","","",1,1,"","","Y","uri {[]} {[]}
","URL for HTTP equivalent of this entry","The URL for this entry, relative to the root (the address to which the request is posted).","E.g. for a Patient Create, the method would be ""POST"" and the URL would be ""Patient"". For a Patient Update, the method would be PUT and the URL would be ""Patient/[id]"".","","","","","","","","",,,,,"",,,,"Bundle.entry.request.url",1,1,"","ele-1:All FHIR elements must have a @value or children {hasValue() or (children().count() > id.count())}
"
"MedicationOverview","Bundle.entry:MedRecordUsage.request.ifNoneMatch","Bundle.entry.request.ifNoneMatch","","","",0,1,"","","Y","string {[]} {[]}
","For managing cache currency","If the ETag values match, return a 304 Not Modified status. See the API documentation for [""Conditional Read""](http://hl7.org/fhir/R4/http.html#cread).","","","","","","","","","",,,,,"",,,,"Bundle.entry.request.ifNoneMatch",0,1,"","ele-1:All FHIR elements must have a @value or children {hasValue() or (children().count() > id.count())}
"
"MedicationOverview","Bundle.entry:MedRecordUsage.request.ifModifiedSince","Bundle.entry.request.ifModifiedSince","","","",0,1,"","","Y","instant {[]} {[]}
","For managing cache currency","Only perform the operation if the last updated date matches. See the API documentation for [""Conditional Read""](http://hl7.org/fhir/R4/http.html#cread).","","","","","","","","","",,,,,"",,,,"Bundle.entry.request.ifModifiedSince",0,1,"","ele-1:All FHIR elements must have a @value or children {hasValue() or (children().count() > id.count())}
"
"MedicationOverview","Bundle.entry:MedRecordUsage.request.ifMatch","Bundle.entry.request.ifMatch","","","",0,1,"","","Y","string {[]} {[]}
","For managing update contention","Only perform the operation if the Etag value matches. For more information, see the API section [""Managing Resource Contention""](http://hl7.org/fhir/R4/http.html#concurrency).","","","","","","","","","",,,,,"",,,,"Bundle.entry.request.ifMatch",0,1,"","ele-1:All FHIR elements must have a @value or children {hasValue() or (children().count() > id.count())}
"
"MedicationOverview","Bundle.entry:MedRecordUsage.request.ifNoneExist","Bundle.entry.request.ifNoneExist","","","",0,1,"","","Y","string {[]} {[]}
","For conditional creates","Instruct the server not to perform the create if a specified resource already exists. For further information, see the API documentation for [""Conditional Create""](http://hl7.org/fhir/R4/http.html#ccreate). This is just the query portion of the URL - what follows the ""?"" (not including the ""?"").","","","","","","","","","",,,,,"",,,,"Bundle.entry.request.ifNoneExist",0,1,"","ele-1:All FHIR elements must have a @value or children {hasValue() or (children().count() > id.count())}
"
"MedicationOverview","Bundle.entry:MedRecordUsage.response","Bundle.entry.response","","","",0,1,"","","Y","BackboneElement {[]} {[]}
","Results of execution (transaction/batch/history)","Indicates the results of processing the corresponding 'request' entry in the batch or transaction being responded to or what the results of an operation where when returning history.","","","","","","","","","",,,,,"",,,,"Bundle.entry.response",0,1,"bdl-4
","ele-1:All FHIR elements must have a @value or children {hasValue() or (children().count() > id.count())}
"
"MedicationOverview","Bundle.entry:MedRecordUsage.response.id","Bundle.entry.response.id","","","",0,1,"","","","string {[]} {[]}
","Unique id for inter-element referencing","Unique id for the element within a resource (for internal references). This may be any string value that does not contain spaces.","","","","","","","","","",,,,,"",,,,"Element.id",0,1,"",""
"MedicationOverview","Bundle.entry:MedRecordUsage.response.extension","Bundle.entry.response.extension","","extensions
user content","",0,*,"","","","Extension {[]} {[]}
","Additional content defined by implementations","May be used to represent additional information that is not part of the basic definition of the element. To make the use of extensions safe and manageable, there is a strict set of governance  applied to the definition and use of extensions. Though any implementer can define an extension, there is a set of requirements that SHALL be met as part of the definition of the extension.","There can be no stigma associated with the use of extensions by any application, project, or standard - regardless of the institution or jurisdiction that uses or defines the extensions.  The use of extensions is what allows the FHIR specification to retain a core level of simplicity for everyone.","","","","","","","","",,,,,"",,,,"Element.extension",0,*,"","ele-1:All FHIR elements must have a @value or children {hasValue() or (children().count() > id.count())}
ext-1:Must have either extensions or value[x], not both {extension.exists() != value.exists()}"
"MedicationOverview","Bundle.entry:MedRecordUsage.response.modifierExtension","Bundle.entry.response.modifierExtension","","extensions
user contentmodifiers","",0,*,"","Y","Y","Extension {[]} {[]}
","Extensions that cannot be ignored even if unrecognized","May be used to represent additional information that is not part of the basic definition of the element and that modifies the understanding of the element in which it is contained and/or the understanding of the containing element's descendants. Usually modifier elements provide negation or qualification. To make the use of extensions safe and manageable, there is a strict set of governance applied to the definition and use of extensions. Though any implementer can define an extension, there is a set of requirements that SHALL be met as part of the definition of the extension. Applications processing a resource are required to check for modifier extensions.

Modifier extensions SHALL NOT change the meaning of any elements on Resource or DomainResource (including cannot change the meaning of modifierExtension itself).","There can be no stigma associated with the use of extensions by any application, project, or standard - regardless of the institution or jurisdiction that uses or defines the extensions.  The use of extensions is what allows the FHIR specification to retain a core level of simplicity for everyone.","Modifier extensions allow for extensions that *cannot* be safely ignored to be clearly distinguished from the vast majority of extensions which can be safely ignored.  This promotes interoperability by eliminating the need for implementers to prohibit the presence of extensions. For further information, see the [definition of modifier extensions](http://hl7.org/fhir/R4/extensibility.html#modifierExtension).","","","","","","","",,,,,"",,,,"BackboneElement.modifierExtension",0,*,"","ele-1:All FHIR elements must have a @value or children {hasValue() or (children().count() > id.count())}
ext-1:Must have either extensions or value[x], not both {extension.exists() != value.exists()}"
"MedicationOverview","Bundle.entry:MedRecordUsage.response.status","Bundle.entry.response.status","","","",1,1,"","","Y","string {[]} {[]}
","Status response code (text optional)","The status code returned by processing this entry. The status SHALL start with a 3 digit HTTP code (e.g. 404) and may contain the standard HTTP description associated with the status code.","","","","","","","","","",,,,,"",,,,"Bundle.entry.response.status",1,1,"","ele-1:All FHIR elements must have a @value or children {hasValue() or (children().count() > id.count())}
"
"MedicationOverview","Bundle.entry:MedRecordUsage.response.location","Bundle.entry.response.location","","","",0,1,"","","Y","uri {[]} {[]}
","The location (if the operation returns a location)","The location header created by processing this operation, populated if the operation returns a location.","","","","","","","","","",,,,,"",,,,"Bundle.entry.response.location",0,1,"","ele-1:All FHIR elements must have a @value or children {hasValue() or (children().count() > id.count())}
"
"MedicationOverview","Bundle.entry:MedRecordUsage.response.etag","Bundle.entry.response.etag","","","",0,1,"","","Y","string {[]} {[]}
","The Etag for the resource (if relevant)","The Etag for the resource, if the operation for the entry produced a versioned resource (see [Resource Metadata and Versioning](http://hl7.org/fhir/R4/http.html#versioning) and [Managing Resource Contention](http://hl7.org/fhir/R4/http.html#concurrency)).","Etags match the Resource.meta.versionId. The ETag has to match the version id in the header if a resource is included.","","","","","","","","",,,,,"",,,,"Bundle.entry.response.etag",0,1,"","ele-1:All FHIR elements must have a @value or children {hasValue() or (children().count() > id.count())}
"
"MedicationOverview","Bundle.entry:MedRecordUsage.response.lastModified","Bundle.entry.response.lastModified","","","",0,1,"","","Y","instant {[]} {[]}
","Server's date time modified","The date/time that the resource was modified on the server.","This has to match the same time in the meta header (meta.lastUpdated) if a resource is included.","","","","","","","","",,,,,"",,,,"Bundle.entry.response.lastModified",0,1,"","ele-1:All FHIR elements must have a @value or children {hasValue() or (children().count() > id.count())}
"
"MedicationOverview","Bundle.entry:MedRecordUsage.response.outcome","Bundle.entry.response.outcome","","","",0,1,"","","Y","Resource {[]} {[]}
","OperationOutcome with hints and warnings (for batch/transaction)","An OperationOutcome containing hints and warnings produced as part of processing this entry in a batch or transaction.","For a POST/PUT operation, this is the equivalent outcome that would be returned for prefer = operationoutcome - except that the resource is always returned whether or not the outcome is returned.

This outcome is not used for error responses in batch/transaction, only for hints and warnings. In a batch operation, the error will be in Bundle.entry.response, and for transaction, there will be a single OperationOutcome instead of a bundle in the case of an error.","","","","","","","","",,,,,"",,,,"Bundle.entry.response.outcome",0,1,"",""
"MedicationOverview","Bundle.signature","Bundle.signature","","","",0,1,"","","Y","Signature {[]} {[]}
","Digital Signature","Digital Signature - base64 encoded. XML-DSig or a JWT.","The signature could be created by the ""author"" of the bundle or by the originating device.   Requirements around inclusion of a signature, verification of signatures and treatment of signed/non-signed bundles is implementation-environment specific.","A Signature holds an electronic representation of a signature and its supporting context in a FHIR accessible form. The signature may either be a cryptographic type (XML DigSig or a JWS), which is able to provide non-repudiation proof, or it may be a graphical image that represents a signature or a signature process. This element allows capturing signatures on documents, messages, transactions or even search responses, to support content-authentication, non-repudiation or other business cases. This is primarily relevant where the bundle may travel through multiple hops or via other mechanisms where HTTPS non-repudiation is insufficient.","","","","","","","",,,,,"",,,,"Bundle.signature",0,1,"","ele-1:All FHIR elements must have a @value or children {hasValue() or (children().count() > id.count())}
"
"MedicationOverviewComposition","Composition","Composition","","","",0,*,"","","","null {[]} {[]}
","A set of resources composed into a single coherent clinical statement with clinical attestation","A set of healthcare-related information that is assembled together into a single logical package that provides a single coherent statement of meaning, establishes its own context and that has clinical attestation with regard to who is making the statement. A Composition defines the structure and narrative content necessary for a document. However, a Composition alone does not constitute a document. Rather, the Composition must be the first entry in a Bundle where Bundle.type=document, and any other resources referenced from Composition must be included as subsequent entries in the Bundle (for example Patient, Practitioner, Encounter, etc.).","While the focus of this specification is on patient-specific clinical statements, this resource can also apply to other healthcare-related statements such as study protocol designs, healthcare invoices and other activities that are not necessarily patient-specific or clinical.","","","","","","","","",,,,,"",,,,"Composition",0,*,"","dom-2:If the resource is contained in another resource, it SHALL NOT contain nested Resources {contained.contained.empty()}
dom-3:If the resource is contained in another resource, it SHALL be referred to from elsewhere in the resource or SHALL refer to the containing resource {contained.where((('#'+id in (%resource.descendants().reference | %resource.descendants().as(canonical) | %resource.descendants().as(uri) | %resource.descendants().as(url))) or descendants().where(reference = '#').exists() or descendants().where(as(canonical) = '#').exists() or descendants().where(as(canonical) = '#').exists()).not()).trace('unmatched', id).empty()}dom-4:If a resource is contained in another resource, it SHALL NOT have a meta.versionId or a meta.lastUpdated {contained.meta.versionId.empty() and contained.meta.lastUpdated.empty()}dom-5:If a resource is contained in another resource, it SHALL NOT have a security label {contained.meta.security.empty()}dom-6:A resource should have narrative for robust management {text.`div`.exists()}"
"MedicationOverviewComposition","Composition.id","Composition.id","","","",0,1,"","","Y","id {[]} {[]}
","Logical id of this artifact","The logical id of the resource, as used in the URL for the resource. Once assigned, this value never changes.","The only time that a resource does not have an id is when it is being submitted to the server using a create operation.","","","","","","","","",,,,,"",,,,"Resource.id",0,1,"",""
"MedicationOverviewComposition","Composition.meta","Composition.meta","","","",0,1,"","","Y","Meta {[]} {[]}
","Metadata about the resource","The metadata about the resource. This is content that is maintained by the infrastructure. Changes to the content might not always be associated with version changes to the resource.","","","","","","","","","",,,,,"",,,,"Resource.meta",0,1,"","ele-1:All FHIR elements must have a @value or children {hasValue() or (children().count() > id.count())}
"
"MedicationOverviewComposition","Composition.implicitRules","Composition.implicitRules","","","",0,1,"","Y","Y","uri {[]} {[]}
","A set of rules under which this content was created","A reference to a set of rules that were followed when the resource was constructed, and which must be understood when processing the content. Often, this is a reference to an implementation guide that defines the special rules along with other profiles etc.","Asserting this rule set restricts the content to be only understood by a limited set of trading partners. This inherently limits the usefulness of the data in the long term. However, the existing health eco-system is highly fractured, and not yet ready to define, collect, and exchange data in a generally computable sense. Wherever possible, implementers and/or specification writers should avoid using this element. Often, when used, the URL is a reference to an implementation guide that defines these special rules as part of it's narrative along with other profiles, value sets, etc.","","","","","","","","",,,,,"",,,,"Resource.implicitRules",0,1,"","ele-1:All FHIR elements must have a @value or children {hasValue() or (children().count() > id.count())}
"
"MedicationOverviewComposition","Composition.language","Composition.language","","","",0,1,"","","","code {[]} {[]}
","Language of the resource content","The base language in which the resource is written.","Language is provided to support indexing and accessibility (typically, services such as text to speech use the language tag). The html language tag in the narrative applies  to the narrative. The language tag on the resource may be used to specify the language of other presentations generated from the data in the resource. Not all the content has to be in the base language. The Resource.language should not be assumed to apply to the narrative automatically. If a language is specified, it should it also be specified on the div element in the html (see rules in HTML5 for information about the relationship between xml:lang and the html lang attribute).","","","","","","","","",,"preferred","A human language.","http://hl7.org/fhir/ValueSet/languages|4.0.1","",,,,"Resource.language",0,1,"","ele-1:All FHIR elements must have a @value or children {hasValue() or (children().count() > id.count())}
"
"MedicationOverviewComposition","Composition.text","Composition.text","","narrative
htmlxhtmldisplay","",0,1,"","","","Narrative {[]} {[]}
","Text summary of the resource, for human interpretation","A human-readable narrative that contains a summary of the resource and can be used to represent the content of the resource to a human. The narrative need not encode all the structured data, but is required to contain sufficient detail to make it ""clinically safe"" for a human to just read the narrative. Resource definitions may define what content should be represented in the narrative to ensure clinical safety.","Contained resources do not have narrative. Resources that are not contained SHOULD have a narrative. In some cases, a resource may only have text with little or no additional discrete data (as long as all minOccurs=1 elements are satisfied).  This may be necessary for data from legacy systems where information is captured as a ""text blob"" or where text is additionally entered raw or narrated and encoded information is added later.","","","","","","","","",,,,,"",,,,"DomainResource.text",0,1,"","ele-1:All FHIR elements must have a @value or children {hasValue() or (children().count() > id.count())}
"
"MedicationOverviewComposition","Composition.contained","Composition.contained","","inline resources
anonymous resourcescontained resources","",0,*,"","","","Resource {[]} {[]}
","Contained, inline Resources","These resources do not have an independent existence apart from the resource that contains them - they cannot be identified independently, and nor can they have their own independent transaction scope.","This should never be done when the content can be identified properly, as once identification is lost, it is extremely difficult (and context dependent) to restore it again. Contained resources may have profiles and tags In their meta elements, but SHALL NOT have security labels.","","","","","","","","",,,,,"",,,,"DomainResource.contained",0,*,"",""
"MedicationOverviewComposition","Composition.extension","Composition.extension","","extensions
user content","",0,*,"","","","Extension {[]} {[]}
","Additional content defined by implementations","May be used to represent additional information that is not part of the basic definition of the resource. To make the use of extensions safe and manageable, there is a strict set of governance  applied to the definition and use of extensions. Though any implementer can define an extension, there is a set of requirements that SHALL be met as part of the definition of the extension.","There can be no stigma associated with the use of extensions by any application, project, or standard - regardless of the institution or jurisdiction that uses or defines the extensions.  The use of extensions is what allows the FHIR specification to retain a core level of simplicity for everyone.","","","","","","","","",,,,,"",,,,"DomainResource.extension",0,*,"","ele-1:All FHIR elements must have a @value or children {hasValue() or (children().count() > id.count())}
ext-1:Must have either extensions or value[x], not both {extension.exists() != value.exists()}"
"MedicationOverviewComposition","Composition.modifierExtension","Composition.modifierExtension","","extensions
user content","",0,*,"","Y","","Extension {[]} {[]}
","Extensions that cannot be ignored","May be used to represent additional information that is not part of the basic definition of the resource and that modifies the understanding of the element that contains it and/or the understanding of the containing element's descendants. Usually modifier elements provide negation or qualification. To make the use of extensions safe and manageable, there is a strict set of governance applied to the definition and use of extensions. Though any implementer is allowed to define an extension, there is a set of requirements that SHALL be met as part of the definition of the extension. Applications processing a resource are required to check for modifier extensions.

Modifier extensions SHALL NOT change the meaning of any elements on Resource or DomainResource (including cannot change the meaning of modifierExtension itself).","There can be no stigma associated with the use of extensions by any application, project, or standard - regardless of the institution or jurisdiction that uses or defines the extensions.  The use of extensions is what allows the FHIR specification to retain a core level of simplicity for everyone.","Modifier extensions allow for extensions that *cannot* be safely ignored to be clearly distinguished from the vast majority of extensions which can be safely ignored.  This promotes interoperability by eliminating the need for implementers to prohibit the presence of extensions. For further information, see the [definition of modifier extensions](http://hl7.org/fhir/R4/extensibility.html#modifierExtension).","","","","","","","",,,,,"",,,,"DomainResource.modifierExtension",0,*,"","ele-1:All FHIR elements must have a @value or children {hasValue() or (children().count() > id.count())}
ext-1:Must have either extensions or value[x], not both {extension.exists() != value.exists()}"
"MedicationOverviewComposition","Composition.identifier","Composition.identifier","","","",0,1,"","","Y","Identifier {[]} {[]}
","Version-independent identifier for the Composition","A version-independent identifier for the Composition. This identifier stays constant as the composition is changed over time.","Similar to ClinicalDocument/setId in CDA. See discussion in resource definition for how these relate.","","","","","","","","",,,,,"",,,,"Composition.identifier",0,1,"","ele-1:All FHIR elements must have a @value or children {hasValue() or (children().count() > id.count())}
"
"MedicationOverviewComposition","Composition.status","Composition.status","","","",1,1,"","Y","Y","code {[]} {[]}
","preliminary | final | amended | entered-in-error","The workflow/clinical status of this composition. The status is a marker for the clinical standing of the document.","If a composition is marked as withdrawn, the compositions/documents in the series, or data from the composition or document series, should never be displayed to a user without being clearly marked as untrustworthy. The flag ""entered-in-error"" is why this element is labeled as a modifier of other elements.   

Some reporting work flows require that the original narrative of a final document never be altered; instead, only new narrative can be added. The composition resource has no explicit status for explicitly noting whether this business rule is in effect. This would be handled by an extension if required.","Need to be able to mark interim, amended, or withdrawn compositions or documents.","","","","","","","",,"required","The workflow/clinical status of the composition.","http://hl7.org/fhir/ValueSet/composition-status|4.0.1","",,,,"Composition.status",1,1,"","ele-1:All FHIR elements must have a @value or children {hasValue() or (children().count() > id.count())}
"
"MedicationOverviewComposition","Composition.type","Composition.type","","","",1,1,"","","Y","CodeableConcept {[]} {[]}
","Kind of composition (LOINC if possible)","Specifies the particular kind of composition (e.g. History and Physical, Discharge Summary, Progress Note). This usually equates to the purpose of making the composition.","For Composition type, LOINC is ubiquitous and strongly endorsed by HL7. Most implementation guides will require a specific LOINC code, or use LOINC as an extensible binding.","Key metadata element describing the composition, used in searching/filtering.","","","","","","","",,"preferred","Type of a composition.","http://hl7.org/fhir/ValueSet/doc-typecodes|4.0.1","",,,,"Composition.type",1,1,"","ele-1:All FHIR elements must have a @value or children {hasValue() or (children().count() > id.count())}
"
"MedicationOverviewComposition","Composition.category","Composition.category","","","",0,*,"","","Y","CodeableConcept {[]} {[]}
","Categorization of Composition","A categorization for the type of the composition - helps for indexing and searching. This may be implied by or derived from the code specified in the Composition Type.","This is a metadata field from [XDS/MHD](http://wiki.ihe.net/index.php?title=Mobile_access_to_Health_Documents_(MHD)).","Helps humans to assess whether the composition is of interest when viewing an index of compositions or documents.","","","","","","","",,"example","High-level kind of a clinical document at a macro level.","http://hl7.org/fhir/ValueSet/document-classcodes|4.0.1","",,,,"Composition.category",0,*,"","ele-1:All FHIR elements must have a @value or children {hasValue() or (children().count() > id.count())}
"
"MedicationOverviewComposition","Composition.subject","Composition.subject","","","",0,1,"","","Y","Reference {[]} {[CanonicalType[http://hl7.org/fhir/StructureDefinition/Resource|4.0.1]]}
","Who and/or what the composition is about","Who or what the composition is about. The composition can be about a person, (patient or healthcare practitioner), a device (e.g. a machine) or even a group of subjects (such as a document about a herd of livestock, or a set of patients that share a common exposure).","For clinical documents, this is usually the patient.","Essential metadata for searching for the composition. Identifies who and/or what the composition/document is about.","","","","","","","",,,,,"",,,,"Composition.subject",0,1,"","ele-1:All FHIR elements must have a @value or children {hasValue() or (children().count() > id.count())}
"
"MedicationOverviewComposition","Composition.encounter","Composition.encounter","","","",0,1,"","","Y","Reference {[]} {[CanonicalType[http://hl7.org/fhir/StructureDefinition/Encounter|4.0.1]]}
","Context of the Composition","Describes the clinical encounter or type of care this documentation is associated with.","","Provides context for the composition and supports searching.","","","","","","","",,,,,"",,,,"Composition.encounter",0,1,"","ele-1:All FHIR elements must have a @value or children {hasValue() or (children().count() > id.count())}
"
"MedicationOverviewComposition","Composition.date","Composition.date","","","",1,1,"","","Y","dateTime {[]} {[]}
","Composition editing time","The composition editing time, when the composition was last logically changed by the author.","The Last Modified Date on the composition may be after the date of the document was attested without being changed.","dateTime is used for tracking, organizing versions and searching. Note that this is the time of *authoring*. When packaged in a document, [Bundle.timestamp](http://hl7.org/fhir/R4/bundle-definitions.html#Bundle.timestamp) is the date of packaging.","","","","","","","",,,,,"",,,,"Composition.date",1,1,"","ele-1:All FHIR elements must have a @value or children {hasValue() or (children().count() > id.count())}
"
"MedicationOverviewComposition","Composition.author","Composition.author","","","",1,*,"","","Y","Reference {[]} {[CanonicalType[http://hl7.org/fhir/StructureDefinition/Practitioner|4.0.1], CanonicalType[http://hl7.org/fhir/StructureDefinition/PractitionerRole|4.0.1], CanonicalType[http://hl7.org/fhir/StructureDefinition/Device|4.0.1], CanonicalType[http://hl7.org/fhir/StructureDefinition/Patient|4.0.1], CanonicalType[http://hl7.org/fhir/StructureDefinition/RelatedPerson|4.0.1], CanonicalType[http://hl7.org/fhir/StructureDefinition/Organization|4.0.1]]}
","Who and/or what authored the composition","Identifies who is responsible for the information in the composition, not necessarily who typed it in.","","Identifies who is responsible for the content.","","","","","","","",,,,,"",,,,"Composition.author",1,*,"","ele-1:All FHIR elements must have a @value or children {hasValue() or (children().count() > id.count())}
"
"MedicationOverviewComposition","Composition.title","Composition.title","","","",1,1,"","","Y","string {[]} {[]}
","Human Readable name/title","Official human-readable label for the composition.","For many compositions, the title is the same as the text or a display name of Composition.type (e.g. a ""consultation"" or ""progress note""). Note that CDA does not make title mandatory, but there are no known cases where it is useful for title to be omitted, so it is mandatory here. Feedback on this requirement is welcome during the trial use period.","","","","","","","","",,,,,"",,,,"Composition.title",1,1,"","ele-1:All FHIR elements must have a @value or children {hasValue() or (children().count() > id.count())}
"
"MedicationOverviewComposition","Composition.confidentiality","Composition.confidentiality","","","",0,1,"","","Y","code {[]} {[]}
","As defined by affinity domain","The code specifying the level of confidentiality of the Composition.","The exact use of this element, and enforcement and issues related to highly sensitive documents are out of scope for the base specification, and delegated to implementation profiles (see security section).  This element is labeled as a modifier because highly confidential documents must not be treated as if they are not.","","","","","","","","",,"required","Codes specifying the level of confidentiality of the composition.","http://terminology.hl7.org/ValueSet/v3-ConfidentialityClassification|2014-03-26","",,,,"Composition.confidentiality",0,1,"","ele-1:All FHIR elements must have a @value or children {hasValue() or (children().count() > id.count())}
"
"MedicationOverviewComposition","Composition.attester","Composition.attester","","","",0,*,"","","","BackboneElement {[]} {[]}
","Attests to accuracy of composition","A participant who has attested to the accuracy of the composition/document.","Only list each attester once.","Identifies responsibility for the accuracy of the composition content.","","","","","","","",,,,,"",,,,"Composition.attester",0,*,"","ele-1:All FHIR elements must have a @value or children {hasValue() or (children().count() > id.count())}
"
"MedicationOverviewComposition","Composition.attester.id","Composition.attester.id","","","",0,1,"","","","string {[]} {[]}
","Unique id for inter-element referencing","Unique id for the element within a resource (for internal references). This may be any string value that does not contain spaces.","","","","","","","","","",,,,,"",,,,"Element.id",0,1,"",""
"MedicationOverviewComposition","Composition.attester.extension","Composition.attester.extension","","extensions
user content","",0,*,"","","","Extension {[]} {[]}
","Additional content defined by implementations","May be used to represent additional information that is not part of the basic definition of the element. To make the use of extensions safe and manageable, there is a strict set of governance  applied to the definition and use of extensions. Though any implementer can define an extension, there is a set of requirements that SHALL be met as part of the definition of the extension.","There can be no stigma associated with the use of extensions by any application, project, or standard - regardless of the institution or jurisdiction that uses or defines the extensions.  The use of extensions is what allows the FHIR specification to retain a core level of simplicity for everyone.","","","","","","","","",,,,,"",,,,"Element.extension",0,*,"","ele-1:All FHIR elements must have a @value or children {hasValue() or (children().count() > id.count())}
ext-1:Must have either extensions or value[x], not both {extension.exists() != value.exists()}"
"MedicationOverviewComposition","Composition.attester.modifierExtension","Composition.attester.modifierExtension","","extensions
user contentmodifiers","",0,*,"","Y","Y","Extension {[]} {[]}
","Extensions that cannot be ignored even if unrecognized","May be used to represent additional information that is not part of the basic definition of the element and that modifies the understanding of the element in which it is contained and/or the understanding of the containing element's descendants. Usually modifier elements provide negation or qualification. To make the use of extensions safe and manageable, there is a strict set of governance applied to the definition and use of extensions. Though any implementer can define an extension, there is a set of requirements that SHALL be met as part of the definition of the extension. Applications processing a resource are required to check for modifier extensions.

Modifier extensions SHALL NOT change the meaning of any elements on Resource or DomainResource (including cannot change the meaning of modifierExtension itself).","There can be no stigma associated with the use of extensions by any application, project, or standard - regardless of the institution or jurisdiction that uses or defines the extensions.  The use of extensions is what allows the FHIR specification to retain a core level of simplicity for everyone.","Modifier extensions allow for extensions that *cannot* be safely ignored to be clearly distinguished from the vast majority of extensions which can be safely ignored.  This promotes interoperability by eliminating the need for implementers to prohibit the presence of extensions. For further information, see the [definition of modifier extensions](http://hl7.org/fhir/R4/extensibility.html#modifierExtension).","","","","","","","",,,,,"",,,,"BackboneElement.modifierExtension",0,*,"","ele-1:All FHIR elements must have a @value or children {hasValue() or (children().count() > id.count())}
ext-1:Must have either extensions or value[x], not both {extension.exists() != value.exists()}"
"MedicationOverviewComposition","Composition.attester.mode","Composition.attester.mode","","","",1,1,"","","","code {[]} {[]}
","personal | professional | legal | official","The type of attestation the authenticator offers.","","Indicates the level of authority of the attestation.","","","","","","","",,"required","The way in which a person authenticated a composition.","http://hl7.org/fhir/ValueSet/composition-attestation-mode|4.0.1","",,,,"Composition.attester.mode",1,1,"","ele-1:All FHIR elements must have a @value or children {hasValue() or (children().count() > id.count())}
"
"MedicationOverviewComposition","Composition.attester.time","Composition.attester.time","","","",0,1,"","","","dateTime {[]} {[]}
","When the composition was attested","When the composition was attested by the party.","","Identifies when the information in the composition was deemed accurate.  (Things may have changed since then.).","","","","","","","",,,,,"",,,,"Composition.attester.time",0,1,"","ele-1:All FHIR elements must have a @value or children {hasValue() or (children().count() > id.count())}
"
"MedicationOverviewComposition","Composition.attester.party","Composition.attester.party","","","",0,1,"","","","Reference {[]} {[CanonicalType[http://hl7.org/fhir/StructureDefinition/Patient|4.0.1], CanonicalType[http://hl7.org/fhir/StructureDefinition/RelatedPerson|4.0.1], CanonicalType[http://hl7.org/fhir/StructureDefinition/Practitioner|4.0.1], CanonicalType[http://hl7.org/fhir/StructureDefinition/PractitionerRole|4.0.1], CanonicalType[http://hl7.org/fhir/StructureDefinition/Organization|4.0.1]]}
","Who attested the composition","Who attested the composition in the specified way.","","Identifies who has taken on the responsibility for accuracy of the composition content.","","","","","","","",,,,,"",,,,"Composition.attester.party",0,1,"","ele-1:All FHIR elements must have a @value or children {hasValue() or (children().count() > id.count())}
"
"MedicationOverviewComposition","Composition.custodian","Composition.custodian","","","",0,1,"","","Y","Reference {[]} {[CanonicalType[http://hl7.org/fhir/StructureDefinition/Organization|4.0.1]]}
","Organization which maintains the composition","Identifies the organization or group who is responsible for ongoing maintenance of and access to the composition/document information.","This is useful when documents are derived from a composition - provides guidance for how to get the latest version of the document. This is optional because this is sometimes not known by the authoring system, and can be inferred by context. However, it is important that this information be known when working with a derived document, so providing a custodian is encouraged.","Identifies where to go to find the current version, where to report issues, etc.","","","","","","","",,,,,"",,,,"Composition.custodian",0,1,"","ele-1:All FHIR elements must have a @value or children {hasValue() or (children().count() > id.count())}
"
"MedicationOverviewComposition","Composition.relatesTo","Composition.relatesTo","","","",0,*,"","","","BackboneElement {[]} {[]}
","Relationships to other compositions/documents","Relationships that this composition has with other compositions or documents that already exist.","A document is a version specific composition.","","","","","","","","",,,,,"",,,,"Composition.relatesTo",0,*,"","ele-1:All FHIR elements must have a @value or children {hasValue() or (children().count() > id.count())}
"
"MedicationOverviewComposition","Composition.relatesTo.id","Composition.relatesTo.id","","","",0,1,"","","","string {[]} {[]}
","Unique id for inter-element referencing","Unique id for the element within a resource (for internal references). This may be any string value that does not contain spaces.","","","","","","","","","",,,,,"",,,,"Element.id",0,1,"",""
"MedicationOverviewComposition","Composition.relatesTo.extension","Composition.relatesTo.extension","","extensions
user content","",0,*,"","","","Extension {[]} {[]}
","Additional content defined by implementations","May be used to represent additional information that is not part of the basic definition of the element. To make the use of extensions safe and manageable, there is a strict set of governance  applied to the definition and use of extensions. Though any implementer can define an extension, there is a set of requirements that SHALL be met as part of the definition of the extension.","There can be no stigma associated with the use of extensions by any application, project, or standard - regardless of the institution or jurisdiction that uses or defines the extensions.  The use of extensions is what allows the FHIR specification to retain a core level of simplicity for everyone.","","","","","","","","",,,,,"",,,,"Element.extension",0,*,"","ele-1:All FHIR elements must have a @value or children {hasValue() or (children().count() > id.count())}
ext-1:Must have either extensions or value[x], not both {extension.exists() != value.exists()}"
"MedicationOverviewComposition","Composition.relatesTo.modifierExtension","Composition.relatesTo.modifierExtension","","extensions
user contentmodifiers","",0,*,"","Y","Y","Extension {[]} {[]}
","Extensions that cannot be ignored even if unrecognized","May be used to represent additional information that is not part of the basic definition of the element and that modifies the understanding of the element in which it is contained and/or the understanding of the containing element's descendants. Usually modifier elements provide negation or qualification. To make the use of extensions safe and manageable, there is a strict set of governance applied to the definition and use of extensions. Though any implementer can define an extension, there is a set of requirements that SHALL be met as part of the definition of the extension. Applications processing a resource are required to check for modifier extensions.

Modifier extensions SHALL NOT change the meaning of any elements on Resource or DomainResource (including cannot change the meaning of modifierExtension itself).","There can be no stigma associated with the use of extensions by any application, project, or standard - regardless of the institution or jurisdiction that uses or defines the extensions.  The use of extensions is what allows the FHIR specification to retain a core level of simplicity for everyone.","Modifier extensions allow for extensions that *cannot* be safely ignored to be clearly distinguished from the vast majority of extensions which can be safely ignored.  This promotes interoperability by eliminating the need for implementers to prohibit the presence of extensions. For further information, see the [definition of modifier extensions](http://hl7.org/fhir/R4/extensibility.html#modifierExtension).","","","","","","","",,,,,"",,,,"BackboneElement.modifierExtension",0,*,"","ele-1:All FHIR elements must have a @value or children {hasValue() or (children().count() > id.count())}
ext-1:Must have either extensions or value[x], not both {extension.exists() != value.exists()}"
"MedicationOverviewComposition","Composition.relatesTo.code","Composition.relatesTo.code","","","",1,1,"","","","code {[]} {[]}
","replaces | transforms | signs | appends","The type of relationship that this composition has with anther composition or document.","If this document appends another document, then the document cannot be fully understood without also accessing the referenced document.","","","","","","","","",,"required","The type of relationship between documents.","http://hl7.org/fhir/ValueSet/document-relationship-type|4.0.1","",,,,"Composition.relatesTo.code",1,1,"","ele-1:All FHIR elements must have a @value or children {hasValue() or (children().count() > id.count())}
"
"MedicationOverviewComposition","Composition.relatesTo.target[x]","Composition.relatesTo.target[x]","","","",1,1,"","","","Identifier {[]} {[]}
Reference {[]} {[CanonicalType[http://hl7.org/fhir/StructureDefinition/Composition|4.0.1]]}","Target of the relationship","The target composition/document of this relationship.","","","","","","","","","",,,,,"",,,,"Composition.relatesTo.target[x]",1,1,"","ele-1:All FHIR elements must have a @value or children {hasValue() or (children().count() > id.count())}
"
"MedicationOverviewComposition","Composition.event","Composition.event","","","",0,*,"","","Y","BackboneElement {[]} {[]}
","The clinical service(s) being documented","The clinical service, such as a colonoscopy or an appendectomy, being documented.","The event needs to be consistent with the type element, though can provide further information if desired.","Provides context for the composition and creates a linkage between a resource describing an event and the composition created describing the event.","","","","","","","",,,,,"",,,,"Composition.event",0,*,"","ele-1:All FHIR elements must have a @value or children {hasValue() or (children().count() > id.count())}
"
"MedicationOverviewComposition","Composition.event.id","Composition.event.id","","","",0,1,"","","","string {[]} {[]}
","Unique id for inter-element referencing","Unique id for the element within a resource (for internal references). This may be any string value that does not contain spaces.","","","","","","","","","",,,,,"",,,,"Element.id",0,1,"",""
"MedicationOverviewComposition","Composition.event.extension","Composition.event.extension","","extensions
user content","",0,*,"","","","Extension {[]} {[]}
","Additional content defined by implementations","May be used to represent additional information that is not part of the basic definition of the element. To make the use of extensions safe and manageable, there is a strict set of governance  applied to the definition and use of extensions. Though any implementer can define an extension, there is a set of requirements that SHALL be met as part of the definition of the extension.","There can be no stigma associated with the use of extensions by any application, project, or standard - regardless of the institution or jurisdiction that uses or defines the extensions.  The use of extensions is what allows the FHIR specification to retain a core level of simplicity for everyone.","","","","","","","","",,,,,"",,,,"Element.extension",0,*,"","ele-1:All FHIR elements must have a @value or children {hasValue() or (children().count() > id.count())}
ext-1:Must have either extensions or value[x], not both {extension.exists() != value.exists()}"
"MedicationOverviewComposition","Composition.event.modifierExtension","Composition.event.modifierExtension","","extensions
user contentmodifiers","",0,*,"","Y","Y","Extension {[]} {[]}
","Extensions that cannot be ignored even if unrecognized","May be used to represent additional information that is not part of the basic definition of the element and that modifies the understanding of the element in which it is contained and/or the understanding of the containing element's descendants. Usually modifier elements provide negation or qualification. To make the use of extensions safe and manageable, there is a strict set of governance applied to the definition and use of extensions. Though any implementer can define an extension, there is a set of requirements that SHALL be met as part of the definition of the extension. Applications processing a resource are required to check for modifier extensions.

Modifier extensions SHALL NOT change the meaning of any elements on Resource or DomainResource (including cannot change the meaning of modifierExtension itself).","There can be no stigma associated with the use of extensions by any application, project, or standard - regardless of the institution or jurisdiction that uses or defines the extensions.  The use of extensions is what allows the FHIR specification to retain a core level of simplicity for everyone.","Modifier extensions allow for extensions that *cannot* be safely ignored to be clearly distinguished from the vast majority of extensions which can be safely ignored.  This promotes interoperability by eliminating the need for implementers to prohibit the presence of extensions. For further information, see the [definition of modifier extensions](http://hl7.org/fhir/R4/extensibility.html#modifierExtension).","","","","","","","",,,,,"",,,,"BackboneElement.modifierExtension",0,*,"","ele-1:All FHIR elements must have a @value or children {hasValue() or (children().count() > id.count())}
ext-1:Must have either extensions or value[x], not both {extension.exists() != value.exists()}"
"MedicationOverviewComposition","Composition.event.code","Composition.event.code","","","",0,*,"","","Y","CodeableConcept {[]} {[]}
","Code(s) that apply to the event being documented","This list of codes represents the main clinical acts, such as a colonoscopy or an appendectomy, being documented. In some cases, the event is inherent in the typeCode, such as a ""History and Physical Report"" in which the procedure being documented is necessarily a ""History and Physical"" act.","An event can further specialize the act inherent in the typeCode, such as where it is simply ""Procedure Report"" and the procedure was a ""colonoscopy"". If one or more eventCodes are included, they SHALL NOT conflict with the values inherent in the classCode, practiceSettingCode or typeCode, as such a conflict would create an ambiguous situation. This short list of codes is provided to be used as key words for certain types of queries.","","","","","","","","",,"example","This list of codes represents the main clinical acts being documented.","http://terminology.hl7.org/ValueSet/v3-ActCode","",,,,"Composition.event.code",0,*,"","ele-1:All FHIR elements must have a @value or children {hasValue() or (children().count() > id.count())}
"
"MedicationOverviewComposition","Composition.event.period","Composition.event.period","","","",0,1,"","","Y","Period {[]} {[]}
","The period covered by the documentation","The period of time covered by the documentation. There is no assertion that the documentation is a complete representation for this period, only that it documents events during this time.","","","","","","","","","",,,,,"",,,,"Composition.event.period",0,1,"","ele-1:All FHIR elements must have a @value or children {hasValue() or (children().count() > id.count())}
"
"MedicationOverviewComposition","Composition.event.detail","Composition.event.detail","","","",0,*,"","","Y","Reference {[]} {[CanonicalType[http://hl7.org/fhir/StructureDefinition/Resource|4.0.1]]}
","The event(s) being documented","The description and/or reference of the event(s) being documented. For example, this could be used to document such a colonoscopy or an appendectomy.","","","","","","","","","",,,,,"",,,,"Composition.event.detail",0,*,"","ele-1:All FHIR elements must have a @value or children {hasValue() or (children().count() > id.count())}
"
"MedicationOverviewComposition","Composition.section","Composition.section","","","",0,*,"","","","BackboneElement {[]} {[]}
","Composition is broken into sections","The root of the sections that make up the composition.","","","","","","","","","",,,,,"","value:code.coding.code}
","",,"open","Composition.section",0,*,"","cmp-1:A section must contain at least one of text, entries, or sub-sections {text.exists() or entry.exists() or section.exists()}
cmp-2:A section can only have an emptyReason if it is empty {emptyReason.empty() or entry.empty()}ele-1:All FHIR elements must have a @value or children {hasValue() or (children().count() > id.count())}"
"MedicationOverviewComposition","Composition.section.id","Composition.section.id","","","",0,1,"","","","string {[]} {[]}
","Unique id for inter-element referencing","Unique id for the element within a resource (for internal references). This may be any string value that does not contain spaces.","","","","","","","","","",,,,,"",,,,"Element.id",0,1,"",""
"MedicationOverviewComposition","Composition.section.extension","Composition.section.extension","","extensions
user content","",0,*,"","","","Extension {[]} {[]}
","Additional content defined by implementations","May be used to represent additional information that is not part of the basic definition of the element. To make the use of extensions safe and manageable, there is a strict set of governance  applied to the definition and use of extensions. Though any implementer can define an extension, there is a set of requirements that SHALL be met as part of the definition of the extension.","There can be no stigma associated with the use of extensions by any application, project, or standard - regardless of the institution or jurisdiction that uses or defines the extensions.  The use of extensions is what allows the FHIR specification to retain a core level of simplicity for everyone.","","","","","","","","",,,,,"",,,,"Element.extension",0,*,"","ele-1:All FHIR elements must have a @value or children {hasValue() or (children().count() > id.count())}
ext-1:Must have either extensions or value[x], not both {extension.exists() != value.exists()}"
"MedicationOverviewComposition","Composition.section.modifierExtension","Composition.section.modifierExtension","","extensions
user contentmodifiers","",0,*,"","Y","Y","Extension {[]} {[]}
","Extensions that cannot be ignored even if unrecognized","May be used to represent additional information that is not part of the basic definition of the element and that modifies the understanding of the element in which it is contained and/or the understanding of the containing element's descendants. Usually modifier elements provide negation or qualification. To make the use of extensions safe and manageable, there is a strict set of governance applied to the definition and use of extensions. Though any implementer can define an extension, there is a set of requirements that SHALL be met as part of the definition of the extension. Applications processing a resource are required to check for modifier extensions.

Modifier extensions SHALL NOT change the meaning of any elements on Resource or DomainResource (including cannot change the meaning of modifierExtension itself).","There can be no stigma associated with the use of extensions by any application, project, or standard - regardless of the institution or jurisdiction that uses or defines the extensions.  The use of extensions is what allows the FHIR specification to retain a core level of simplicity for everyone.","Modifier extensions allow for extensions that *cannot* be safely ignored to be clearly distinguished from the vast majority of extensions which can be safely ignored.  This promotes interoperability by eliminating the need for implementers to prohibit the presence of extensions. For further information, see the [definition of modifier extensions](http://hl7.org/fhir/R4/extensibility.html#modifierExtension).","","","","","","","",,,,,"",,,,"BackboneElement.modifierExtension",0,*,"","ele-1:All FHIR elements must have a @value or children {hasValue() or (children().count() > id.count())}
ext-1:Must have either extensions or value[x], not both {extension.exists() != value.exists()}"
"MedicationOverviewComposition","Composition.section.title","Composition.section.title","","header
labelcaption","",0,1,"","","","string {[]} {[]}
","Label for section (e.g. for ToC)","The label for this particular section.  This will be part of the rendered content for the document, and is often used to build a table of contents.","The title identifies the section for a human reader. The title must be consistent with the narrative of the resource that is the target of the section.content reference. Generally, sections SHOULD have titles, but in some documents, it is unnecessary or inappropriate. Typically, this is where a section has subsections that have their own adequately distinguishing title,  or documents that only have a single section. Most Implementation Guides will make section title to be a required element.","Section headings are often standardized for different types of documents.  They give guidance to humans on how the document is organized.","","","","","","","",,,,,"",,,,"Composition.section.title",0,1,"","ele-1:All FHIR elements must have a @value or children {hasValue() or (children().count() > id.count())}
"
"MedicationOverviewComposition","Composition.section.code","Composition.section.code","","","",0,1,"","","","CodeableConcept {[]} {[]}
","Classification of section (recommended)","A code identifying the kind of content contained within the section. This must be consistent with the section title.","The code identifies the section for an automated processor of the document. This is particularly relevant when using profiles to control the structure of the document.   

If the section has content (instead of sub-sections), the section.code does not change the meaning or interpretation of the resource that is the content of the section in the comments for the section.code.","Provides computable standardized labels to topics within the document.","","","","","","","",,"example","Classification of a section of a composition/document.","http://hl7.org/fhir/ValueSet/doc-section-codes|4.0.1","",,,,"Composition.section.code",0,1,"","ele-1:All FHIR elements must have a @value or children {hasValue() or (children().count() > id.count())}
"
"MedicationOverviewComposition","Composition.section.author","Composition.section.author","","","",0,*,"","","","Reference {[]} {[CanonicalType[http://hl7.org/fhir/StructureDefinition/Practitioner|4.0.1], CanonicalType[http://hl7.org/fhir/StructureDefinition/PractitionerRole|4.0.1], CanonicalType[http://hl7.org/fhir/StructureDefinition/Device|4.0.1], CanonicalType[http://hl7.org/fhir/StructureDefinition/Patient|4.0.1], CanonicalType[http://hl7.org/fhir/StructureDefinition/RelatedPerson|4.0.1], CanonicalType[http://hl7.org/fhir/StructureDefinition/Organization|4.0.1]]}
","Who and/or what authored the section","Identifies who is responsible for the information in this section, not necessarily who typed it in.","","Identifies who is responsible for the content.","","","","","","","",,,,,"",,,,"Composition.section.author",0,*,"","ele-1:All FHIR elements must have a @value or children {hasValue() or (children().count() > id.count())}
"
"MedicationOverviewComposition","Composition.section.focus","Composition.section.focus","","","",0,1,"","","","Reference {[]} {[CanonicalType[http://hl7.org/fhir/StructureDefinition/Resource|4.0.1]]}
","Who/what the section is about, when it is not about the subject of composition","The actual focus of the section when it is not the subject of the composition, but instead represents something or someone associated with the subject such as (for a patient subject) a spouse, parent, fetus, or donor. If not focus is specified, the focus is assumed to be focus of the parent section, or, for a section in the Composition itself, the subject of the composition. Sections with a focus SHALL only include resources where the logical subject (patient, subject, focus, etc.) matches the section focus, or the resources have no logical subject (few resources).","Typically, sections in a doument are about the subject of the document, whether that is a  patient, or group of patients, location, or device, or whatever. For some kind of documents, some sections actually contain data about related entities. Typical examples are  a section in a newborn discharge summary concerning the mother, or family history documents, with a section about each family member, though there are many other examples.","","","","","","","","",,,,,"",,,,"Composition.section.focus",0,1,"","ele-1:All FHIR elements must have a @value or children {hasValue() or (children().count() > id.count())}
"
"MedicationOverviewComposition","Composition.section.text","Composition.section.text","","","",0,1,"","","","Narrative {[]} {[]}
","Text summary of the section, for human interpretation","A human-readable narrative that contains the attested content of the section, used to represent the content of the resource to a human. The narrative need not encode all the structured data, but is required to contain sufficient detail to make it ""clinically safe"" for a human to just read the narrative.","Document profiles may define what content should be represented in the narrative to ensure clinical safety.","","","","","","","","",,,,,"",,,,"Composition.section.text",0,1,"cmp-1
","ele-1:All FHIR elements must have a @value or children {hasValue() or (children().count() > id.count())}
"
"MedicationOverviewComposition","Composition.section.mode","Composition.section.mode","","","",0,1,"","","","code {[]} {[]}
","working | snapshot | changes","How the entry list was prepared - whether it is a working list that is suitable for being maintained on an ongoing basis, or if it represents a snapshot of a list of items from another source, or whether it is a prepared list where items may be marked as added, modified or deleted.","This element is labeled as a modifier because a change list must not be misunderstood as a complete list.","Sections are used in various ways, and it must be known in what way it is safe to use the entries in them.","","","","","","","",,"required","The processing mode that applies to this section.","http://hl7.org/fhir/ValueSet/list-mode|4.0.1","",,,,"Composition.section.mode",0,1,"","ele-1:All FHIR elements must have a @value or children {hasValue() or (children().count() > id.count())}
"
"MedicationOverviewComposition","Composition.section.orderedBy","Composition.section.orderedBy","","","",0,1,"","","","CodeableConcept {[]} {[]}
","Order of section entries","Specifies the order applied to the items in the section entries.","Applications SHOULD render ordered lists in the order provided, but MAY allow users to re-order based on their own preferences as well. If there is no order specified, the order is unknown, though there may still be some order.","Important for presentation and rendering.  Lists may be sorted to place more important information first or to group related entries.","","","","","","","",,"preferred","What order applies to the items in the entry.","http://hl7.org/fhir/ValueSet/list-order|4.0.1","",,,,"Composition.section.orderedBy",0,1,"","ele-1:All FHIR elements must have a @value or children {hasValue() or (children().count() > id.count())}
"
"MedicationOverviewComposition","Composition.section.entry","Composition.section.entry","","","",0,*,"","","","Reference {[]} {[CanonicalType[http://hl7.org/fhir/StructureDefinition/Resource|4.0.1]]}
","A reference to data that supports this section","A reference to the actual resource from which the narrative in the section is derived.","If there are no entries in the list, an emptyReason SHOULD be provided.","","","","","","","","",,,,,"",,,,"Composition.section.entry",0,*,"cmp-2
","ele-1:All FHIR elements must have a @value or children {hasValue() or (children().count() > id.count())}
"
"MedicationOverviewComposition","Composition.section.emptyReason","Composition.section.emptyReason","","","",0,1,"","","","CodeableConcept {[]} {[]}
","Why the section is empty","If the section is empty, why the list is empty. An empty section typically has some text explaining the empty reason.","The various reasons for an empty section make a significant interpretation to its interpretation. Note that this code is for use when the entire section content has been suppressed, and not for when individual items are omitted - implementers may consider using a text note or a flag on an entry in these cases.","Allows capturing things like ""none exist"" or ""not asked"" which can be important for most lists.","","","","","","","",,"preferred","If a section is empty, why it is empty.","http://hl7.org/fhir/ValueSet/list-empty-reason|4.0.1","",,,,"Composition.section.emptyReason",0,1,"cmp-2
","ele-1:All FHIR elements must have a @value or children {hasValue() or (children().count() > id.count())}
"
"MedicationOverviewComposition","Composition.section.section","Composition.section.section","","","",0,*,"","","","null {[]} {[]}
","Nested Section","A nested sub-section within this section.","Nested sections are primarily used to help human readers navigate to particular portions of the document.","","","","","","","","",,,,,"",,,,"Composition.section.section",0,*,"cmp-1
","ele-1:All FHIR elements must have a @value or children {hasValue() or (children().count() > id.count())}
"
"MedicationOverviewComposition","Composition.section:MedRecordTreatment","Composition.section","MedRecordTreatment","","",0,*,"Y","","","BackboneElement {[]} {[]}
","Composition is broken into sections","The root of the sections that make up the composition.","","","","","","","","","",,,,,"",,,,"Composition.section",0,*,"","cmp-1:A section must contain at least one of text, entries, or sub-sections {text.exists() or entry.exists() or section.exists()}
cmp-2:A section can only have an emptyReason if it is empty {emptyReason.empty() or entry.empty()}ele-1:All FHIR elements must have a @value or children {hasValue() or (children().count() > id.count())}"
"MedicationOverviewComposition","Composition.section:MedRecordTreatment.id","Composition.section.id","","","",0,1,"","","","string {[]} {[]}
","Unique id for inter-element referencing","Unique id for the element within a resource (for internal references). This may be any string value that does not contain spaces.","","","","","","","","","",,,,,"",,,,"Element.id",0,1,"",""
"MedicationOverviewComposition","Composition.section:MedRecordTreatment.extension","Composition.section.extension","","extensions
user content","",0,*,"","","","Extension {[]} {[]}
","Additional content defined by implementations","May be used to represent additional information that is not part of the basic definition of the element. To make the use of extensions safe and manageable, there is a strict set of governance  applied to the definition and use of extensions. Though any implementer can define an extension, there is a set of requirements that SHALL be met as part of the definition of the extension.","There can be no stigma associated with the use of extensions by any application, project, or standard - regardless of the institution or jurisdiction that uses or defines the extensions.  The use of extensions is what allows the FHIR specification to retain a core level of simplicity for everyone.","","","","","","","","",,,,,"",,,,"Element.extension",0,*,"","ele-1:All FHIR elements must have a @value or children {hasValue() or (children().count() > id.count())}
ext-1:Must have either extensions or value[x], not both {extension.exists() != value.exists()}"
"MedicationOverviewComposition","Composition.section:MedRecordTreatment.modifierExtension","Composition.section.modifierExtension","","extensions
user contentmodifiers","",0,*,"","Y","Y","Extension {[]} {[]}
","Extensions that cannot be ignored even if unrecognized","May be used to represent additional information that is not part of the basic definition of the element and that modifies the understanding of the element in which it is contained and/or the understanding of the containing element's descendants. Usually modifier elements provide negation or qualification. To make the use of extensions safe and manageable, there is a strict set of governance applied to the definition and use of extensions. Though any implementer can define an extension, there is a set of requirements that SHALL be met as part of the definition of the extension. Applications processing a resource are required to check for modifier extensions.

Modifier extensions SHALL NOT change the meaning of any elements on Resource or DomainResource (including cannot change the meaning of modifierExtension itself).","There can be no stigma associated with the use of extensions by any application, project, or standard - regardless of the institution or jurisdiction that uses or defines the extensions.  The use of extensions is what allows the FHIR specification to retain a core level of simplicity for everyone.","Modifier extensions allow for extensions that *cannot* be safely ignored to be clearly distinguished from the vast majority of extensions which can be safely ignored.  This promotes interoperability by eliminating the need for implementers to prohibit the presence of extensions. For further information, see the [definition of modifier extensions](http://hl7.org/fhir/R4/extensibility.html#modifierExtension).","","","","","","","",,,,,"",,,,"BackboneElement.modifierExtension",0,*,"","ele-1:All FHIR elements must have a @value or children {hasValue() or (children().count() > id.count())}
ext-1:Must have either extensions or value[x], not both {extension.exists() != value.exists()}"
"MedicationOverviewComposition","Composition.section:MedRecordTreatment.title","Composition.section.title","","header
labelcaption","",0,1,"","","","string {[]} {[]}
","Label for section (e.g. for ToC)","The label for this particular section.  This will be part of the rendered content for the document, and is often used to build a table of contents.","The title identifies the section for a human reader. The title must be consistent with the narrative of the resource that is the target of the section.content reference. Generally, sections SHOULD have titles, but in some documents, it is unnecessary or inappropriate. Typically, this is where a section has subsections that have their own adequately distinguishing title,  or documents that only have a single section. Most Implementation Guides will make section title to be a required element.","Section headings are often standardized for different types of documents.  They give guidance to humans on how the document is organized.","","","","","","","",,,,,"",,,,"Composition.section.title",0,1,"","ele-1:All FHIR elements must have a @value or children {hasValue() or (children().count() > id.count())}
"
"MedicationOverviewComposition","Composition.section:MedRecordTreatment.code","Composition.section.code","","","",0,1,"","","","CodeableConcept {[]} {[]}
","Classification of section (recommended)","A code identifying the kind of content contained within the section. This must be consistent with the section title.","The code identifies the section for an automated processor of the document. This is particularly relevant when using profiles to control the structure of the document.   

If the section has content (instead of sub-sections), the section.code does not change the meaning or interpretation of the resource that is the content of the section in the comments for the section.code.","Provides computable standardized labels to topics within the document.","","","","","","","",,"example","Classification of a section of a composition/document.","http://hl7.org/fhir/ValueSet/doc-section-codes|4.0.1","",,,,"Composition.section.code",0,1,"","ele-1:All FHIR elements must have a @value or children {hasValue() or (children().count() > id.count())}
"
"MedicationOverviewComposition","Composition.section:MedRecordTreatment.author","Composition.section.author","","","",0,*,"","","","Reference {[]} {[CanonicalType[http://hl7.org/fhir/StructureDefinition/Practitioner|4.0.1], CanonicalType[http://hl7.org/fhir/StructureDefinition/PractitionerRole|4.0.1], CanonicalType[http://hl7.org/fhir/StructureDefinition/Device|4.0.1], CanonicalType[http://hl7.org/fhir/StructureDefinition/Patient|4.0.1], CanonicalType[http://hl7.org/fhir/StructureDefinition/RelatedPerson|4.0.1], CanonicalType[http://hl7.org/fhir/StructureDefinition/Organization|4.0.1]]}
","Who and/or what authored the section","Identifies who is responsible for the information in this section, not necessarily who typed it in.","","Identifies who is responsible for the content.","","","","","","","",,,,,"",,,,"Composition.section.author",0,*,"","ele-1:All FHIR elements must have a @value or children {hasValue() or (children().count() > id.count())}
"
"MedicationOverviewComposition","Composition.section:MedRecordTreatment.focus","Composition.section.focus","","","",0,1,"","","","Reference {[]} {[CanonicalType[http://hl7.org/fhir/StructureDefinition/Resource|4.0.1]]}
","Who/what the section is about, when it is not about the subject of composition","The actual focus of the section when it is not the subject of the composition, but instead represents something or someone associated with the subject such as (for a patient subject) a spouse, parent, fetus, or donor. If not focus is specified, the focus is assumed to be focus of the parent section, or, for a section in the Composition itself, the subject of the composition. Sections with a focus SHALL only include resources where the logical subject (patient, subject, focus, etc.) matches the section focus, or the resources have no logical subject (few resources).","Typically, sections in a doument are about the subject of the document, whether that is a  patient, or group of patients, location, or device, or whatever. For some kind of documents, some sections actually contain data about related entities. Typical examples are  a section in a newborn discharge summary concerning the mother, or family history documents, with a section about each family member, though there are many other examples.","","","","","","","","",,,,,"",,,,"Composition.section.focus",0,1,"","ele-1:All FHIR elements must have a @value or children {hasValue() or (children().count() > id.count())}
"
"MedicationOverviewComposition","Composition.section:MedRecordTreatment.text","Composition.section.text","","","",0,1,"","","","Narrative {[]} {[]}
","Text summary of the section, for human interpretation","A human-readable narrative that contains the attested content of the section, used to represent the content of the resource to a human. The narrative need not encode all the structured data, but is required to contain sufficient detail to make it ""clinically safe"" for a human to just read the narrative.","Document profiles may define what content should be represented in the narrative to ensure clinical safety.","","","","","","","","",,,,,"",,,,"Composition.section.text",0,1,"cmp-1
","ele-1:All FHIR elements must have a @value or children {hasValue() or (children().count() > id.count())}
"
"MedicationOverviewComposition","Composition.section:MedRecordTreatment.mode","Composition.section.mode","","","",0,1,"","","","code {[]} {[]}
","working | snapshot | changes","How the entry list was prepared - whether it is a working list that is suitable for being maintained on an ongoing basis, or if it represents a snapshot of a list of items from another source, or whether it is a prepared list where items may be marked as added, modified or deleted.","This element is labeled as a modifier because a change list must not be misunderstood as a complete list.","Sections are used in various ways, and it must be known in what way it is safe to use the entries in them.","","","","","","","",,"required","The processing mode that applies to this section.","http://hl7.org/fhir/ValueSet/list-mode|4.0.1","",,,,"Composition.section.mode",0,1,"","ele-1:All FHIR elements must have a @value or children {hasValue() or (children().count() > id.count())}
"
"MedicationOverviewComposition","Composition.section:MedRecordTreatment.orderedBy","Composition.section.orderedBy","","","",0,1,"","","","CodeableConcept {[]} {[]}
","Order of section entries","Specifies the order applied to the items in the section entries.","Applications SHOULD render ordered lists in the order provided, but MAY allow users to re-order based on their own preferences as well. If there is no order specified, the order is unknown, though there may still be some order.","Important for presentation and rendering.  Lists may be sorted to place more important information first or to group related entries.","","","","","","","",,"preferred","What order applies to the items in the entry.","http://hl7.org/fhir/ValueSet/list-order|4.0.1","",,,,"Composition.section.orderedBy",0,1,"","ele-1:All FHIR elements must have a @value or children {hasValue() or (children().count() > id.count())}
"
"MedicationOverviewComposition","Composition.section:MedRecordTreatment.entry","Composition.section.entry","","","",0,*,"","","","Reference {[]} {[CanonicalType[https://profiles.ihe.net/PHARM/MEOW/StructureDefinition/MedicationTreatment]]}
","A reference to data that supports this section","A reference to the actual resource from which the narrative in the section is derived.","If there are no entries in the list, an emptyReason SHOULD be provided.","","","","","","","","",,,,,"",,,,"Composition.section.entry",0,*,"cmp-2
","ele-1:All FHIR elements must have a @value or children {hasValue() or (children().count() > id.count())}
"
"MedicationOverviewComposition","Composition.section:MedRecordTreatment.emptyReason","Composition.section.emptyReason","","","",0,1,"","","","CodeableConcept {[]} {[]}
","Why the section is empty","If the section is empty, why the list is empty. An empty section typically has some text explaining the empty reason.","The various reasons for an empty section make a significant interpretation to its interpretation. Note that this code is for use when the entire section content has been suppressed, and not for when individual items are omitted - implementers may consider using a text note or a flag on an entry in these cases.","Allows capturing things like ""none exist"" or ""not asked"" which can be important for most lists.","","","","","","","",,"preferred","If a section is empty, why it is empty.","http://hl7.org/fhir/ValueSet/list-empty-reason|4.0.1","",,,,"Composition.section.emptyReason",0,1,"cmp-2
","ele-1:All FHIR elements must have a @value or children {hasValue() or (children().count() > id.count())}
"
"MedicationOverviewComposition","Composition.section:MedRecordTreatment.section","Composition.section.section","","","",0,*,"","","","null {[]} {[]}
","Nested Section","A nested sub-section within this section.","Nested sections are primarily used to help human readers navigate to particular portions of the document.","","","","","","","","",,,,,"",,,,"Composition.section.section",0,*,"cmp-1
","ele-1:All FHIR elements must have a @value or children {hasValue() or (children().count() > id.count())}
"
"MedicationOverviewComposition","Composition.section:MedRecordTreatmentLine","Composition.section","MedRecordTreatmentLine","","",0,*,"Y","","","BackboneElement {[]} {[]}
","Composition is broken into sections","The root of the sections that make up the composition.","","","","","","","","","",,,,,"",,,,"Composition.section",0,*,"","cmp-1:A section must contain at least one of text, entries, or sub-sections {text.exists() or entry.exists() or section.exists()}
cmp-2:A section can only have an emptyReason if it is empty {emptyReason.empty() or entry.empty()}ele-1:All FHIR elements must have a @value or children {hasValue() or (children().count() > id.count())}"
"MedicationOverviewComposition","Composition.section:MedRecordTreatmentLine.id","Composition.section.id","","","",0,1,"","","","string {[]} {[]}
","Unique id for inter-element referencing","Unique id for the element within a resource (for internal references). This may be any string value that does not contain spaces.","","","","","","","","","",,,,,"",,,,"Element.id",0,1,"",""
"MedicationOverviewComposition","Composition.section:MedRecordTreatmentLine.extension","Composition.section.extension","","extensions
user content","",0,*,"","","","Extension {[]} {[]}
","Additional content defined by implementations","May be used to represent additional information that is not part of the basic definition of the element. To make the use of extensions safe and manageable, there is a strict set of governance  applied to the definition and use of extensions. Though any implementer can define an extension, there is a set of requirements that SHALL be met as part of the definition of the extension.","There can be no stigma associated with the use of extensions by any application, project, or standard - regardless of the institution or jurisdiction that uses or defines the extensions.  The use of extensions is what allows the FHIR specification to retain a core level of simplicity for everyone.","","","","","","","","",,,,,"",,,,"Element.extension",0,*,"","ele-1:All FHIR elements must have a @value or children {hasValue() or (children().count() > id.count())}
ext-1:Must have either extensions or value[x], not both {extension.exists() != value.exists()}"
"MedicationOverviewComposition","Composition.section:MedRecordTreatmentLine.modifierExtension","Composition.section.modifierExtension","","extensions
user contentmodifiers","",0,*,"","Y","Y","Extension {[]} {[]}
","Extensions that cannot be ignored even if unrecognized","May be used to represent additional information that is not part of the basic definition of the element and that modifies the understanding of the element in which it is contained and/or the understanding of the containing element's descendants. Usually modifier elements provide negation or qualification. To make the use of extensions safe and manageable, there is a strict set of governance applied to the definition and use of extensions. Though any implementer can define an extension, there is a set of requirements that SHALL be met as part of the definition of the extension. Applications processing a resource are required to check for modifier extensions.

Modifier extensions SHALL NOT change the meaning of any elements on Resource or DomainResource (including cannot change the meaning of modifierExtension itself).","There can be no stigma associated with the use of extensions by any application, project, or standard - regardless of the institution or jurisdiction that uses or defines the extensions.  The use of extensions is what allows the FHIR specification to retain a core level of simplicity for everyone.","Modifier extensions allow for extensions that *cannot* be safely ignored to be clearly distinguished from the vast majority of extensions which can be safely ignored.  This promotes interoperability by eliminating the need for implementers to prohibit the presence of extensions. For further information, see the [definition of modifier extensions](http://hl7.org/fhir/R4/extensibility.html#modifierExtension).","","","","","","","",,,,,"",,,,"BackboneElement.modifierExtension",0,*,"","ele-1:All FHIR elements must have a @value or children {hasValue() or (children().count() > id.count())}
ext-1:Must have either extensions or value[x], not both {extension.exists() != value.exists()}"
"MedicationOverviewComposition","Composition.section:MedRecordTreatmentLine.title","Composition.section.title","","header
labelcaption","",0,1,"","","","string {[]} {[]}
","Label for section (e.g. for ToC)","The label for this particular section.  This will be part of the rendered content for the document, and is often used to build a table of contents.","The title identifies the section for a human reader. The title must be consistent with the narrative of the resource that is the target of the section.content reference. Generally, sections SHOULD have titles, but in some documents, it is unnecessary or inappropriate. Typically, this is where a section has subsections that have their own adequately distinguishing title,  or documents that only have a single section. Most Implementation Guides will make section title to be a required element.","Section headings are often standardized for different types of documents.  They give guidance to humans on how the document is organized.","","","","","","","",,,,,"",,,,"Composition.section.title",0,1,"","ele-1:All FHIR elements must have a @value or children {hasValue() or (children().count() > id.count())}
"
"MedicationOverviewComposition","Composition.section:MedRecordTreatmentLine.code","Composition.section.code","","","",0,1,"","","","CodeableConcept {[]} {[]}
","Classification of section (recommended)","A code identifying the kind of content contained within the section. This must be consistent with the section title.","The code identifies the section for an automated processor of the document. This is particularly relevant when using profiles to control the structure of the document.   

If the section has content (instead of sub-sections), the section.code does not change the meaning or interpretation of the resource that is the content of the section in the comments for the section.code.","Provides computable standardized labels to topics within the document.","","","","","","","",,"example","Classification of a section of a composition/document.","http://hl7.org/fhir/ValueSet/doc-section-codes|4.0.1","",,,,"Composition.section.code",0,1,"","ele-1:All FHIR elements must have a @value or children {hasValue() or (children().count() > id.count())}
"
"MedicationOverviewComposition","Composition.section:MedRecordTreatmentLine.author","Composition.section.author","","","",0,*,"","","","Reference {[]} {[CanonicalType[http://hl7.org/fhir/StructureDefinition/Practitioner|4.0.1], CanonicalType[http://hl7.org/fhir/StructureDefinition/PractitionerRole|4.0.1], CanonicalType[http://hl7.org/fhir/StructureDefinition/Device|4.0.1], CanonicalType[http://hl7.org/fhir/StructureDefinition/Patient|4.0.1], CanonicalType[http://hl7.org/fhir/StructureDefinition/RelatedPerson|4.0.1], CanonicalType[http://hl7.org/fhir/StructureDefinition/Organization|4.0.1]]}
","Who and/or what authored the section","Identifies who is responsible for the information in this section, not necessarily who typed it in.","","Identifies who is responsible for the content.","","","","","","","",,,,,"",,,,"Composition.section.author",0,*,"","ele-1:All FHIR elements must have a @value or children {hasValue() or (children().count() > id.count())}
"
"MedicationOverviewComposition","Composition.section:MedRecordTreatmentLine.focus","Composition.section.focus","","","",0,1,"","","","Reference {[]} {[CanonicalType[http://hl7.org/fhir/StructureDefinition/Resource|4.0.1]]}
","Who/what the section is about, when it is not about the subject of composition","The actual focus of the section when it is not the subject of the composition, but instead represents something or someone associated with the subject such as (for a patient subject) a spouse, parent, fetus, or donor. If not focus is specified, the focus is assumed to be focus of the parent section, or, for a section in the Composition itself, the subject of the composition. Sections with a focus SHALL only include resources where the logical subject (patient, subject, focus, etc.) matches the section focus, or the resources have no logical subject (few resources).","Typically, sections in a doument are about the subject of the document, whether that is a  patient, or group of patients, location, or device, or whatever. For some kind of documents, some sections actually contain data about related entities. Typical examples are  a section in a newborn discharge summary concerning the mother, or family history documents, with a section about each family member, though there are many other examples.","","","","","","","","",,,,,"",,,,"Composition.section.focus",0,1,"","ele-1:All FHIR elements must have a @value or children {hasValue() or (children().count() > id.count())}
"
"MedicationOverviewComposition","Composition.section:MedRecordTreatmentLine.text","Composition.section.text","","","",0,1,"","","","Narrative {[]} {[]}
","Text summary of the section, for human interpretation","A human-readable narrative that contains the attested content of the section, used to represent the content of the resource to a human. The narrative need not encode all the structured data, but is required to contain sufficient detail to make it ""clinically safe"" for a human to just read the narrative.","Document profiles may define what content should be represented in the narrative to ensure clinical safety.","","","","","","","","",,,,,"",,,,"Composition.section.text",0,1,"cmp-1
","ele-1:All FHIR elements must have a @value or children {hasValue() or (children().count() > id.count())}
"
"MedicationOverviewComposition","Composition.section:MedRecordTreatmentLine.mode","Composition.section.mode","","","",0,1,"","","","code {[]} {[]}
","working | snapshot | changes","How the entry list was prepared - whether it is a working list that is suitable for being maintained on an ongoing basis, or if it represents a snapshot of a list of items from another source, or whether it is a prepared list where items may be marked as added, modified or deleted.","This element is labeled as a modifier because a change list must not be misunderstood as a complete list.","Sections are used in various ways, and it must be known in what way it is safe to use the entries in them.","","","","","","","",,"required","The processing mode that applies to this section.","http://hl7.org/fhir/ValueSet/list-mode|4.0.1","",,,,"Composition.section.mode",0,1,"","ele-1:All FHIR elements must have a @value or children {hasValue() or (children().count() > id.count())}
"
"MedicationOverviewComposition","Composition.section:MedRecordTreatmentLine.orderedBy","Composition.section.orderedBy","","","",0,1,"","","","CodeableConcept {[]} {[]}
","Order of section entries","Specifies the order applied to the items in the section entries.","Applications SHOULD render ordered lists in the order provided, but MAY allow users to re-order based on their own preferences as well. If there is no order specified, the order is unknown, though there may still be some order.","Important for presentation and rendering.  Lists may be sorted to place more important information first or to group related entries.","","","","","","","",,"preferred","What order applies to the items in the entry.","http://hl7.org/fhir/ValueSet/list-order|4.0.1","",,,,"Composition.section.orderedBy",0,1,"","ele-1:All FHIR elements must have a @value or children {hasValue() or (children().count() > id.count())}
"
"MedicationOverviewComposition","Composition.section:MedRecordTreatmentLine.entry","Composition.section.entry","","","",0,*,"","","","Reference {[]} {[CanonicalType[https://profiles.ihe.net/PHARM/MEOW/StructureDefinition/MedicationTreatmentLine]]}
","A reference to data that supports this section","A reference to the actual resource from which the narrative in the section is derived.","If there are no entries in the list, an emptyReason SHOULD be provided.","","","","","","","","",,,,,"",,,,"Composition.section.entry",0,*,"cmp-2
","ele-1:All FHIR elements must have a @value or children {hasValue() or (children().count() > id.count())}
"
"MedicationOverviewComposition","Composition.section:MedRecordTreatmentLine.emptyReason","Composition.section.emptyReason","","","",0,1,"","","","CodeableConcept {[]} {[]}
","Why the section is empty","If the section is empty, why the list is empty. An empty section typically has some text explaining the empty reason.","The various reasons for an empty section make a significant interpretation to its interpretation. Note that this code is for use when the entire section content has been suppressed, and not for when individual items are omitted - implementers may consider using a text note or a flag on an entry in these cases.","Allows capturing things like ""none exist"" or ""not asked"" which can be important for most lists.","","","","","","","",,"preferred","If a section is empty, why it is empty.","http://hl7.org/fhir/ValueSet/list-empty-reason|4.0.1","",,,,"Composition.section.emptyReason",0,1,"cmp-2
","ele-1:All FHIR elements must have a @value or children {hasValue() or (children().count() > id.count())}
"
"MedicationOverviewComposition","Composition.section:MedRecordTreatmentLine.section","Composition.section.section","","","",0,*,"","","","null {[]} {[]}
","Nested Section","A nested sub-section within this section.","Nested sections are primarily used to help human readers navigate to particular portions of the document.","","","","","","","","",,,,,"",,,,"Composition.section.section",0,*,"cmp-1
","ele-1:All FHIR elements must have a @value or children {hasValue() or (children().count() > id.count())}
"
"MedicationOverviewComposition","Composition.section:MedRecordMedicationSummaryView","Composition.section","MedRecordMedicationSummaryView","","",0,*,"Y","","","BackboneElement {[]} {[]}
","Composition is broken into sections","The root of the sections that make up the composition.","","","","","","","","","",,,,,"",,,,"Composition.section",0,*,"","cmp-1:A section must contain at least one of text, entries, or sub-sections {text.exists() or entry.exists() or section.exists()}
cmp-2:A section can only have an emptyReason if it is empty {emptyReason.empty() or entry.empty()}ele-1:All FHIR elements must have a @value or children {hasValue() or (children().count() > id.count())}"
"MedicationOverviewComposition","Composition.section:MedRecordMedicationSummaryView.id","Composition.section.id","","","",0,1,"","","","string {[]} {[]}
","Unique id for inter-element referencing","Unique id for the element within a resource (for internal references). This may be any string value that does not contain spaces.","","","","","","","","","",,,,,"",,,,"Element.id",0,1,"",""
"MedicationOverviewComposition","Composition.section:MedRecordMedicationSummaryView.extension","Composition.section.extension","","extensions
user content","",0,*,"","","","Extension {[]} {[]}
","Additional content defined by implementations","May be used to represent additional information that is not part of the basic definition of the element. To make the use of extensions safe and manageable, there is a strict set of governance  applied to the definition and use of extensions. Though any implementer can define an extension, there is a set of requirements that SHALL be met as part of the definition of the extension.","There can be no stigma associated with the use of extensions by any application, project, or standard - regardless of the institution or jurisdiction that uses or defines the extensions.  The use of extensions is what allows the FHIR specification to retain a core level of simplicity for everyone.","","","","","","","","",,,,,"",,,,"Element.extension",0,*,"","ele-1:All FHIR elements must have a @value or children {hasValue() or (children().count() > id.count())}
ext-1:Must have either extensions or value[x], not both {extension.exists() != value.exists()}"
"MedicationOverviewComposition","Composition.section:MedRecordMedicationSummaryView.modifierExtension","Composition.section.modifierExtension","","extensions
user contentmodifiers","",0,*,"","Y","Y","Extension {[]} {[]}
","Extensions that cannot be ignored even if unrecognized","May be used to represent additional information that is not part of the basic definition of the element and that modifies the understanding of the element in which it is contained and/or the understanding of the containing element's descendants. Usually modifier elements provide negation or qualification. To make the use of extensions safe and manageable, there is a strict set of governance applied to the definition and use of extensions. Though any implementer can define an extension, there is a set of requirements that SHALL be met as part of the definition of the extension. Applications processing a resource are required to check for modifier extensions.

Modifier extensions SHALL NOT change the meaning of any elements on Resource or DomainResource (including cannot change the meaning of modifierExtension itself).","There can be no stigma associated with the use of extensions by any application, project, or standard - regardless of the institution or jurisdiction that uses or defines the extensions.  The use of extensions is what allows the FHIR specification to retain a core level of simplicity for everyone.","Modifier extensions allow for extensions that *cannot* be safely ignored to be clearly distinguished from the vast majority of extensions which can be safely ignored.  This promotes interoperability by eliminating the need for implementers to prohibit the presence of extensions. For further information, see the [definition of modifier extensions](http://hl7.org/fhir/R4/extensibility.html#modifierExtension).","","","","","","","",,,,,"",,,,"BackboneElement.modifierExtension",0,*,"","ele-1:All FHIR elements must have a @value or children {hasValue() or (children().count() > id.count())}
ext-1:Must have either extensions or value[x], not both {extension.exists() != value.exists()}"
"MedicationOverviewComposition","Composition.section:MedRecordMedicationSummaryView.title","Composition.section.title","","header
labelcaption","",0,1,"","","","string {[]} {[]}
","Label for section (e.g. for ToC)","The label for this particular section.  This will be part of the rendered content for the document, and is often used to build a table of contents.","The title identifies the section for a human reader. The title must be consistent with the narrative of the resource that is the target of the section.content reference. Generally, sections SHOULD have titles, but in some documents, it is unnecessary or inappropriate. Typically, this is where a section has subsections that have their own adequately distinguishing title,  or documents that only have a single section. Most Implementation Guides will make section title to be a required element.","Section headings are often standardized for different types of documents.  They give guidance to humans on how the document is organized.","","","","","","","",,,,,"",,,,"Composition.section.title",0,1,"","ele-1:All FHIR elements must have a @value or children {hasValue() or (children().count() > id.count())}
"
"MedicationOverviewComposition","Composition.section:MedRecordMedicationSummaryView.code","Composition.section.code","","","",0,1,"","","","CodeableConcept {[]} {[]}
","Classification of section (recommended)","A code identifying the kind of content contained within the section. This must be consistent with the section title.","The code identifies the section for an automated processor of the document. This is particularly relevant when using profiles to control the structure of the document.   

If the section has content (instead of sub-sections), the section.code does not change the meaning or interpretation of the resource that is the content of the section in the comments for the section.code.","Provides computable standardized labels to topics within the document.","","","","","","","",,"example","Classification of a section of a composition/document.","http://hl7.org/fhir/ValueSet/doc-section-codes|4.0.1","",,,,"Composition.section.code",0,1,"","ele-1:All FHIR elements must have a @value or children {hasValue() or (children().count() > id.count())}
"
"MedicationOverviewComposition","Composition.section:MedRecordMedicationSummaryView.author","Composition.section.author","","","",0,*,"","","","Reference {[]} {[CanonicalType[http://hl7.org/fhir/StructureDefinition/Practitioner|4.0.1], CanonicalType[http://hl7.org/fhir/StructureDefinition/PractitionerRole|4.0.1], CanonicalType[http://hl7.org/fhir/StructureDefinition/Device|4.0.1], CanonicalType[http://hl7.org/fhir/StructureDefinition/Patient|4.0.1], CanonicalType[http://hl7.org/fhir/StructureDefinition/RelatedPerson|4.0.1], CanonicalType[http://hl7.org/fhir/StructureDefinition/Organization|4.0.1]]}
","Who and/or what authored the section","Identifies who is responsible for the information in this section, not necessarily who typed it in.","","Identifies who is responsible for the content.","","","","","","","",,,,,"",,,,"Composition.section.author",0,*,"","ele-1:All FHIR elements must have a @value or children {hasValue() or (children().count() > id.count())}
"
"MedicationOverviewComposition","Composition.section:MedRecordMedicationSummaryView.focus","Composition.section.focus","","","",0,1,"","","","Reference {[]} {[CanonicalType[http://hl7.org/fhir/StructureDefinition/Resource|4.0.1]]}
","Who/what the section is about, when it is not about the subject of composition","The actual focus of the section when it is not the subject of the composition, but instead represents something or someone associated with the subject such as (for a patient subject) a spouse, parent, fetus, or donor. If not focus is specified, the focus is assumed to be focus of the parent section, or, for a section in the Composition itself, the subject of the composition. Sections with a focus SHALL only include resources where the logical subject (patient, subject, focus, etc.) matches the section focus, or the resources have no logical subject (few resources).","Typically, sections in a doument are about the subject of the document, whether that is a  patient, or group of patients, location, or device, or whatever. For some kind of documents, some sections actually contain data about related entities. Typical examples are  a section in a newborn discharge summary concerning the mother, or family history documents, with a section about each family member, though there are many other examples.","","","","","","","","",,,,,"",,,,"Composition.section.focus",0,1,"","ele-1:All FHIR elements must have a @value or children {hasValue() or (children().count() > id.count())}
"
"MedicationOverviewComposition","Composition.section:MedRecordMedicationSummaryView.text","Composition.section.text","","","",0,1,"","","","Narrative {[]} {[]}
","Text summary of the section, for human interpretation","A human-readable narrative that contains the attested content of the section, used to represent the content of the resource to a human. The narrative need not encode all the structured data, but is required to contain sufficient detail to make it ""clinically safe"" for a human to just read the narrative.","Document profiles may define what content should be represented in the narrative to ensure clinical safety.","","","","","","","","",,,,,"",,,,"Composition.section.text",0,1,"cmp-1
","ele-1:All FHIR elements must have a @value or children {hasValue() or (children().count() > id.count())}
"
"MedicationOverviewComposition","Composition.section:MedRecordMedicationSummaryView.mode","Composition.section.mode","","","",0,1,"","","","code {[]} {[]}
","working | snapshot | changes","How the entry list was prepared - whether it is a working list that is suitable for being maintained on an ongoing basis, or if it represents a snapshot of a list of items from another source, or whether it is a prepared list where items may be marked as added, modified or deleted.","This element is labeled as a modifier because a change list must not be misunderstood as a complete list.","Sections are used in various ways, and it must be known in what way it is safe to use the entries in them.","","","","","","","",,"required","The processing mode that applies to this section.","http://hl7.org/fhir/ValueSet/list-mode|4.0.1","",,,,"Composition.section.mode",0,1,"","ele-1:All FHIR elements must have a @value or children {hasValue() or (children().count() > id.count())}
"
"MedicationOverviewComposition","Composition.section:MedRecordMedicationSummaryView.orderedBy","Composition.section.orderedBy","","","",0,1,"","","","CodeableConcept {[]} {[]}
","Order of section entries","Specifies the order applied to the items in the section entries.","Applications SHOULD render ordered lists in the order provided, but MAY allow users to re-order based on their own preferences as well. If there is no order specified, the order is unknown, though there may still be some order.","Important for presentation and rendering.  Lists may be sorted to place more important information first or to group related entries.","","","","","","","",,"preferred","What order applies to the items in the entry.","http://hl7.org/fhir/ValueSet/list-order|4.0.1","",,,,"Composition.section.orderedBy",0,1,"","ele-1:All FHIR elements must have a @value or children {hasValue() or (children().count() > id.count())}
"
"MedicationOverviewComposition","Composition.section:MedRecordMedicationSummaryView.entry","Composition.section.entry","","","",0,*,"","","","Reference {[]} {[CanonicalType[http://hl7.org/fhir/StructureDefinition/Resource|4.0.1]]}
","A reference to data that supports this section","A reference to the actual resource from which the narrative in the section is derived.","If there are no entries in the list, an emptyReason SHOULD be provided.","","","","","","","","",,,,,"",,,,"Composition.section.entry",0,*,"cmp-2
","ele-1:All FHIR elements must have a @value or children {hasValue() or (children().count() > id.count())}
"
"MedicationOverviewComposition","Composition.section:MedRecordMedicationSummaryView.emptyReason","Composition.section.emptyReason","","","",0,1,"","","","CodeableConcept {[]} {[]}
","Why the section is empty","If the section is empty, why the list is empty. An empty section typically has some text explaining the empty reason.","The various reasons for an empty section make a significant interpretation to its interpretation. Note that this code is for use when the entire section content has been suppressed, and not for when individual items are omitted - implementers may consider using a text note or a flag on an entry in these cases.","Allows capturing things like ""none exist"" or ""not asked"" which can be important for most lists.","","","","","","","",,"preferred","If a section is empty, why it is empty.","http://hl7.org/fhir/ValueSet/list-empty-reason|4.0.1","",,,,"Composition.section.emptyReason",0,1,"cmp-2
","ele-1:All FHIR elements must have a @value or children {hasValue() or (children().count() > id.count())}
"
"MedicationOverviewComposition","Composition.section:MedRecordMedicationSummaryView.section","Composition.section.section","","","",0,*,"","","","null {[]} {[]}
","Nested Section","A nested sub-section within this section.","Nested sections are primarily used to help human readers navigate to particular portions of the document.","","","","","","","","",,,,,"",,,,"Composition.section.section",0,*,"cmp-1
","ele-1:All FHIR elements must have a @value or children {hasValue() or (children().count() > id.count())}
"
"MedicationOverviewComposition","Composition.section:detailsRecord","Composition.section","detailsRecord","","",0,1,"Y","","","BackboneElement {[]} {[]}
","Composition is broken into sections","The root of the sections that make up the composition.","","","","","","","","","",,,,,"",,,,"Composition.section",0,*,"","cmp-1:A section must contain at least one of text, entries, or sub-sections {text.exists() or entry.exists() or section.exists()}
cmp-2:A section can only have an emptyReason if it is empty {emptyReason.empty() or entry.empty()}ele-1:All FHIR elements must have a @value or children {hasValue() or (children().count() > id.count())}"
"MedicationOverviewComposition","Composition.section:detailsRecord.id","Composition.section.id","","","",0,1,"","","","string {[]} {[]}
","Unique id for inter-element referencing","Unique id for the element within a resource (for internal references). This may be any string value that does not contain spaces.","","","","","","","","","",,,,,"",,,,"Element.id",0,1,"",""
"MedicationOverviewComposition","Composition.section:detailsRecord.extension","Composition.section.extension","","extensions
user content","",0,*,"","","","Extension {[]} {[]}
","Additional content defined by implementations","May be used to represent additional information that is not part of the basic definition of the element. To make the use of extensions safe and manageable, there is a strict set of governance  applied to the definition and use of extensions. Though any implementer can define an extension, there is a set of requirements that SHALL be met as part of the definition of the extension.","There can be no stigma associated with the use of extensions by any application, project, or standard - regardless of the institution or jurisdiction that uses or defines the extensions.  The use of extensions is what allows the FHIR specification to retain a core level of simplicity for everyone.","","","","","","","","",,,,,"",,,,"Element.extension",0,*,"","ele-1:All FHIR elements must have a @value or children {hasValue() or (children().count() > id.count())}
ext-1:Must have either extensions or value[x], not both {extension.exists() != value.exists()}"
"MedicationOverviewComposition","Composition.section:detailsRecord.modifierExtension","Composition.section.modifierExtension","","extensions
user contentmodifiers","",0,*,"","Y","Y","Extension {[]} {[]}
","Extensions that cannot be ignored even if unrecognized","May be used to represent additional information that is not part of the basic definition of the element and that modifies the understanding of the element in which it is contained and/or the understanding of the containing element's descendants. Usually modifier elements provide negation or qualification. To make the use of extensions safe and manageable, there is a strict set of governance applied to the definition and use of extensions. Though any implementer can define an extension, there is a set of requirements that SHALL be met as part of the definition of the extension. Applications processing a resource are required to check for modifier extensions.

Modifier extensions SHALL NOT change the meaning of any elements on Resource or DomainResource (including cannot change the meaning of modifierExtension itself).","There can be no stigma associated with the use of extensions by any application, project, or standard - regardless of the institution or jurisdiction that uses or defines the extensions.  The use of extensions is what allows the FHIR specification to retain a core level of simplicity for everyone.","Modifier extensions allow for extensions that *cannot* be safely ignored to be clearly distinguished from the vast majority of extensions which can be safely ignored.  This promotes interoperability by eliminating the need for implementers to prohibit the presence of extensions. For further information, see the [definition of modifier extensions](http://hl7.org/fhir/R4/extensibility.html#modifierExtension).","","","","","","","",,,,,"",,,,"BackboneElement.modifierExtension",0,*,"","ele-1:All FHIR elements must have a @value or children {hasValue() or (children().count() > id.count())}
ext-1:Must have either extensions or value[x], not both {extension.exists() != value.exists()}"
"MedicationOverviewComposition","Composition.section:detailsRecord.title","Composition.section.title","","header
labelcaption","",0,1,"","","","string {[]} {[]}
","Label for section (e.g. for ToC)","The label for this particular section.  This will be part of the rendered content for the document, and is often used to build a table of contents.","The title identifies the section for a human reader. The title must be consistent with the narrative of the resource that is the target of the section.content reference. Generally, sections SHOULD have titles, but in some documents, it is unnecessary or inappropriate. Typically, this is where a section has subsections that have their own adequately distinguishing title,  or documents that only have a single section. Most Implementation Guides will make section title to be a required element.","Section headings are often standardized for different types of documents.  They give guidance to humans on how the document is organized.","","","","","","","",,,,,"",,,,"Composition.section.title",0,1,"","ele-1:All FHIR elements must have a @value or children {hasValue() or (children().count() > id.count())}
"
"MedicationOverviewComposition","Composition.section:detailsRecord.code","Composition.section.code","","","",0,1,"","","","CodeableConcept {[]} {[]}
","Classification of section (recommended)","A code identifying the kind of content contained within the section. This must be consistent with the section title.","The code identifies the section for an automated processor of the document. This is particularly relevant when using profiles to control the structure of the document.   

If the section has content (instead of sub-sections), the section.code does not change the meaning or interpretation of the resource that is the content of the section in the comments for the section.code.","Provides computable standardized labels to topics within the document.","","","","","","","",,"example","Classification of a section of a composition/document.","http://hl7.org/fhir/ValueSet/doc-section-codes|4.0.1","",,,,"Composition.section.code",0,1,"","ele-1:All FHIR elements must have a @value or children {hasValue() or (children().count() > id.count())}
"
"MedicationOverviewComposition","Composition.section:detailsRecord.author","Composition.section.author","","","",0,*,"","","","Reference {[]} {[CanonicalType[http://hl7.org/fhir/StructureDefinition/Practitioner|4.0.1], CanonicalType[http://hl7.org/fhir/StructureDefinition/PractitionerRole|4.0.1], CanonicalType[http://hl7.org/fhir/StructureDefinition/Device|4.0.1], CanonicalType[http://hl7.org/fhir/StructureDefinition/Patient|4.0.1], CanonicalType[http://hl7.org/fhir/StructureDefinition/RelatedPerson|4.0.1], CanonicalType[http://hl7.org/fhir/StructureDefinition/Organization|4.0.1]]}
","Who and/or what authored the section","Identifies who is responsible for the information in this section, not necessarily who typed it in.","","Identifies who is responsible for the content.","","","","","","","",,,,,"",,,,"Composition.section.author",0,*,"","ele-1:All FHIR elements must have a @value or children {hasValue() or (children().count() > id.count())}
"
"MedicationOverviewComposition","Composition.section:detailsRecord.focus","Composition.section.focus","","","",0,1,"","","","Reference {[]} {[CanonicalType[http://hl7.org/fhir/StructureDefinition/Resource|4.0.1]]}
","Who/what the section is about, when it is not about the subject of composition","The actual focus of the section when it is not the subject of the composition, but instead represents something or someone associated with the subject such as (for a patient subject) a spouse, parent, fetus, or donor. If not focus is specified, the focus is assumed to be focus of the parent section, or, for a section in the Composition itself, the subject of the composition. Sections with a focus SHALL only include resources where the logical subject (patient, subject, focus, etc.) matches the section focus, or the resources have no logical subject (few resources).","Typically, sections in a doument are about the subject of the document, whether that is a  patient, or group of patients, location, or device, or whatever. For some kind of documents, some sections actually contain data about related entities. Typical examples are  a section in a newborn discharge summary concerning the mother, or family history documents, with a section about each family member, though there are many other examples.","","","","","","","","",,,,,"",,,,"Composition.section.focus",0,1,"","ele-1:All FHIR elements must have a @value or children {hasValue() or (children().count() > id.count())}
"
"MedicationOverviewComposition","Composition.section:detailsRecord.text","Composition.section.text","","","",0,1,"","","","Narrative {[]} {[]}
","Text summary of the section, for human interpretation","A human-readable narrative that contains the attested content of the section, used to represent the content of the resource to a human. The narrative need not encode all the structured data, but is required to contain sufficient detail to make it ""clinically safe"" for a human to just read the narrative.","Document profiles may define what content should be represented in the narrative to ensure clinical safety.","","","","","","","","",,,,,"",,,,"Composition.section.text",0,1,"cmp-1
","ele-1:All FHIR elements must have a @value or children {hasValue() or (children().count() > id.count())}
"
"MedicationOverviewComposition","Composition.section:detailsRecord.mode","Composition.section.mode","","","",0,1,"","","","code {[]} {[]}
","working | snapshot | changes","How the entry list was prepared - whether it is a working list that is suitable for being maintained on an ongoing basis, or if it represents a snapshot of a list of items from another source, or whether it is a prepared list where items may be marked as added, modified or deleted.","This element is labeled as a modifier because a change list must not be misunderstood as a complete list.","Sections are used in various ways, and it must be known in what way it is safe to use the entries in them.","","","","","","","",,"required","The processing mode that applies to this section.","http://hl7.org/fhir/ValueSet/list-mode|4.0.1","",,,,"Composition.section.mode",0,1,"","ele-1:All FHIR elements must have a @value or children {hasValue() or (children().count() > id.count())}
"
"MedicationOverviewComposition","Composition.section:detailsRecord.orderedBy","Composition.section.orderedBy","","","",0,1,"","","","CodeableConcept {[]} {[]}
","Order of section entries","Specifies the order applied to the items in the section entries.","Applications SHOULD render ordered lists in the order provided, but MAY allow users to re-order based on their own preferences as well. If there is no order specified, the order is unknown, though there may still be some order.","Important for presentation and rendering.  Lists may be sorted to place more important information first or to group related entries.","","","","","","","",,"preferred","What order applies to the items in the entry.","http://hl7.org/fhir/ValueSet/list-order|4.0.1","",,,,"Composition.section.orderedBy",0,1,"","ele-1:All FHIR elements must have a @value or children {hasValue() or (children().count() > id.count())}
"
"MedicationOverviewComposition","Composition.section:detailsRecord.entry","Composition.section.entry","","","",0,*,"","","","Reference {[]} {[CanonicalType[http://hl7.org/fhir/StructureDefinition/MedicationStatement], CanonicalType[http://hl7.org/fhir/StructureDefinition/MedicationRequest], CanonicalType[http://hl7.org/fhir/StructureDefinition/MedicationDispense], CanonicalType[http://hl7.org/fhir/StructureDefinition/MedicationAdministration]]}
","A reference to data that supports this section","A reference to the actual resource from which the narrative in the section is derived.","If there are no entries in the list, an emptyReason SHOULD be provided.","","","","","","","","",,,,,"",,,,"Composition.section.entry",0,*,"cmp-2
","ele-1:All FHIR elements must have a @value or children {hasValue() or (children().count() > id.count())}
"
"MedicationOverviewComposition","Composition.section:detailsRecord.emptyReason","Composition.section.emptyReason","","","",0,1,"","","","CodeableConcept {[]} {[]}
","Why the section is empty","If the section is empty, why the list is empty. An empty section typically has some text explaining the empty reason.","The various reasons for an empty section make a significant interpretation to its interpretation. Note that this code is for use when the entire section content has been suppressed, and not for when individual items are omitted - implementers may consider using a text note or a flag on an entry in these cases.","Allows capturing things like ""none exist"" or ""not asked"" which can be important for most lists.","","","","","","","",,"preferred","If a section is empty, why it is empty.","http://hl7.org/fhir/ValueSet/list-empty-reason|4.0.1","",,,,"Composition.section.emptyReason",0,1,"cmp-2
","ele-1:All FHIR elements must have a @value or children {hasValue() or (children().count() > id.count())}
"
"MedicationOverviewComposition","Composition.section:detailsRecord.section","Composition.section.section","","","",0,*,"","","","null {[]} {[]}
","Nested Section","A nested sub-section within this section.","Nested sections are primarily used to help human readers navigate to particular portions of the document.","","","","","","","","",,,,,"",,,,"Composition.section.section",0,*,"cmp-1
","ele-1:All FHIR elements must have a @value or children {hasValue() or (children().count() > id.count())}
"
"MedicationOverviewLM","MedicationOverviewLM","MedicationOverviewLM","","","",0,*,"","","","null {[]} {[]}
","Medication Overview (model)","Logical model for the whole medication overview (medication schema)","","","","","","","","","",,,,,"",,,,"Base",0,*,"",""
"MedicationOverviewLM","MedicationOverviewLM.patient","MedicationOverviewLM.patient","","","",1,1,"","","","https://profiles.ihe.net/PHARM/MEOW/StructureDefinition/PatientLM {[]} {[]}
","Patient","Patient","","","","","","","","","",,,,,"",,,,"MedicationOverviewLM.patient",1,1,"",""
"MedicationOverviewLM","MedicationOverviewLM.medicationTreatmentLine","MedicationOverviewLM.medicationTreatmentLine","","","",0,*,"","","","https://profiles.ihe.net/PHARM/MEOW/StructureDefinition/MedicationTreatmentLineLM {[]} {[]}
","List item in the list of all current medication based treatments. Each line can be verified or unverified.","List item in the list of all current medication based treatments. Each line can be verified or unverified.","","","","","","","","","",,,,,"",,,,"MedicationOverviewLM.medicationTreatmentLine",0,*,"",""
"MedicationOverviewLM","MedicationOverviewLM.verification","MedicationOverviewLM.verification","","","",0,1,"","","","BackboneElement {[]} {[]}
","Verification of overview","Verification of overview","","","","","","","","","",,,,,"",,,,"MedicationOverviewLM.verification",0,1,"","ele-1:All FHIR elements must have a @value or children {hasValue() or (children().count() > id.count())}
"
"MedicationOverviewLM","MedicationOverviewLM.verification.id","MedicationOverviewLM.verification.id","","","",0,1,"","","","string {[]} {[]}
","Unique id for inter-element referencing","Unique id for the element within a resource (for internal references). This may be any string value that does not contain spaces.","","","","","","","","","",,,,,"",,,,"Element.id",0,1,"",""
"MedicationOverviewLM","MedicationOverviewLM.verification.extension","MedicationOverviewLM.verification.extension","","extensions
user content","",0,*,"","","","Extension {[]} {[]}
","Additional content defined by implementations","May be used to represent additional information that is not part of the basic definition of the element. To make the use of extensions safe and manageable, there is a strict set of governance  applied to the definition and use of extensions. Though any implementer can define an extension, there is a set of requirements that SHALL be met as part of the definition of the extension.","There can be no stigma associated with the use of extensions by any application, project, or standard - regardless of the institution or jurisdiction that uses or defines the extensions.  The use of extensions is what allows the FHIR specification to retain a core level of simplicity for everyone.","","","","","","","","",,,,,"","value:url}
","Extensions are always sliced by (at least) url",,"open","Element.extension",0,*,"","ele-1:All FHIR elements must have a @value or children {hasValue() or (children().count() > id.count())}
ext-1:Must have either extensions or value[x], not both {extension.exists() != value.exists()}"
"MedicationOverviewLM","MedicationOverviewLM.verification.modifierExtension","MedicationOverviewLM.verification.modifierExtension","","extensions
user contentmodifiers","",0,*,"","Y","Y","Extension {[]} {[]}
","Extensions that cannot be ignored even if unrecognized","May be used to represent additional information that is not part of the basic definition of the element and that modifies the understanding of the element in which it is contained and/or the understanding of the containing element's descendants. Usually modifier elements provide negation or qualification. To make the use of extensions safe and manageable, there is a strict set of governance applied to the definition and use of extensions. Though any implementer can define an extension, there is a set of requirements that SHALL be met as part of the definition of the extension. Applications processing a resource are required to check for modifier extensions.

Modifier extensions SHALL NOT change the meaning of any elements on Resource or DomainResource (including cannot change the meaning of modifierExtension itself).","There can be no stigma associated with the use of extensions by any application, project, or standard - regardless of the institution or jurisdiction that uses or defines the extensions.  The use of extensions is what allows the FHIR specification to retain a core level of simplicity for everyone.","Modifier extensions allow for extensions that *cannot* be safely ignored to be clearly distinguished from the vast majority of extensions which can be safely ignored.  This promotes interoperability by eliminating the need for implementers to prohibit the presence of extensions. For further information, see the [definition of modifier extensions](http://hl7.org/fhir/R4/extensibility.html#modifierExtension).","","","","","","","",,,,,"",,,,"BackboneElement.modifierExtension",0,*,"","ele-1:All FHIR elements must have a @value or children {hasValue() or (children().count() > id.count())}
ext-1:Must have either extensions or value[x], not both {extension.exists() != value.exists()}"
"MedicationOverviewLM","MedicationOverviewLM.verification.practicioner","MedicationOverviewLM.verification.practicioner","","","",1,1,"","","","Reference {[]} {[CanonicalType[https://profiles.ihe.net/PHARM/MEOW/StructureDefinition/PractitionerLM]]}
","HCP verifying the treatments/overview","HCP verifying the treatments/overview","","","","","","","","","",,,,,"",,,,"MedicationOverviewLM.verification.practicioner",1,1,"",""
"MedicationOverviewLM","MedicationOverviewLM.verification.verificationTime","MedicationOverviewLM.verification.verificationTime","","","",1,1,"","","","dateTime {[]} {[]}
","Time of the verification of the overview","Time of the verification of the overview","","","","","","","","","",,,,,"",,,,"MedicationOverviewLM.verification.verificationTime",1,1,"",""
"MedicationOverviewLM","MedicationOverviewLM.comment","MedicationOverviewLM.comment","","","",0,*,"","","","BackboneElement {[]} {[]}
","Comment on the full overview","Comment on the full overview","","","","","","","","","",,,,,"",,,,"MedicationOverviewLM.comment",0,*,"","ele-1:All FHIR elements must have a @value or children {hasValue() or (children().count() > id.count())}
"
"MedicationOverviewLM","MedicationOverviewLM.comment.id","MedicationOverviewLM.comment.id","","","",0,1,"","","","string {[]} {[]}
","Unique id for inter-element referencing","Unique id for the element within a resource (for internal references). This may be any string value that does not contain spaces.","","","","","","","","","",,,,,"",,,,"Element.id",0,1,"",""
"MedicationOverviewLM","MedicationOverviewLM.comment.extension","MedicationOverviewLM.comment.extension","","extensions
user content","",0,*,"","","","Extension {[]} {[]}
","Additional content defined by implementations","May be used to represent additional information that is not part of the basic definition of the element. To make the use of extensions safe and manageable, there is a strict set of governance  applied to the definition and use of extensions. Though any implementer can define an extension, there is a set of requirements that SHALL be met as part of the definition of the extension.","There can be no stigma associated with the use of extensions by any application, project, or standard - regardless of the institution or jurisdiction that uses or defines the extensions.  The use of extensions is what allows the FHIR specification to retain a core level of simplicity for everyone.","","","","","","","","",,,,,"","value:url}
","Extensions are always sliced by (at least) url",,"open","Element.extension",0,*,"","ele-1:All FHIR elements must have a @value or children {hasValue() or (children().count() > id.count())}
ext-1:Must have either extensions or value[x], not both {extension.exists() != value.exists()}"
"MedicationOverviewLM","MedicationOverviewLM.comment.modifierExtension","MedicationOverviewLM.comment.modifierExtension","","extensions
user contentmodifiers","",0,*,"","Y","Y","Extension {[]} {[]}
","Extensions that cannot be ignored even if unrecognized","May be used to represent additional information that is not part of the basic definition of the element and that modifies the understanding of the element in which it is contained and/or the understanding of the containing element's descendants. Usually modifier elements provide negation or qualification. To make the use of extensions safe and manageable, there is a strict set of governance applied to the definition and use of extensions. Though any implementer can define an extension, there is a set of requirements that SHALL be met as part of the definition of the extension. Applications processing a resource are required to check for modifier extensions.

Modifier extensions SHALL NOT change the meaning of any elements on Resource or DomainResource (including cannot change the meaning of modifierExtension itself).","There can be no stigma associated with the use of extensions by any application, project, or standard - regardless of the institution or jurisdiction that uses or defines the extensions.  The use of extensions is what allows the FHIR specification to retain a core level of simplicity for everyone.","Modifier extensions allow for extensions that *cannot* be safely ignored to be clearly distinguished from the vast majority of extensions which can be safely ignored.  This promotes interoperability by eliminating the need for implementers to prohibit the presence of extensions. For further information, see the [definition of modifier extensions](http://hl7.org/fhir/R4/extensibility.html#modifierExtension).","","","","","","","",,,,,"",,,,"BackboneElement.modifierExtension",0,*,"","ele-1:All FHIR elements must have a @value or children {hasValue() or (children().count() > id.count())}
ext-1:Must have either extensions or value[x], not both {extension.exists() != value.exists()}"
"MedicationOverviewLM","MedicationOverviewLM.comment.author","MedicationOverviewLM.comment.author","","","",1,1,"","","","Reference {[]} {[CanonicalType[https://profiles.ihe.net/PHARM/MEOW/StructureDefinition/PractitionerLM]]}
","author of the comment (pharmacist, doctor, social carer)","author of the comment (pharmacist, doctor, social carer)","","","","","","","","","",,,,,"",,,,"MedicationOverviewLM.comment.author",1,1,"",""
"MedicationOverviewLM","MedicationOverviewLM.comment.date","MedicationOverviewLM.comment.date","","","",1,1,"","","","dateTime {[]} {[]}
","time of comment","time of comment","","","","","","","","","",,,,,"",,,,"MedicationOverviewLM.comment.date",1,1,"",""
"MedicationOverviewLM","MedicationOverviewLM.comment.commentText","MedicationOverviewLM.comment.commentText","","","",1,1,"","","","string {[]} {[]}
","content of the comment","content of the comment","","","","","","","","","",,,,,"",,,,"MedicationOverviewLM.comment.commentText",1,1,"",""
"MedicationOverviewLM","MedicationOverviewLM.comment.subject","MedicationOverviewLM.comment.subject","","","",0,*,"","","","Reference {[]} {[]}
","What the comment is about. It can reference either a treatment line, treatment, or full overview","What the comment is about. It can reference either a treatment line, treatment, or full overview","","","","","","","","","",,,,,"",,,,"MedicationOverviewLM.comment.subject",0,*,"",""
"MedicationTreatment","CarePlan","CarePlan","","Care Team
","",0,*,"","","","null {[]} {[]}
","Healthcare plan for patient or group","Describes the intention of how one or more practitioners intend to deliver care for a particular patient, group or community for a period of time, possibly limited to care for a specific condition or set of conditions.","","","","","","","","","",,,,,"",,,,"CarePlan",0,*,"","dom-2:If the resource is contained in another resource, it SHALL NOT contain nested Resources {contained.contained.empty()}
dom-3:If the resource is contained in another resource, it SHALL be referred to from elsewhere in the resource or SHALL refer to the containing resource {contained.where((('#'+id in (%resource.descendants().reference | %resource.descendants().as(canonical) | %resource.descendants().as(uri) | %resource.descendants().as(url))) or descendants().where(reference = '#').exists() or descendants().where(as(canonical) = '#').exists() or descendants().where(as(canonical) = '#').exists()).not()).trace('unmatched', id).empty()}dom-4:If a resource is contained in another resource, it SHALL NOT have a meta.versionId or a meta.lastUpdated {contained.meta.versionId.empty() and contained.meta.lastUpdated.empty()}dom-5:If a resource is contained in another resource, it SHALL NOT have a security label {contained.meta.security.empty()}dom-6:A resource should have narrative for robust management {text.`div`.exists()}"
"MedicationTreatment","CarePlan.id","CarePlan.id","","","",0,1,"","","Y","id {[]} {[]}
","Logical id of this artifact","The logical id of the resource, as used in the URL for the resource. Once assigned, this value never changes.","The only time that a resource does not have an id is when it is being submitted to the server using a create operation.","","","","","","","","",,,,,"",,,,"Resource.id",0,1,"",""
"MedicationTreatment","CarePlan.meta","CarePlan.meta","","","",0,1,"","","Y","Meta {[]} {[]}
","Metadata about the resource","The metadata about the resource. This is content that is maintained by the infrastructure. Changes to the content might not always be associated with version changes to the resource.","","","","","","","","","",,,,,"",,,,"Resource.meta",0,1,"","ele-1:All FHIR elements must have a @value or children {hasValue() or (children().count() > id.count())}
"
"MedicationTreatment","CarePlan.implicitRules","CarePlan.implicitRules","","","",0,1,"","Y","Y","uri {[]} {[]}
","A set of rules under which this content was created","A reference to a set of rules that were followed when the resource was constructed, and which must be understood when processing the content. Often, this is a reference to an implementation guide that defines the special rules along with other profiles etc.","Asserting this rule set restricts the content to be only understood by a limited set of trading partners. This inherently limits the usefulness of the data in the long term. However, the existing health eco-system is highly fractured, and not yet ready to define, collect, and exchange data in a generally computable sense. Wherever possible, implementers and/or specification writers should avoid using this element. Often, when used, the URL is a reference to an implementation guide that defines these special rules as part of it's narrative along with other profiles, value sets, etc.","","","","","","","","",,,,,"",,,,"Resource.implicitRules",0,1,"","ele-1:All FHIR elements must have a @value or children {hasValue() or (children().count() > id.count())}
"
"MedicationTreatment","CarePlan.language","CarePlan.language","","","",0,1,"","","","code {[]} {[]}
","Language of the resource content","The base language in which the resource is written.","Language is provided to support indexing and accessibility (typically, services such as text to speech use the language tag). The html language tag in the narrative applies  to the narrative. The language tag on the resource may be used to specify the language of other presentations generated from the data in the resource. Not all the content has to be in the base language. The Resource.language should not be assumed to apply to the narrative automatically. If a language is specified, it should it also be specified on the div element in the html (see rules in HTML5 for information about the relationship between xml:lang and the html lang attribute).","","","","","","","","",,"preferred","A human language.","http://hl7.org/fhir/ValueSet/languages|4.0.1","",,,,"Resource.language",0,1,"","ele-1:All FHIR elements must have a @value or children {hasValue() or (children().count() > id.count())}
"
"MedicationTreatment","CarePlan.text","CarePlan.text","","narrative
htmlxhtmldisplay","",0,1,"","","","Narrative {[]} {[]}
","Text summary of the resource, for human interpretation","A human-readable narrative that contains a summary of the resource and can be used to represent the content of the resource to a human. The narrative need not encode all the structured data, but is required to contain sufficient detail to make it ""clinically safe"" for a human to just read the narrative. Resource definitions may define what content should be represented in the narrative to ensure clinical safety.","Contained resources do not have narrative. Resources that are not contained SHOULD have a narrative. In some cases, a resource may only have text with little or no additional discrete data (as long as all minOccurs=1 elements are satisfied).  This may be necessary for data from legacy systems where information is captured as a ""text blob"" or where text is additionally entered raw or narrated and encoded information is added later.","","","","","","","","",,,,,"",,,,"DomainResource.text",0,1,"","ele-1:All FHIR elements must have a @value or children {hasValue() or (children().count() > id.count())}
"
"MedicationTreatment","CarePlan.contained","CarePlan.contained","","inline resources
anonymous resourcescontained resources","",0,*,"","","","Resource {[]} {[]}
","Contained, inline Resources","These resources do not have an independent existence apart from the resource that contains them - they cannot be identified independently, and nor can they have their own independent transaction scope.","This should never be done when the content can be identified properly, as once identification is lost, it is extremely difficult (and context dependent) to restore it again. Contained resources may have profiles and tags In their meta elements, but SHALL NOT have security labels.","","","","","","","","",,,,,"",,,,"DomainResource.contained",0,*,"",""
"MedicationTreatment","CarePlan.extension","CarePlan.extension","","extensions
user content","",0,*,"","","","Extension {[]} {[]}
","Additional content defined by implementations","May be used to represent additional information that is not part of the basic definition of the resource. To make the use of extensions safe and manageable, there is a strict set of governance  applied to the definition and use of extensions. Though any implementer can define an extension, there is a set of requirements that SHALL be met as part of the definition of the extension.","There can be no stigma associated with the use of extensions by any application, project, or standard - regardless of the institution or jurisdiction that uses or defines the extensions.  The use of extensions is what allows the FHIR specification to retain a core level of simplicity for everyone.","","","","","","","","",,,,,"",,,,"DomainResource.extension",0,*,"","ele-1:All FHIR elements must have a @value or children {hasValue() or (children().count() > id.count())}
ext-1:Must have either extensions or value[x], not both {extension.exists() != value.exists()}"
"MedicationTreatment","CarePlan.modifierExtension","CarePlan.modifierExtension","","extensions
user content","",0,*,"","Y","","Extension {[]} {[]}
","Extensions that cannot be ignored","May be used to represent additional information that is not part of the basic definition of the resource and that modifies the understanding of the element that contains it and/or the understanding of the containing element's descendants. Usually modifier elements provide negation or qualification. To make the use of extensions safe and manageable, there is a strict set of governance applied to the definition and use of extensions. Though any implementer is allowed to define an extension, there is a set of requirements that SHALL be met as part of the definition of the extension. Applications processing a resource are required to check for modifier extensions.

Modifier extensions SHALL NOT change the meaning of any elements on Resource or DomainResource (including cannot change the meaning of modifierExtension itself).","There can be no stigma associated with the use of extensions by any application, project, or standard - regardless of the institution or jurisdiction that uses or defines the extensions.  The use of extensions is what allows the FHIR specification to retain a core level of simplicity for everyone.","Modifier extensions allow for extensions that *cannot* be safely ignored to be clearly distinguished from the vast majority of extensions which can be safely ignored.  This promotes interoperability by eliminating the need for implementers to prohibit the presence of extensions. For further information, see the [definition of modifier extensions](http://hl7.org/fhir/R4/extensibility.html#modifierExtension).","","","","","","","",,,,,"",,,,"DomainResource.modifierExtension",0,*,"","ele-1:All FHIR elements must have a @value or children {hasValue() or (children().count() > id.count())}
ext-1:Must have either extensions or value[x], not both {extension.exists() != value.exists()}"
"MedicationTreatment","CarePlan.identifier","CarePlan.identifier","","","",0,*,"Y","","Y","Identifier {[]} {[]}
","External Ids for this plan","Business identifiers assigned to this care plan by the performer or other systems which remain constant as the resource is updated and propagates from server to server.","This is a business identifier, not a resource identifier (see [discussion](http://hl7.org/fhir/R4/resource.html#identifiers)).  It is best practice for the identifier to only appear on a single resource instance, however business practices may occasionally dictate that multiple resource instances with the same identifier can exist - possibly even with different resource types.  For example, multiple Patient and a Person resource instance might share the same social insurance number.","Allows identification of the care plan as it is known by various participating systems and in a way that remains consistent across servers.","","","","","","","",,,,,"",,,,"CarePlan.identifier",0,*,"","ele-1:All FHIR elements must have a @value or children {hasValue() or (children().count() > id.count())}
"
"MedicationTreatment","CarePlan.instantiatesCanonical","CarePlan.instantiatesCanonical","","","",0,*,"","","Y","canonical {[]} {[CanonicalType[http://hl7.org/fhir/StructureDefinition/PlanDefinition|4.0.1], CanonicalType[http://hl7.org/fhir/StructureDefinition/Questionnaire|4.0.1], CanonicalType[http://hl7.org/fhir/StructureDefinition/Measure|4.0.1], CanonicalType[http://hl7.org/fhir/StructureDefinition/ActivityDefinition|4.0.1], CanonicalType[http://hl7.org/fhir/StructureDefinition/OperationDefinition|4.0.1]]}
","Instantiates FHIR protocol or definition","The URL pointing to a FHIR-defined protocol, guideline, questionnaire or other definition that is adhered to in whole or in part by this CarePlan.","","","","","","","","","",,,,,"",,,,"CarePlan.instantiatesCanonical",0,*,"","ele-1:All FHIR elements must have a @value or children {hasValue() or (children().count() > id.count())}
"
"MedicationTreatment","CarePlan.instantiatesUri","CarePlan.instantiatesUri","","","",0,*,"Y","","Y","uri {[]} {[]}
","Instantiates external protocol or definition","The URL pointing to an externally maintained protocol, guideline, questionnaire or other definition that is adhered to in whole or in part by this CarePlan.","This might be an HTML page, PDF, etc. or could just be a non-resolvable URI identifier.","","","","","","","","",,,,,"",,,,"CarePlan.instantiatesUri",0,*,"","ele-1:All FHIR elements must have a @value or children {hasValue() or (children().count() > id.count())}
"
"MedicationTreatment","CarePlan.basedOn","CarePlan.basedOn","","fulfills
","",0,*,"Y","","Y","Reference {[]} {[CanonicalType[http://hl7.org/fhir/StructureDefinition/CarePlan|4.0.1]]}
","Fulfills CarePlan","A care plan that is fulfilled in whole or in part by this care plan.","","Allows tracing of the care plan and tracking whether proposals/recommendations were acted upon.","","","","","","","",,,,,"",,,,"CarePlan.basedOn",0,*,"","ele-1:All FHIR elements must have a @value or children {hasValue() or (children().count() > id.count())}
"
"MedicationTreatment","CarePlan.replaces","CarePlan.replaces","","supersedes
","",0,*,"Y","","Y","Reference {[]} {[CanonicalType[http://hl7.org/fhir/StructureDefinition/CarePlan|4.0.1]]}
","CarePlan replaced by this CarePlan","Completed or terminated care plan whose function is taken by this new care plan.","The replacement could be because the initial care plan was immediately rejected (due to an issue) or because the previous care plan was completed, but the need for the action described by the care plan remains ongoing.","Allows tracing the continuation of a therapy or administrative process instantiated through multiple care plans.","","","","","","","",,,,,"",,,,"CarePlan.replaces",0,*,"","ele-1:All FHIR elements must have a @value or children {hasValue() or (children().count() > id.count())}
"
"MedicationTreatment","CarePlan.partOf","CarePlan.partOf","","","",0,*,"Y","","Y","Reference {[]} {[CanonicalType[http://hl7.org/fhir/StructureDefinition/CarePlan|4.0.1]]}
","Part of referenced CarePlan","A larger care plan of which this particular care plan is a component or step.","Each care plan is an independent request, such that having a care plan be part of another care plan can cause issues with cascading statuses.  As such, this element is still being discussed.","","","","","","","","",,,,,"",,,,"CarePlan.partOf",0,*,"","ele-1:All FHIR elements must have a @value or children {hasValue() or (children().count() > id.count())}
"
"MedicationTreatment","CarePlan.status","CarePlan.status","","","",1,1,"Y","Y","Y","code {[]} {[]}
","draft | active | on-hold | revoked | completed | entered-in-error | unknown","Indicates whether the plan is currently being acted upon, represents future intentions or is now a historical record.","The unknown code is not to be used to convey other statuses.  The unknown code should be used when one of the statuses applies, but the authoring system doesn't know the current state of the care plan.

This element is labeled as a modifier because the status contains the code entered-in-error that marks the plan as not currently valid.","Allows clinicians to determine whether the plan is actionable or not.","","","","","","","",,"required","Indicates whether the plan is currently being acted upon, represents future intentions or is now a historical record.","http://hl7.org/fhir/ValueSet/request-status|4.0.1","",,,,"CarePlan.status",1,1,"","ele-1:All FHIR elements must have a @value or children {hasValue() or (children().count() > id.count())}
"
"MedicationTreatment","CarePlan.intent","CarePlan.intent","","","",1,1,"Y","Y","Y","code {[]} {[]}
","proposal | plan | order | option","Indicates the level of authority/intentionality associated with the care plan and where the care plan fits into the workflow chain.","This element is labeled as a modifier because the intent alters when and how the resource is actually applicable.","Proposals/recommendations, plans and orders all use the same structure and can exist in the same fulfillment chain.","","","","","","","",,"required","Codes indicating the degree of authority/intentionality associated with a care plan.","http://hl7.org/fhir/ValueSet/care-plan-intent|4.0.1","",,,,"CarePlan.intent",1,1,"","ele-1:All FHIR elements must have a @value or children {hasValue() or (children().count() > id.count())}
"
"MedicationTreatment","CarePlan.category","CarePlan.category","","","",0,*,"Y","","Y","CodeableConcept {[]} {[]}
","Type of plan","Identifies what ""kind"" of plan this is to support differentiation between multiple co-existing plans; e.g. ""Home health"", ""psychiatric"", ""asthma"", ""disease management"", ""wellness plan"", etc.","There may be multiple axes of categorization and one plan may serve multiple purposes.  In some cases, this may be redundant with references to CarePlan.concern.","Used for filtering what plan(s) are retrieved and displayed to different types of users.","","","","","","","",,"example","Identifies what ""kind"" of plan this is to support differentiation between multiple co-existing plans; e.g. ""Home health"", ""psychiatric"", ""asthma"", ""disease management"", etc.","http://hl7.org/fhir/ValueSet/care-plan-category|4.0.1","",,,,"CarePlan.category",0,*,"","ele-1:All FHIR elements must have a @value or children {hasValue() or (children().count() > id.count())}
"
"MedicationTreatment","CarePlan.title","CarePlan.title","","","",0,1,"Y","","Y","string {[]} {[]}
","Human-friendly name for the care plan","Human-friendly name for the care plan.","","","","","","","","","",,,,,"",,,,"CarePlan.title",0,1,"","ele-1:All FHIR elements must have a @value or children {hasValue() or (children().count() > id.count())}
"
"MedicationTreatment","CarePlan.description","CarePlan.description","","","",0,1,"Y","","Y","string {[]} {[]}
","Summary of nature of plan","A description of the scope and nature of the plan.","","Provides more detail than conveyed by category.","","","","","","","",,,,,"",,,,"CarePlan.description",0,1,"","ele-1:All FHIR elements must have a @value or children {hasValue() or (children().count() > id.count())}
"
"MedicationTreatment","CarePlan.subject","CarePlan.subject","","patient
","",1,1,"Y","","Y","Reference {[]} {[CanonicalType[http://hl7.org/fhir/StructureDefinition/Patient|4.0.1], CanonicalType[http://hl7.org/fhir/StructureDefinition/Group|4.0.1]]}
","Who the care plan is for","Identifies the patient or group whose intended care is described by the plan.","","","","","","","","","",,,,,"",,,,"CarePlan.subject",1,1,"","ele-1:All FHIR elements must have a @value or children {hasValue() or (children().count() > id.count())}
"
"MedicationTreatment","CarePlan.encounter","CarePlan.encounter","","","",0,1,"Y","","Y","Reference {[]} {[CanonicalType[http://hl7.org/fhir/StructureDefinition/Encounter|4.0.1]]}
","Encounter created as part of","The Encounter during which this CarePlan was created or to which the creation of this record is tightly associated.","This will typically be the encounter the event occurred within, but some activities may be initiated prior to or after the official completion of an encounter but still be tied to the context of the encounter. CarePlan activities conducted as a result of the care plan may well occur as part of other encounters.","","","","","","","","",,,,,"",,,,"CarePlan.encounter",0,1,"","ele-1:All FHIR elements must have a @value or children {hasValue() or (children().count() > id.count())}
"
"MedicationTreatment","CarePlan.period","CarePlan.period","","timing
","",0,1,"Y","","Y","Period {[]} {[]}
","Time period plan covers","Indicates when the plan did (or is intended to) come into effect and end.","Any activities scheduled as part of the plan should be constrained to the specified period regardless of whether the activities are planned within a single encounter/episode or across multiple encounters/episodes (e.g. the longitudinal management of a chronic condition).","Allows tracking what plan(s) are in effect at a particular time.","","","","","","","",,,,,"",,,,"CarePlan.period",0,1,"","ele-1:All FHIR elements must have a @value or children {hasValue() or (children().count() > id.count())}
"
"MedicationTreatment","CarePlan.created","CarePlan.created","","authoredOn
","",0,1,"Y","","Y","dateTime {[]} {[]}
","Date record was first recorded","Represents when this particular CarePlan record was created in the system, which is often a system-generated date.","","","","","","","","","",,,,,"",,,,"CarePlan.created",0,1,"","ele-1:All FHIR elements must have a @value or children {hasValue() or (children().count() > id.count())}
"
"MedicationTreatment","CarePlan.author","CarePlan.author","","","",0,1,"","","Y","Reference {[]} {[CanonicalType[http://hl7.org/fhir/StructureDefinition/Patient|4.0.1], CanonicalType[http://hl7.org/fhir/StructureDefinition/Practitioner|4.0.1], CanonicalType[http://hl7.org/fhir/StructureDefinition/PractitionerRole|4.0.1], CanonicalType[http://hl7.org/fhir/StructureDefinition/Device|4.0.1], CanonicalType[http://hl7.org/fhir/StructureDefinition/RelatedPerson|4.0.1], CanonicalType[http://hl7.org/fhir/StructureDefinition/Organization|4.0.1], CanonicalType[http://hl7.org/fhir/StructureDefinition/CareTeam|4.0.1]]}
","Who is the designated responsible party","When populated, the author is responsible for the care plan.  The care plan is attributed to the author.","The author may also be a contributor.  For example, an organization can be an author, but not listed as a contributor.","","","","","","","","",,,,,"",,,,"CarePlan.author",0,1,"","ele-1:All FHIR elements must have a @value or children {hasValue() or (children().count() > id.count())}
"
"MedicationTreatment","CarePlan.contributor","CarePlan.contributor","","","",0,*,"Y","","","Reference {[]} {[CanonicalType[http://hl7.org/fhir/StructureDefinition/Patient|4.0.1], CanonicalType[http://hl7.org/fhir/StructureDefinition/Practitioner|4.0.1], CanonicalType[http://hl7.org/fhir/StructureDefinition/PractitionerRole|4.0.1], CanonicalType[http://hl7.org/fhir/StructureDefinition/Device|4.0.1], CanonicalType[http://hl7.org/fhir/StructureDefinition/RelatedPerson|4.0.1], CanonicalType[http://hl7.org/fhir/StructureDefinition/Organization|4.0.1], CanonicalType[http://hl7.org/fhir/StructureDefinition/CareTeam|4.0.1]]}
","Who provided the content of the care plan","Identifies the individual(s) or organization who provided the contents of the care plan.","Collaborative care plans may have multiple contributors.","","","","","","","","",,,,,"",,,,"CarePlan.contributor",0,*,"","ele-1:All FHIR elements must have a @value or children {hasValue() or (children().count() > id.count())}
"
"MedicationTreatment","CarePlan.careTeam","CarePlan.careTeam","","","",0,*,"Y","","","Reference {[]} {[CanonicalType[http://hl7.org/fhir/StructureDefinition/CareTeam|4.0.1]]}
","Who's involved in plan?","Identifies all people and organizations who are expected to be involved in the care envisioned by this plan.","","Allows representation of care teams, helps scope care plan.  In some cases may be a determiner of access permissions.","","","","","","","",,,,,"",,,,"CarePlan.careTeam",0,*,"","ele-1:All FHIR elements must have a @value or children {hasValue() or (children().count() > id.count())}
"
"MedicationTreatment","CarePlan.addresses","CarePlan.addresses","","","",0,*,"Y","","Y","Reference {[]} {[CanonicalType[http://hl7.org/fhir/StructureDefinition/Condition|4.0.1]]}
","Health issues this plan addresses","Identifies the conditions/problems/concerns/diagnoses/etc. whose management and/or mitigation are handled by this plan.","When the diagnosis is related to an allergy or intolerance, the Condition and AllergyIntolerance resources can both be used. However, to be actionable for decision support, using Condition alone is not sufficient as the allergy or intolerance condition needs to be represented as an AllergyIntolerance.","Links plan to the conditions it manages.  The element can identify risks addressed by the plan as well as active conditions.  (The Condition resource can include things like ""at risk for hypertension"" or ""fall risk"".)  Also scopes plans - multiple plans may exist addressing different concerns.","","","","","","","",,,,,"",,,,"CarePlan.addresses",0,*,"","ele-1:All FHIR elements must have a @value or children {hasValue() or (children().count() > id.count())}
"
"MedicationTreatment","CarePlan.supportingInfo","CarePlan.supportingInfo","","","",0,*,"Y","","","Reference {[]} {[CanonicalType[http://hl7.org/fhir/StructureDefinition/Resource|4.0.1]]}
","Information considered as part of plan","Identifies portions of the patient's record that specifically influenced the formation of the plan.  These might include comorbidities, recent procedures, limitations, recent assessments, etc.","Use ""concern"" to identify specific conditions addressed by the care plan.","Identifies barriers and other considerations associated with the care plan.","","","","","","","",,,,,"",,,,"CarePlan.supportingInfo",0,*,"","ele-1:All FHIR elements must have a @value or children {hasValue() or (children().count() > id.count())}
"
"MedicationTreatment","CarePlan.goal","CarePlan.goal","","","",0,*,"Y","","","Reference {[]} {[CanonicalType[http://hl7.org/fhir/StructureDefinition/Goal|4.0.1]]}
","Desired outcome of plan","Describes the intended objective(s) of carrying out the care plan.","Goal can be achieving a particular change or merely maintaining a current state or even slowing a decline.","Provides context for plan.  Allows plan effectiveness to be evaluated by clinicians.","","","","","","","",,,,,"",,,,"CarePlan.goal",0,*,"","ele-1:All FHIR elements must have a @value or children {hasValue() or (children().count() > id.count())}
"
"MedicationTreatment","CarePlan.activity","CarePlan.activity","","","",0,*,"","","","BackboneElement {[]} {[]}
","Action to occur as part of plan","Identifies a planned action to occur as part of the plan.  For example, a medication to be used, lab tests to perform, self-monitoring, education, etc.","","Allows systems to prompt for performance of planned activities, and validate plans against best practice.","","","","","","","",,,,,"",,,,"CarePlan.activity",0,*,"","cpl-3:Provide a reference or detail, not both {detail.empty() or reference.empty()}
ele-1:All FHIR elements must have a @value or children {hasValue() or (children().count() > id.count())}"
"MedicationTreatment","CarePlan.activity.id","CarePlan.activity.id","","","",0,1,"","","","string {[]} {[]}
","Unique id for inter-element referencing","Unique id for the element within a resource (for internal references). This may be any string value that does not contain spaces.","","","","","","","","","",,,,,"",,,,"Element.id",0,1,"",""
"MedicationTreatment","CarePlan.activity.extension","CarePlan.activity.extension","","extensions
user content","",0,*,"","","","Extension {[]} {[]}
","Additional content defined by implementations","May be used to represent additional information that is not part of the basic definition of the element. To make the use of extensions safe and manageable, there is a strict set of governance  applied to the definition and use of extensions. Though any implementer can define an extension, there is a set of requirements that SHALL be met as part of the definition of the extension.","There can be no stigma associated with the use of extensions by any application, project, or standard - regardless of the institution or jurisdiction that uses or defines the extensions.  The use of extensions is what allows the FHIR specification to retain a core level of simplicity for everyone.","","","","","","","","",,,,,"",,,,"Element.extension",0,*,"","ele-1:All FHIR elements must have a @value or children {hasValue() or (children().count() > id.count())}
ext-1:Must have either extensions or value[x], not both {extension.exists() != value.exists()}"
"MedicationTreatment","CarePlan.activity.modifierExtension","CarePlan.activity.modifierExtension","","extensions
user contentmodifiers","",0,*,"","Y","Y","Extension {[]} {[]}
","Extensions that cannot be ignored even if unrecognized","May be used to represent additional information that is not part of the basic definition of the element and that modifies the understanding of the element in which it is contained and/or the understanding of the containing element's descendants. Usually modifier elements provide negation or qualification. To make the use of extensions safe and manageable, there is a strict set of governance applied to the definition and use of extensions. Though any implementer can define an extension, there is a set of requirements that SHALL be met as part of the definition of the extension. Applications processing a resource are required to check for modifier extensions.

Modifier extensions SHALL NOT change the meaning of any elements on Resource or DomainResource (including cannot change the meaning of modifierExtension itself).","There can be no stigma associated with the use of extensions by any application, project, or standard - regardless of the institution or jurisdiction that uses or defines the extensions.  The use of extensions is what allows the FHIR specification to retain a core level of simplicity for everyone.","Modifier extensions allow for extensions that *cannot* be safely ignored to be clearly distinguished from the vast majority of extensions which can be safely ignored.  This promotes interoperability by eliminating the need for implementers to prohibit the presence of extensions. For further information, see the [definition of modifier extensions](http://hl7.org/fhir/R4/extensibility.html#modifierExtension).","","","","","","","",,,,,"",,,,"BackboneElement.modifierExtension",0,*,"","ele-1:All FHIR elements must have a @value or children {hasValue() or (children().count() > id.count())}
ext-1:Must have either extensions or value[x], not both {extension.exists() != value.exists()}"
"MedicationTreatment","CarePlan.activity.outcomeCodeableConcept","CarePlan.activity.outcomeCodeableConcept","","","",0,*,"","","","CodeableConcept {[]} {[]}
","Results of the activity","Identifies the outcome at the point when the status of the activity is assessed.  For example, the outcome of an education activity could be patient understands (or not).","Note that this should not duplicate the activity status (e.g. completed or in progress).","","","","","","","","",,"example","Identifies the results of the activity.","http://hl7.org/fhir/ValueSet/care-plan-activity-outcome|4.0.1","",,,,"CarePlan.activity.outcomeCodeableConcept",0,*,"","ele-1:All FHIR elements must have a @value or children {hasValue() or (children().count() > id.count())}
"
"MedicationTreatment","CarePlan.activity.outcomeReference","CarePlan.activity.outcomeReference","","","",0,*,"","","","Reference {[]} {[CanonicalType[http://hl7.org/fhir/StructureDefinition/Resource|4.0.1]]}
","Appointment, Encounter, Procedure, etc.","Details of the outcome or action resulting from the activity.  The reference to an ""event"" resource, such as Procedure or Encounter or Observation, is the result/outcome of the activity itself.  The activity can be conveyed using CarePlan.activity.detail OR using the CarePlan.activity.reference (a reference to a “request” resource).","The activity outcome is independent of the outcome of the related goal(s).  For example, if the goal is to achieve a target body weight of 150 lbs and an activity is defined to diet, then the activity outcome could be calories consumed whereas the goal outcome is an observation for the actual body weight measured.","Links plan to resulting actions.","","","","","","","",,,,,"",,,,"CarePlan.activity.outcomeReference",0,*,"","ele-1:All FHIR elements must have a @value or children {hasValue() or (children().count() > id.count())}
"
"MedicationTreatment","CarePlan.activity.progress","CarePlan.activity.progress","","","",0,*,"","","","Annotation {[]} {[]}
","Comments about the activity status/progress","Notes about the adherence/status/progress of the activity.","This element should NOT be used to describe the activity to be performed - that occurs either within the resource pointed to by activity.detail.reference or in activity.detail.description.","Can be used to capture information about adherence, progress, concerns, etc.","","","","","","","",,,,,"",,,,"CarePlan.activity.progress",0,*,"","ele-1:All FHIR elements must have a @value or children {hasValue() or (children().count() > id.count())}
"
"MedicationTreatment","CarePlan.activity.reference","CarePlan.activity.reference","","","",0,1,"","","","Reference {[]} {[CanonicalType[http://hl7.org/fhir/StructureDefinition/Appointment|4.0.1], CanonicalType[http://hl7.org/fhir/StructureDefinition/CommunicationRequest|4.0.1], CanonicalType[http://hl7.org/fhir/StructureDefinition/DeviceRequest|4.0.1], CanonicalType[http://hl7.org/fhir/StructureDefinition/MedicationRequest|4.0.1], CanonicalType[http://hl7.org/fhir/StructureDefinition/NutritionOrder|4.0.1], CanonicalType[http://hl7.org/fhir/StructureDefinition/Task|4.0.1], CanonicalType[http://hl7.org/fhir/StructureDefinition/ServiceRequest|4.0.1], CanonicalType[http://hl7.org/fhir/StructureDefinition/VisionPrescription|4.0.1], CanonicalType[http://hl7.org/fhir/StructureDefinition/RequestGroup|4.0.1]]}
","Activity details defined in specific resource","The details of the proposed activity represented in a specific resource.","Standard extension exists ([resource-pertainsToGoal](http://hl7.org/fhir/R4/extension-resource-pertainstogoal.html)) that allows goals to be referenced from any of the referenced resources in CarePlan.activity.reference.  The goal should be visible when the resource referenced by CarePlan.activity.reference is viewed independently from the CarePlan.  Requests that are pointed to by a CarePlan using this element should *not* point to this CarePlan using the ""basedOn"" element.  i.e. Requests that are part of a CarePlan are not ""based on"" the CarePlan.","Details in a form consistent with other applications and contexts of use.","","","","","","","",,,,,"",,,,"CarePlan.activity.reference",0,1,"cpl-3
","ele-1:All FHIR elements must have a @value or children {hasValue() or (children().count() > id.count())}
"
"MedicationTreatment","CarePlan.activity.detail","CarePlan.activity.detail","","","",0,1,"","","","BackboneElement {[]} {[]}
","In-line definition of activity","A simple summary of a planned activity suitable for a general care plan system (e.g. form driven) that doesn't know about specific resources such as procedure etc.","","Details in a simple form for generic care plan systems.","","","","","","","",,,,,"",,,,"CarePlan.activity.detail",0,1,"cpl-3
","ele-1:All FHIR elements must have a @value or children {hasValue() or (children().count() > id.count())}
"
"MedicationTreatment","CarePlan.activity.detail.id","CarePlan.activity.detail.id","","","",0,1,"","","","string {[]} {[]}
","Unique id for inter-element referencing","Unique id for the element within a resource (for internal references). This may be any string value that does not contain spaces.","","","","","","","","","",,,,,"",,,,"Element.id",0,1,"",""
"MedicationTreatment","CarePlan.activity.detail.extension","CarePlan.activity.detail.extension","","extensions
user content","",0,*,"","","","Extension {[]} {[]}
","Additional content defined by implementations","May be used to represent additional information that is not part of the basic definition of the element. To make the use of extensions safe and manageable, there is a strict set of governance  applied to the definition and use of extensions. Though any implementer can define an extension, there is a set of requirements that SHALL be met as part of the definition of the extension.","There can be no stigma associated with the use of extensions by any application, project, or standard - regardless of the institution or jurisdiction that uses or defines the extensions.  The use of extensions is what allows the FHIR specification to retain a core level of simplicity for everyone.","","","","","","","","",,,,,"",,,,"Element.extension",0,*,"","ele-1:All FHIR elements must have a @value or children {hasValue() or (children().count() > id.count())}
ext-1:Must have either extensions or value[x], not both {extension.exists() != value.exists()}"
"MedicationTreatment","CarePlan.activity.detail.modifierExtension","CarePlan.activity.detail.modifierExtension","","extensions
user contentmodifiers","",0,*,"","Y","Y","Extension {[]} {[]}
","Extensions that cannot be ignored even if unrecognized","May be used to represent additional information that is not part of the basic definition of the element and that modifies the understanding of the element in which it is contained and/or the understanding of the containing element's descendants. Usually modifier elements provide negation or qualification. To make the use of extensions safe and manageable, there is a strict set of governance applied to the definition and use of extensions. Though any implementer can define an extension, there is a set of requirements that SHALL be met as part of the definition of the extension. Applications processing a resource are required to check for modifier extensions.

Modifier extensions SHALL NOT change the meaning of any elements on Resource or DomainResource (including cannot change the meaning of modifierExtension itself).","There can be no stigma associated with the use of extensions by any application, project, or standard - regardless of the institution or jurisdiction that uses or defines the extensions.  The use of extensions is what allows the FHIR specification to retain a core level of simplicity for everyone.","Modifier extensions allow for extensions that *cannot* be safely ignored to be clearly distinguished from the vast majority of extensions which can be safely ignored.  This promotes interoperability by eliminating the need for implementers to prohibit the presence of extensions. For further information, see the [definition of modifier extensions](http://hl7.org/fhir/R4/extensibility.html#modifierExtension).","","","","","","","",,,,,"",,,,"BackboneElement.modifierExtension",0,*,"","ele-1:All FHIR elements must have a @value or children {hasValue() or (children().count() > id.count())}
ext-1:Must have either extensions or value[x], not both {extension.exists() != value.exists()}"
"MedicationTreatment","CarePlan.activity.detail.kind","CarePlan.activity.detail.kind","","","",0,1,"","","","code {[]} {[]}
","Appointment | CommunicationRequest | DeviceRequest | MedicationRequest | NutritionOrder | Task | ServiceRequest | VisionPrescription","A description of the kind of resource the in-line definition of a care plan activity is representing.  The CarePlan.activity.detail is an in-line definition when a resource is not referenced using CarePlan.activity.reference.  For example, a MedicationRequest, a ServiceRequest, or a CommunicationRequest.","","May determine what types of extensions are permitted.","","","","","","","",,"required","Resource types defined as part of FHIR that can be represented as in-line definitions of a care plan activity.","http://hl7.org/fhir/ValueSet/care-plan-activity-kind|4.0.1","",,,,"CarePlan.activity.detail.kind",0,1,"","ele-1:All FHIR elements must have a @value or children {hasValue() or (children().count() > id.count())}
"
"MedicationTreatment","CarePlan.activity.detail.instantiatesCanonical","CarePlan.activity.detail.instantiatesCanonical","","","",0,*,"","","","canonical {[]} {[CanonicalType[http://hl7.org/fhir/StructureDefinition/PlanDefinition|4.0.1], CanonicalType[http://hl7.org/fhir/StructureDefinition/ActivityDefinition|4.0.1], CanonicalType[http://hl7.org/fhir/StructureDefinition/Questionnaire|4.0.1], CanonicalType[http://hl7.org/fhir/StructureDefinition/Measure|4.0.1], CanonicalType[http://hl7.org/fhir/StructureDefinition/OperationDefinition|4.0.1]]}
","Instantiates FHIR protocol or definition","The URL pointing to a FHIR-defined protocol, guideline, questionnaire or other definition that is adhered to in whole or in part by this CarePlan activity.","","Allows Questionnaires that the patient (or practitioner) should fill in to fulfill the care plan activity.","","","","","","","",,,,,"",,,,"CarePlan.activity.detail.instantiatesCanonical",0,*,"","ele-1:All FHIR elements must have a @value or children {hasValue() or (children().count() > id.count())}
"
"MedicationTreatment","CarePlan.activity.detail.instantiatesUri","CarePlan.activity.detail.instantiatesUri","","","",0,*,"","","","uri {[]} {[]}
","Instantiates external protocol or definition","The URL pointing to an externally maintained protocol, guideline, questionnaire or other definition that is adhered to in whole or in part by this CarePlan activity.","This might be an HTML page, PDF, etc. or could just be a non-resolvable URI identifier.","Allows Questionnaires that the patient (or practitioner) should fill in to fulfill the care plan activity.","","","","","","","",,,,,"",,,,"CarePlan.activity.detail.instantiatesUri",0,*,"","ele-1:All FHIR elements must have a @value or children {hasValue() or (children().count() > id.count())}
"
"MedicationTreatment","CarePlan.activity.detail.code","CarePlan.activity.detail.code","","","",0,1,"","","","CodeableConcept {[]} {[]}
","Detail type of activity","Detailed description of the type of planned activity; e.g. what lab test, what procedure, what kind of encounter.","Tends to be less relevant for activities involving particular products.  Codes should not convey negation - use ""prohibited"" instead.","Allows matching performed to planned as well as validation against protocols.","","","","","","","",,"example","Detailed description of the type of activity; e.g. What lab test, what procedure, what kind of encounter.","http://hl7.org/fhir/ValueSet/procedure-code|4.0.1","",,,,"CarePlan.activity.detail.code",0,1,"","ele-1:All FHIR elements must have a @value or children {hasValue() or (children().count() > id.count())}
"
"MedicationTreatment","CarePlan.activity.detail.reasonCode","CarePlan.activity.detail.reasonCode","","","",0,*,"","","","CodeableConcept {[]} {[]}
","Why activity should be done or why activity was prohibited","Provides the rationale that drove the inclusion of this particular activity as part of the plan or the reason why the activity was prohibited.","This could be a diagnosis code.  If a full condition record exists or additional detail is needed, use reasonCondition instead.","","","","","","","","",,"example","Identifies why a care plan activity is needed.  Can include any health condition codes as well as such concepts as ""general wellness"", prophylaxis, surgical preparation, etc.","http://hl7.org/fhir/ValueSet/clinical-findings|4.0.1","",,,,"CarePlan.activity.detail.reasonCode",0,*,"","ele-1:All FHIR elements must have a @value or children {hasValue() or (children().count() > id.count())}
"
"MedicationTreatment","CarePlan.activity.detail.reasonReference","CarePlan.activity.detail.reasonReference","","","",0,*,"","","","Reference {[]} {[CanonicalType[http://hl7.org/fhir/StructureDefinition/Condition|4.0.1], CanonicalType[http://hl7.org/fhir/StructureDefinition/Observation|4.0.1], CanonicalType[http://hl7.org/fhir/StructureDefinition/DiagnosticReport|4.0.1], CanonicalType[http://hl7.org/fhir/StructureDefinition/DocumentReference|4.0.1]]}
","Why activity is needed","Indicates another resource, such as the health condition(s), whose existence justifies this request and drove the inclusion of this particular activity as part of the plan.","Conditions can be identified at the activity level that are not identified as reasons for the overall plan.","","","","","","","","",,,,,"",,,,"CarePlan.activity.detail.reasonReference",0,*,"","ele-1:All FHIR elements must have a @value or children {hasValue() or (children().count() > id.count())}
"
"MedicationTreatment","CarePlan.activity.detail.goal","CarePlan.activity.detail.goal","","","",0,*,"","","","Reference {[]} {[CanonicalType[http://hl7.org/fhir/StructureDefinition/Goal|4.0.1]]}
","Goals this activity relates to","Internal reference that identifies the goals that this activity is intended to contribute towards meeting.","","So that participants know the link explicitly.","","","","","","","",,,,,"",,,,"CarePlan.activity.detail.goal",0,*,"","ele-1:All FHIR elements must have a @value or children {hasValue() or (children().count() > id.count())}
"
"MedicationTreatment","CarePlan.activity.detail.status","CarePlan.activity.detail.status","","","",1,1,"","Y","","code {[]} {[]}
","not-started | scheduled | in-progress | on-hold | completed | cancelled | stopped | unknown | entered-in-error","Identifies what progress is being made for the specific activity.","Some aspects of status can be inferred based on the resources linked in actionTaken.  Note that ""status"" is only as current as the plan was most recently updated.  
The unknown code is not to be used to convey other statuses.  The unknown code should be used when one of the statuses applies, but the authoring system doesn't know the current state of the activity.","Indicates progress against the plan, whether the activity is still relevant for the plan.","","","","","","","",,"required","Codes that reflect the current state of a care plan activity within its overall life cycle.","http://hl7.org/fhir/ValueSet/care-plan-activity-status|4.0.1","",,,,"CarePlan.activity.detail.status",1,1,"","ele-1:All FHIR elements must have a @value or children {hasValue() or (children().count() > id.count())}
"
"MedicationTreatment","CarePlan.activity.detail.statusReason","CarePlan.activity.detail.statusReason","","","",0,1,"","","","CodeableConcept {[]} {[]}
","Reason for current status","Provides reason why the activity isn't yet started, is on hold, was cancelled, etc.","Will generally not be present if status is ""complete"".  Be sure to prompt to update this (or at least remove the existing value) if the status is changed.","","","","","","","","",,,,,"",,,,"CarePlan.activity.detail.statusReason",0,1,"","ele-1:All FHIR elements must have a @value or children {hasValue() or (children().count() > id.count())}
"
"MedicationTreatment","CarePlan.activity.detail.doNotPerform","CarePlan.activity.detail.doNotPerform","","","",0,1,"","Y","","boolean {[]} {[]}
","If true, activity is prohibiting action","If true, indicates that the described activity is one that must NOT be engaged in when following the plan.  If false, or missing, indicates that the described activity is one that should be engaged in when following the plan.","This element is labeled as a modifier because it marks an activity as an activity that is not to be performed.","Captures intention to not do something that may have been previously typical.","","If missing indicates that the described activity is one that should be engaged in when following the plan.","","","","","",,,,,"",,,,"CarePlan.activity.detail.doNotPerform",0,1,"","ele-1:All FHIR elements must have a @value or children {hasValue() or (children().count() > id.count())}
"
"MedicationTreatment","CarePlan.activity.detail.scheduled[x]","CarePlan.activity.detail.scheduled[x]","","","",0,1,"","","","Timing {[]} {[]}
Period {[]} {[]}string {[]} {[]}","When activity is to occur","The period, timing or frequency upon which the described activity is to occur.","","Allows prompting for activities and detection of missed planned activities.","","","","","","","",,,,,"",,,,"CarePlan.activity.detail.scheduled[x]",0,1,"","ele-1:All FHIR elements must have a @value or children {hasValue() or (children().count() > id.count())}
"
"MedicationTreatment","CarePlan.activity.detail.location","CarePlan.activity.detail.location","","","",0,1,"","","","Reference {[]} {[CanonicalType[http://hl7.org/fhir/StructureDefinition/Location|4.0.1]]}
","Where it should happen","Identifies the facility where the activity will occur; e.g. home, hospital, specific clinic, etc.","May reference a specific clinical location or may identify a type of location.","Helps in planning of activity.","","","","","","","",,,,,"",,,,"CarePlan.activity.detail.location",0,1,"","ele-1:All FHIR elements must have a @value or children {hasValue() or (children().count() > id.count())}
"
"MedicationTreatment","CarePlan.activity.detail.performer","CarePlan.activity.detail.performer","","","",0,*,"","","","Reference {[]} {[CanonicalType[http://hl7.org/fhir/StructureDefinition/Practitioner|4.0.1], CanonicalType[http://hl7.org/fhir/StructureDefinition/PractitionerRole|4.0.1], CanonicalType[http://hl7.org/fhir/StructureDefinition/Organization|4.0.1], CanonicalType[http://hl7.org/fhir/StructureDefinition/RelatedPerson|4.0.1], CanonicalType[http://hl7.org/fhir/StructureDefinition/Patient|4.0.1], CanonicalType[http://hl7.org/fhir/StructureDefinition/CareTeam|4.0.1], CanonicalType[http://hl7.org/fhir/StructureDefinition/HealthcareService|4.0.1], CanonicalType[http://hl7.org/fhir/StructureDefinition/Device|4.0.1]]}
","Who will be responsible?","Identifies who's expected to be involved in the activity.","A performer MAY also be a participant in the care plan.","Helps in planning of activity.","","","","","","","",,,,,"",,,,"CarePlan.activity.detail.performer",0,*,"","ele-1:All FHIR elements must have a @value or children {hasValue() or (children().count() > id.count())}
"
"MedicationTreatment","CarePlan.activity.detail.product[x]","CarePlan.activity.detail.product[x]","","","",0,1,"","","","CodeableConcept {[]} {[]}
Reference {[]} {[CanonicalType[http://hl7.org/fhir/StructureDefinition/Medication|4.0.1], CanonicalType[http://hl7.org/fhir/StructureDefinition/Substance|4.0.1]]}","What is to be administered/supplied","Identifies the food, drug or other product to be consumed or supplied in the activity.","","","","","","","","","",,"example","A product supplied or administered as part of a care plan activity.","http://hl7.org/fhir/ValueSet/medication-codes|4.0.1","",,,,"CarePlan.activity.detail.product[x]",0,1,"","ele-1:All FHIR elements must have a @value or children {hasValue() or (children().count() > id.count())}
"
"MedicationTreatment","CarePlan.activity.detail.dailyAmount","CarePlan.activity.detail.dailyAmount","","daily dose
","",0,1,"","","","Quantity {[CanonicalType[http://hl7.org/fhir/StructureDefinition/SimpleQuantity|4.0.1]]} {[]}
","How to consume/day?","Identifies the quantity expected to be consumed in a given day.","","Allows rough dose checking.","","","","","","","",,,,,"",,,,"CarePlan.activity.detail.dailyAmount",0,1,"","ele-1:All FHIR elements must have a @value or children {hasValue() or (children().count() > id.count())}
"
"MedicationTreatment","CarePlan.activity.detail.quantity","CarePlan.activity.detail.quantity","","","",0,1,"","","","Quantity {[CanonicalType[http://hl7.org/fhir/StructureDefinition/SimpleQuantity|4.0.1]]} {[]}
","How much to administer/supply/consume","Identifies the quantity expected to be supplied, administered or consumed by the subject.","","","","","","","","","",,,,,"",,,,"CarePlan.activity.detail.quantity",0,1,"","ele-1:All FHIR elements must have a @value or children {hasValue() or (children().count() > id.count())}
"
"MedicationTreatment","CarePlan.activity.detail.description","CarePlan.activity.detail.description","","","",0,1,"","","","string {[]} {[]}
","Extra info describing activity to perform","This provides a textual description of constraints on the intended activity occurrence, including relation to other activities.  It may also include objectives, pre-conditions and end-conditions.  Finally, it may convey specifics about the activity such as body site, method, route, etc.","","","","","","","","","",,,,,"",,,,"CarePlan.activity.detail.description",0,1,"","ele-1:All FHIR elements must have a @value or children {hasValue() or (children().count() > id.count())}
"
"MedicationTreatment","CarePlan.note","CarePlan.note","","","",0,*,"Y","","","Annotation {[]} {[]}
","Comments about the plan","General notes about the care plan not covered elsewhere.","","Used to capture information that applies to the plan as a whole that doesn't fit into discrete elements.","","","","","","","",,,,,"",,,,"CarePlan.note",0,*,"","ele-1:All FHIR elements must have a @value or children {hasValue() or (children().count() > id.count())}
"
"MedicationTreatmentLM","MedicationTreatmentLM","MedicationTreatmentLM","","","",0,*,"","","","null {[]} {[]}
","Medication Treatment (model)","Logical model for subgroups of treatment lines that are somehow related to eachother (the same purpose, other)","","","","","","","","","",,,,,"",,,,"Base",0,*,"",""
"MedicationTreatmentLM","MedicationTreatmentLM.comment","MedicationTreatmentLM.comment","","","",0,*,"","","","BackboneElement {[]} {[]}
","Comment","Comment","","","","","","","","","",,,,,"",,,,"MedicationTreatmentLM.comment",0,*,"",""
"MedicationTreatmentLM","MedicationTreatmentLM.treatmentPeriod","MedicationTreatmentLM.treatmentPeriod","","","",0,1,"","","","Period {[]} {[]}
","The intended or effective treatment period","The intended or effective treatment period","","","","","","","","","",,,,,"",,,,"MedicationTreatmentLM.treatmentPeriod",0,1,"",""
"MedicationTreatmentLM","MedicationTreatmentLM.identifier","MedicationTreatmentLM.identifier","","","",0,*,"","","","Identifier {[]} {[]}
","Unique identifier of the treatment","Unique identifier of the treatment","","","","","","","","","",,,,,"",,,,"MedicationTreatmentLM.identifier",0,*,"",""
"MedicationTreatmentLM","MedicationTreatmentLM.indication","MedicationTreatmentLM.indication","","","",0,*,"","","","CodeableConcept {[]} {[]}
","Reason why the treatment has been prescribed to the patient, or why the patient claims to be taking it","Reason why the treatment has been prescribed to the patient, or why the patient claims to be taking it","","","","","","","","","",,,,,"",,,,"MedicationTreatmentLM.indication",0,*,"",""
"MedicationTreatmentLine","MedicationStatement","MedicationStatement","","","",0,*,"","","","null {[]} {[]}
","Record of medication being taken by a patient","A record of a medication that is being consumed by a patient.   A MedicationStatement may indicate that the patient may be taking the medication now or has taken the medication in the past or will be taking the medication in the future.  The source of this information can be the patient, significant other (such as a family member or spouse), or a clinician.  A common scenario where this information is captured is during the history taking process during a patient visit or stay.   The medication information may come from sources such as the patient's memory, from a prescription bottle,  or from a list of medications the patient, clinician or other party maintains. 

The primary difference between a medication statement and a medication administration is that the medication administration has complete administration information and is based on actual administration information from the person who administered the medication.  A medication statement is often, if not always, less specific.  There is no required date/time when the medication was administered, in fact we only know that a source has reported the patient is taking this medication, where details such as time, quantity, or rate or even medication product may be incomplete or missing or less precise.  As stated earlier, the medication statement information may come from the patient's memory, from a prescription bottle or from a list of medications the patient, clinician or other party maintains.  Medication administration is more formal and is not missing detailed information.","When interpreting a medicationStatement, the value of the status and NotTaken needed to be considered:MedicationStatement.status + MedicationStatement.wasNotTakenStatus=Active + NotTaken=T = Not currently takingStatus=Completed + NotTaken=T = Not taken in the pastStatus=Intended + NotTaken=T = No intention of takingStatus=Active + NotTaken=F = Taking, but not as prescribedStatus=Active + NotTaken=F = TakingStatus=Intended +NotTaken= F = Will be taking (not started)Status=Completed + NotTaken=F = Taken in pastStatus=In Error + NotTaken=N/A = In Error.","","","","","","","","",,,,,"",,,,"MedicationStatement",0,*,"","dom-2:If the resource is contained in another resource, it SHALL NOT contain nested Resources {contained.contained.empty()}
dom-3:If the resource is contained in another resource, it SHALL be referred to from elsewhere in the resource or SHALL refer to the containing resource {contained.where((('#'+id in (%resource.descendants().reference | %resource.descendants().as(canonical) | %resource.descendants().as(uri) | %resource.descendants().as(url))) or descendants().where(reference = '#').exists() or descendants().where(as(canonical) = '#').exists() or descendants().where(as(canonical) = '#').exists()).not()).trace('unmatched', id).empty()}dom-4:If a resource is contained in another resource, it SHALL NOT have a meta.versionId or a meta.lastUpdated {contained.meta.versionId.empty() and contained.meta.lastUpdated.empty()}dom-5:If a resource is contained in another resource, it SHALL NOT have a security label {contained.meta.security.empty()}dom-6:A resource should have narrative for robust management {text.`div`.exists()}"
"MedicationTreatmentLine","MedicationStatement.id","MedicationStatement.id","","","",0,1,"","","Y","id {[]} {[]}
","Logical id of this artifact","The logical id of the resource, as used in the URL for the resource. Once assigned, this value never changes.","The only time that a resource does not have an id is when it is being submitted to the server using a create operation.","","","","","","","","",,,,,"",,,,"Resource.id",0,1,"",""
"MedicationTreatmentLine","MedicationStatement.meta","MedicationStatement.meta","","","",0,1,"","","Y","Meta {[]} {[]}
","Metadata about the resource","The metadata about the resource. This is content that is maintained by the infrastructure. Changes to the content might not always be associated with version changes to the resource.","","","","","","","","","",,,,,"",,,,"Resource.meta",0,1,"","ele-1:All FHIR elements must have a @value or children {hasValue() or (children().count() > id.count())}
"
"MedicationTreatmentLine","MedicationStatement.implicitRules","MedicationStatement.implicitRules","","","",0,1,"","Y","Y","uri {[]} {[]}
","A set of rules under which this content was created","A reference to a set of rules that were followed when the resource was constructed, and which must be understood when processing the content. Often, this is a reference to an implementation guide that defines the special rules along with other profiles etc.","Asserting this rule set restricts the content to be only understood by a limited set of trading partners. This inherently limits the usefulness of the data in the long term. However, the existing health eco-system is highly fractured, and not yet ready to define, collect, and exchange data in a generally computable sense. Wherever possible, implementers and/or specification writers should avoid using this element. Often, when used, the URL is a reference to an implementation guide that defines these special rules as part of it's narrative along with other profiles, value sets, etc.","","","","","","","","",,,,,"",,,,"Resource.implicitRules",0,1,"","ele-1:All FHIR elements must have a @value or children {hasValue() or (children().count() > id.count())}
"
"MedicationTreatmentLine","MedicationStatement.language","MedicationStatement.language","","","",0,1,"","","","code {[]} {[]}
","Language of the resource content","The base language in which the resource is written.","Language is provided to support indexing and accessibility (typically, services such as text to speech use the language tag). The html language tag in the narrative applies  to the narrative. The language tag on the resource may be used to specify the language of other presentations generated from the data in the resource. Not all the content has to be in the base language. The Resource.language should not be assumed to apply to the narrative automatically. If a language is specified, it should it also be specified on the div element in the html (see rules in HTML5 for information about the relationship between xml:lang and the html lang attribute).","","","","","","","","",,"preferred","A human language.","http://hl7.org/fhir/ValueSet/languages|4.0.1","",,,,"Resource.language",0,1,"","ele-1:All FHIR elements must have a @value or children {hasValue() or (children().count() > id.count())}
"
"MedicationTreatmentLine","MedicationStatement.text","MedicationStatement.text","","narrative
htmlxhtmldisplay","",0,1,"","","","Narrative {[]} {[]}
","Text summary of the resource, for human interpretation","A human-readable narrative that contains a summary of the resource and can be used to represent the content of the resource to a human. The narrative need not encode all the structured data, but is required to contain sufficient detail to make it ""clinically safe"" for a human to just read the narrative. Resource definitions may define what content should be represented in the narrative to ensure clinical safety.","Contained resources do not have narrative. Resources that are not contained SHOULD have a narrative. In some cases, a resource may only have text with little or no additional discrete data (as long as all minOccurs=1 elements are satisfied).  This may be necessary for data from legacy systems where information is captured as a ""text blob"" or where text is additionally entered raw or narrated and encoded information is added later.","","","","","","","","",,,,,"",,,,"DomainResource.text",0,1,"","ele-1:All FHIR elements must have a @value or children {hasValue() or (children().count() > id.count())}
"
"MedicationTreatmentLine","MedicationStatement.contained","MedicationStatement.contained","","inline resources
anonymous resourcescontained resources","",0,*,"","","","Resource {[]} {[]}
","Contained, inline Resources","These resources do not have an independent existence apart from the resource that contains them - they cannot be identified independently, and nor can they have their own independent transaction scope.","This should never be done when the content can be identified properly, as once identification is lost, it is extremely difficult (and context dependent) to restore it again. Contained resources may have profiles and tags In their meta elements, but SHALL NOT have security labels.","","","","","","","","",,,,,"",,,,"DomainResource.contained",0,*,"",""
"MedicationTreatmentLine","MedicationStatement.extension","MedicationStatement.extension","","","",1,*,"","","","Extension {[]} {[]}
","Extension","An Extension","","","","","","","","","",,,,,"","value:url}
","",,"open","DomainResource.extension",0,*,"","ele-1:All FHIR elements must have a @value or children {hasValue() or (children().count() > id.count())}
ext-1:Must have either extensions or value[x], not both {extension.exists() != value.exists()}"
"MedicationTreatmentLine","MedicationStatement.extension:version","MedicationStatement.extension","version","","",0,1,"Y","","","Extension {[CanonicalType[http://hl7.org/fhir/StructureDefinition/artifact-version]]} {[]}
","Business version of the artifact","The identifier that is used to identify this version of the artifact when it is referenced in a specification, model, design or instance. This is an arbitrary value managed by the artifact author and is not expected to be globally unique. For example, it might be a timestamp (e.g. yyyymmdd) if a managed version is not available. There is also no expectation that versions can be placed in a lexicographical sequence.","","","","","","","","","",,,,,"",,,,"DomainResource.extension",0,*,"ele-1
","ele-1:All FHIR elements must have a @value or children {hasValue() or (children().count() > id.count())}
ext-1:Must have either extensions or value[x], not both {extension.exists() != value.exists()}"
"MedicationTreatmentLine","MedicationStatement.extension:verificationInformation","MedicationStatement.extension","verificationInformation","","",0,1,"Y","","","Extension {[CanonicalType[https://profiles.ihe.net/PHARM/MEOW/StructureDefinition/ihe-ext-medicationstatement-verificationinformation]]} {[]}
","MedicationStatement - Verification Information","Verification of medication line. The overview is verified as a whole, but each line is equipped with the information. The actual functional meaning and impact of this validation depends on the implementation.","","","","","","","","","",,,,,"",,,,"DomainResource.extension",0,*,"ele-1
","ele-1:All FHIR elements must have a @value or children {hasValue() or (children().count() > id.count())}
ext-1:Must have either extensions or value[x], not both {extension.exists() != value.exists()}"
"MedicationTreatmentLine","MedicationStatement.extension:substitution","MedicationStatement.extension","substitution","","",0,1,"Y","","","Extension {[CanonicalType[https://profiles.ihe.net/PHARM/MEOW/StructureDefinition/ihe-ext-medicationstatement-substitution]]} {[]}
","MedicationStatement - Substitution","Whether and which type of substitution is allowed for this medication treatment line","","","","","","","","","",,,,,"",,,,"DomainResource.extension",0,*,"ele-1
","ele-1:All FHIR elements must have a @value or children {hasValue() or (children().count() > id.count())}
ext-1:Must have either extensions or value[x], not both {extension.exists() != value.exists()}"
"MedicationTreatmentLine","MedicationStatement.extension:adherence","MedicationStatement.extension","adherence","","",1,1,"Y","","","Extension {[CanonicalType[http://hl7.org/fhir/5.0/StructureDefinition/extension-MedicationStatement.adherence]]} {[]}
","R5: Indicates whether the medication is or is not being consumed or administered (new)","R5: `MedicationStatement.adherence` (new:BackboneElement)","Element `MedicationStatement.adherence` has a context of MedicationStatement based on following the parent source element upwards and mapping to `MedicationStatement`.
Element `MedicationStatement.adherence` has no mapping targets in FHIR R4. Typically, this is because the element has been added (is a new element).
This element can be used to indicate whether a patient is following a course of treatment as instructed/prescribed or whether they are taking medications of their own volition.  It can also be used to indicate that a patient is not taking a medication, either because they were told not to or because they decided on their own.","","","","","","","","",,,,,"",,,,"DomainResource.extension",0,*,"ele-1
","ele-1:All FHIR elements must have a @value or children {hasValue() or (children().count() > id.count())}
ext-1:Must have either extensions or value[x], not both {extension.exists() != value.exists()}"
"MedicationTreatmentLine","MedicationStatement.extension:adherence.id","MedicationStatement.extension.id","","","",0,1,"","","","string {[]} {[]}
","Unique id for inter-element referencing","Unique id for the element within a resource (for internal references). This may be any string value that does not contain spaces.","","","","","","","","","",,,,,"",,,,"Element.id",0,1,"",""
"MedicationTreatmentLine","MedicationStatement.extension:adherence.extension","MedicationStatement.extension.extension","","","",1,*,"","","","Extension {[]} {[]}
","Extension","An Extension","","","","","","","","","",,,,,"","value:url}
","Extensions are always sliced by (at least) url",,"open","Element.extension",0,*,"","ele-1:All FHIR elements must have a @value or children {hasValue() or (children().count() > id.count())}
ext-1:Must have either extensions or value[x], not both {extension.exists() != value.exists()}"
"MedicationTreatmentLine","MedicationStatement.extension:adherence.extension:code","MedicationStatement.extension.extension","code","","",1,1,"Y","","","Extension {[]} {[]}
","Indicates whether the medication is or is not being consumed or administered","An Extension","This is a FHIR R5 element, preadopted as an extension in this FHIR R4 specification.
For the full definition see here: [http://hl7.org/fhir/R5/medicationstatement-definitions.html#MedicationStatement.adherence](http://hl7.org/fhir/R5/medicationstatement-definitions.html#MedicationStatement.adherence)","","","","","","","","",,,,,"",,,,"Element.extension",0,*,"","ele-1:All FHIR elements must have a @value or children {hasValue() or (children().count() > id.count())}
ext-1:Must have either extensions or value[x], not both {extension.exists() != value.exists()}"
"MedicationTreatmentLine","MedicationStatement.extension:adherence.extension:code.id","MedicationStatement.extension.extension.id","","","",0,1,"","","","string {[]} {[]}
","Unique id for inter-element referencing","Unique id for the element within a resource (for internal references). This may be any string value that does not contain spaces.","","","","","","","","","",,,,,"",,,,"Element.id",0,1,"",""
"MedicationTreatmentLine","MedicationStatement.extension:adherence.extension:code.extension","MedicationStatement.extension.extension.extension","","extensions
user content","",0,*,"","","","Extension {[]} {[]}
","Additional content defined by implementations","May be used to represent additional information that is not part of the basic definition of the element. To make the use of extensions safe and manageable, there is a strict set of governance  applied to the definition and use of extensions. Though any implementer can define an extension, there is a set of requirements that SHALL be met as part of the definition of the extension.","There can be no stigma associated with the use of extensions by any application, project, or standard - regardless of the institution or jurisdiction that uses or defines the extensions.  The use of extensions is what allows the FHIR specification to retain a core level of simplicity for everyone.","","","","","","","","",,,,,"","value:url}
","Extensions are always sliced by (at least) url",,"open","Element.extension",0,*,"","ele-1:All FHIR elements must have a @value or children {hasValue() or (children().count() > id.count())}
ext-1:Must have either extensions or value[x], not both {extension.exists() != value.exists()}"
"MedicationTreatmentLine","MedicationStatement.extension:adherence.extension:code.url","MedicationStatement.extension.extension.url","","","",1,1,"","","","uri {[]} {[]}
","identifies the meaning of the extension","Source of the definition for the extension code - a logical name or a URL.","The definition may point directly to a computable or human-readable definition of the extensibility codes, or it may be a logical URI as declared in some other specification. The definition SHALL be a URI for the Structure Definition defining the extension.","","","","<valueUri xmlns=""http://hl7.org/fhir"" value=""code""/>","","","","",,,,,"",,,,"Extension.url",1,1,"",""
"MedicationTreatmentLine","MedicationStatement.extension:adherence.extension:code.value[x]","MedicationStatement.extension.extension.value[x]","","","",1,1,"","","","CodeableConcept {[]} {[]}
","Type of adherence","Type of the adherence for the medication.","","","","","","","","","",,"example","","http://hl7.org/fhir/uv/xver/ValueSet/R5-medication-statement-adherence-for-R4|0.1.0","",,,,"Extension.value[x]",0,1,"","ele-1:All FHIR elements must have a @value or children {hasValue() or (children().count() > id.count())}
"
"MedicationTreatmentLine","MedicationStatement.extension:adherence.extension:reason","MedicationStatement.extension.extension","reason","","",0,1,"","","","Extension {[]} {[]}
","R5: Details of the reason for the current use of the medication (new)","R5: `MedicationStatement.adherence.reason` (new:CodeableConcept)","Element `MedicationStatement.adherence.reason` is part of an existing definition because parent element `MedicationStatement.adherence` requires a cross-version extension.
Element `MedicationStatement.adherence.reason` has a context of MedicationStatement based on following the parent source element upwards and mapping to `MedicationStatement`.
Element `MedicationStatement.adherence.reason` has no mapping targets in FHIR R4. Typically, this is because the element has been added (is a new element).
This is generally only used for ""exception"" statuses such as ""entered-in-error"". The reason for performing the event at all is captured in reasonCode, not here.","Element `MedicationStatement.adherence.reason` is part of an existing definition because parent element `MedicationStatement.adherence` requires a cross-version extension.
Element `MedicationStatement.adherence.reason` has a context of MedicationStatement based on following the parent source element upwards and mapping to `MedicationStatement`.
Element `MedicationStatement.adherence.reason` has no mapping targets in FHIR R4. Typically, this is because the element has been added (is a new element).","","","","","","","",,,,,"",,,,"Element.extension",0,*,"","ele-1:All FHIR elements must have a @value or children {hasValue() or (children().count() > id.count())}
ext-1:Must have either extensions or value[x], not both {extension.exists() != value.exists()}"
"MedicationTreatmentLine","MedicationStatement.extension:adherence.extension:reason.id","MedicationStatement.extension.extension.id","","","",0,1,"","","","string {[]} {[]}
","Unique id for inter-element referencing","Unique id for the element within a resource (for internal references). This may be any string value that does not contain spaces.","","","","","","","","","",,,,,"",,,,"Element.id",0,1,"",""
"MedicationTreatmentLine","MedicationStatement.extension:adherence.extension:reason.extension","MedicationStatement.extension.extension.extension","","extensions
user content","",0,*,"","","","Extension {[]} {[]}
","Additional content defined by implementations","May be used to represent additional information that is not part of the basic definition of the element. To make the use of extensions safe and manageable, there is a strict set of governance  applied to the definition and use of extensions. Though any implementer can define an extension, there is a set of requirements that SHALL be met as part of the definition of the extension.","There can be no stigma associated with the use of extensions by any application, project, or standard - regardless of the institution or jurisdiction that uses or defines the extensions.  The use of extensions is what allows the FHIR specification to retain a core level of simplicity for everyone.","","","","","","","","",,,,,"","value:url}
","Extensions are always sliced by (at least) url",,"open","Element.extension",0,*,"","ele-1:All FHIR elements must have a @value or children {hasValue() or (children().count() > id.count())}
ext-1:Must have either extensions or value[x], not both {extension.exists() != value.exists()}"
"MedicationTreatmentLine","MedicationStatement.extension:adherence.extension:reason.url","MedicationStatement.extension.extension.url","","","",1,1,"","","","uri {[]} {[]}
","identifies the meaning of the extension","Source of the definition for the extension code - a logical name or a URL.","The definition may point directly to a computable or human-readable definition of the extensibility codes, or it may be a logical URI as declared in some other specification. The definition SHALL be a URI for the Structure Definition defining the extension.","","","","<valueUri xmlns=""http://hl7.org/fhir"" value=""reason""/>","","","","",,,,,"",,,,"Extension.url",1,1,"",""
"MedicationTreatmentLine","MedicationStatement.extension:adherence.extension:reason.value[x]","MedicationStatement.extension.extension.value[x]","","","",0,1,"","","","CodeableConcept {[]} {[]}
","Details of the reason for the current use of the medication","Captures the reason for the current use or adherence of a medication.","This is generally only used for ""exception"" statuses such as ""entered-in-error"". The reason for performing the event at all is captured in reasonCode, not here.","","","","","","","","",,,,,"",,,,"Extension.value[x]",0,1,"","ele-1:All FHIR elements must have a @value or children {hasValue() or (children().count() > id.count())}
"
"MedicationTreatmentLine","MedicationStatement.extension:adherence.url","MedicationStatement.extension.url","","","",1,1,"","","","uri {[]} {[]}
","identifies the meaning of the extension","Source of the definition for the extension code - a logical name or a URL.","The definition may point directly to a computable or human-readable definition of the extensibility codes, or it may be a logical URI as declared in some other specification. The definition SHALL be a URI for the Structure Definition defining the extension.","","","","<valueUri xmlns=""http://hl7.org/fhir"" value=""http://hl7.org/fhir/5.0/StructureDefinition/extension-MedicationStatement.adherence""/>","","","","",,,,,"",,,,"Extension.url",1,1,"",""
"MedicationTreatmentLine","MedicationStatement.extension:adherence.value[x]","MedicationStatement.extension.value[x]","","","",0,0,"","","","base64Binary {[]} {[]}
boolean {[]} {[]}canonical {[]} {[]}code {[]} {[]}date {[]} {[]}dateTime {[]} {[]}decimal {[]} {[]}id {[]} {[]}instant {[]} {[]}integer {[]} {[]}markdown {[]} {[]}oid {[]} {[]}positiveInt {[]} {[]}string {[]} {[]}time {[]} {[]}unsignedInt {[]} {[]}uri {[]} {[]}url {[]} {[]}uuid {[]} {[]}Address {[]} {[]}Age {[]} {[]}Annotation {[]} {[]}Attachment {[]} {[]}CodeableConcept {[]} {[]}Coding {[]} {[]}ContactPoint {[]} {[]}Count {[]} {[]}Distance {[]} {[]}Duration {[]} {[]}HumanName {[]} {[]}Identifier {[]} {[]}Money {[]} {[]}Period {[]} {[]}Quantity {[]} {[]}Range {[]} {[]}Ratio {[]} {[]}Reference {[]} {[]}SampledData {[]} {[]}Signature {[]} {[]}Timing {[]} {[]}ContactDetail {[]} {[]}Contributor {[]} {[]}DataRequirement {[]} {[]}Expression {[]} {[]}ParameterDefinition {[]} {[]}RelatedArtifact {[]} {[]}TriggerDefinition {[]} {[]}UsageContext {[]} {[]}Dosage {[]} {[]}Meta {[]} {[]}","Value of extension","Value of extension - must be one of a constrained set of the data types (see [Extensibility](http://hl7.org/fhir/R4/extensibility.html) for a list).","","","","","","","","","",,,,,"",,,,"Extension.value[x]",0,1,"","ele-1:All FHIR elements must have a @value or children {hasValue() or (children().count() > id.count())}
"
"MedicationTreatmentLine","MedicationStatement.modifierExtension","MedicationStatement.modifierExtension","","extensions
user content","",0,*,"","Y","","Extension {[]} {[]}
","Extensions that cannot be ignored","May be used to represent additional information that is not part of the basic definition of the resource and that modifies the understanding of the element that contains it and/or the understanding of the containing element's descendants. Usually modifier elements provide negation or qualification. To make the use of extensions safe and manageable, there is a strict set of governance applied to the definition and use of extensions. Though any implementer is allowed to define an extension, there is a set of requirements that SHALL be met as part of the definition of the extension. Applications processing a resource are required to check for modifier extensions.

Modifier extensions SHALL NOT change the meaning of any elements on Resource or DomainResource (including cannot change the meaning of modifierExtension itself).","There can be no stigma associated with the use of extensions by any application, project, or standard - regardless of the institution or jurisdiction that uses or defines the extensions.  The use of extensions is what allows the FHIR specification to retain a core level of simplicity for everyone.","Modifier extensions allow for extensions that *cannot* be safely ignored to be clearly distinguished from the vast majority of extensions which can be safely ignored.  This promotes interoperability by eliminating the need for implementers to prohibit the presence of extensions. For further information, see the [definition of modifier extensions](http://hl7.org/fhir/R4/extensibility.html#modifierExtension).","","","","","","","",,,,,"",,,,"DomainResource.modifierExtension",0,*,"","ele-1:All FHIR elements must have a @value or children {hasValue() or (children().count() > id.count())}
ext-1:Must have either extensions or value[x], not both {extension.exists() != value.exists()}"
"MedicationTreatmentLine","MedicationStatement.identifier","MedicationStatement.identifier","","","",0,*,"Y","","Y","Identifier {[]} {[]}
","External identifier","Identifiers associated with this Medication Statement that are defined by business processes and/or used to refer to it when a direct URL reference to the resource itself is not appropriate. They are business identifiers assigned to this resource by the performer or other systems and remain constant as the resource is updated and propagates from server to server.","This is a business identifier, not a resource identifier.","","","","","","","","",,,,,"",,,,"MedicationStatement.identifier",0,*,"","ele-1:All FHIR elements must have a @value or children {hasValue() or (children().count() > id.count())}
"
"MedicationTreatmentLine","MedicationStatement.basedOn","MedicationStatement.basedOn","","","",0,*,"","","Y","Reference {[]} {[CanonicalType[http://hl7.org/fhir/StructureDefinition/MedicationRequest|4.0.1], CanonicalType[http://hl7.org/fhir/StructureDefinition/CarePlan|4.0.1], CanonicalType[http://hl7.org/fhir/StructureDefinition/ServiceRequest|4.0.1]]}
","Fulfils plan, proposal or order","A plan, proposal or order that is fulfilled in whole or in part by this event.","","Allows tracing of authorization for the event and tracking whether proposals/recommendations were acted upon.","","","","","","","",,,,,"",,,,"MedicationStatement.basedOn",0,*,"","ele-1:All FHIR elements must have a @value or children {hasValue() or (children().count() > id.count())}
"
"MedicationTreatmentLine","MedicationStatement.partOf","MedicationStatement.partOf","","","",0,*,"","","Y","Reference {[]} {[CanonicalType[http://hl7.org/fhir/StructureDefinition/MedicationAdministration|4.0.1], CanonicalType[http://hl7.org/fhir/StructureDefinition/MedicationDispense|4.0.1], CanonicalType[http://hl7.org/fhir/StructureDefinition/MedicationStatement|4.0.1], CanonicalType[http://hl7.org/fhir/StructureDefinition/Procedure|4.0.1], CanonicalType[http://hl7.org/fhir/StructureDefinition/Observation|4.0.1]]}
","Part of referenced event","A larger event of which this particular event is a component or step.","","This should not be used when indicating which resource a MedicationStatement has been derived from.  If that is the use case, then MedicationStatement.derivedFrom should be used.","","","","","","","",,,,,"",,,,"MedicationStatement.partOf",0,*,"","ele-1:All FHIR elements must have a @value or children {hasValue() or (children().count() > id.count())}
"
"MedicationTreatmentLine","MedicationStatement.status","MedicationStatement.status","","","",1,1,"Y","Y","Y","code {[]} {[]}
","active | completed | entered-in-error | intended | stopped | on-hold | unknown | not-taken","A code representing the patient or other source's judgment about the state of the medication used that this statement is about.  Generally, this will be active or completed.","MedicationStatement is a statement at a point in time.  The status is only representative at the point when it was asserted.  The value set for MedicationStatement.status contains codes that assert the status of the use of the medication by the patient (for example, stopped or on hold) as well as codes that assert the status of the medication statement itself (for example, entered in error).This element is labeled as a modifier because the status contains codes that mark the resource as not currently valid.","","","","","<valueCode xmlns=""http://hl7.org/fhir"" value=""unknown""/>","","","",,"required","A coded concept indicating the current status of a MedicationStatement.","http://hl7.org/fhir/ValueSet/medication-statement-status|4.0.1","",,,,"MedicationStatement.status",1,1,"","ele-1:All FHIR elements must have a @value or children {hasValue() or (children().count() > id.count())}
"
"MedicationTreatmentLine","MedicationStatement.statusReason","MedicationStatement.statusReason","","","",0,*,"","","","CodeableConcept {[]} {[]}
","Reason for current status","Captures the reason for the current state of the MedicationStatement.","This is generally only used for ""exception"" statuses such as ""not-taken"", ""on-hold"", ""cancelled"" or ""entered-in-error"". The reason for performing the event at all is captured in reasonCode, not here.","","","","","","","","",,"example","A coded concept indicating the reason for the status of the statement.","http://hl7.org/fhir/ValueSet/reason-medication-status-codes|4.0.1","",,,,"MedicationStatement.statusReason",0,*,"","ele-1:All FHIR elements must have a @value or children {hasValue() or (children().count() > id.count())}
"
"MedicationTreatmentLine","MedicationStatement.category","MedicationStatement.category","","","",0,1,"Y","","Y","CodeableConcept {[]} {[]}
","Type of medication usage","Indicates where the medication is expected to be consumed or administered.","","","","","","","","","",,"preferred","A coded concept identifying where the medication included in the MedicationStatement is expected to be consumed or administered.","http://hl7.org/fhir/ValueSet/medication-statement-category|4.0.1","",,,,"MedicationStatement.category",0,1,"","ele-1:All FHIR elements must have a @value or children {hasValue() or (children().count() > id.count())}
"
"MedicationTreatmentLine","MedicationStatement.medication[x]","MedicationStatement.medication[x]","","","",1,1,"Y","","Y","CodeableConcept {[]} {[]}
Reference {[]} {[CanonicalType[http://hl7.org/fhir/StructureDefinition/Medication|4.0.1]]}","What medication was taken","Identifies the medication being administered. This is either a link to a resource representing the details of the medication or a simple attribute carrying a code that identifies the medication from a known list of medications.","If only a code is specified, then it needs to be a code for a specific product. If more information is required, then the use of the medication resource is recommended.  For example, if you require form or lot number, then you must reference the Medication resource.","","","","","","","","",,"example","A coded concept identifying the substance or product being taken.","http://hl7.org/fhir/ValueSet/medication-codes|4.0.1","",,,,"MedicationStatement.medication[x]",1,1,"","ele-1:All FHIR elements must have a @value or children {hasValue() or (children().count() > id.count())}
"
"MedicationTreatmentLine","MedicationStatement.subject","MedicationStatement.subject","","","",1,1,"Y","","Y","Reference {[]} {[CanonicalType[http://hl7.org/fhir/StructureDefinition/Patient|4.0.1], CanonicalType[http://hl7.org/fhir/StructureDefinition/Group|4.0.1]]}
","Who is/was taking  the medication","The person, animal or group who is/was taking the medication.","","","","","","","","","",,,,,"",,,,"MedicationStatement.subject",1,1,"","ele-1:All FHIR elements must have a @value or children {hasValue() or (children().count() > id.count())}
"
"MedicationTreatmentLine","MedicationStatement.context","MedicationStatement.context","","","",0,1,"","","Y","Reference {[]} {[CanonicalType[http://hl7.org/fhir/StructureDefinition/Encounter|4.0.1], CanonicalType[http://hl7.org/fhir/StructureDefinition/EpisodeOfCare|4.0.1]]}
","Encounter / Episode associated with MedicationStatement","The encounter or episode of care that establishes the context for this MedicationStatement.","","","","","","","","","",,,,,"",,,,"MedicationStatement.context",0,1,"","ele-1:All FHIR elements must have a @value or children {hasValue() or (children().count() > id.count())}
"
"MedicationTreatmentLine","MedicationStatement.effective[x]","MedicationStatement.effective[x]","","","",0,1,"Y","","Y","Period {[]} {[]}
","The date/time or interval when the medication is/was/will be taken","The interval of time during which it is being asserted that the patient is/was/will be taking the medication (or was not taking, when the MedicationStatement.taken element is No).","This attribute reflects the period over which the patient consumed the medication and is expected to be populated on the majority of Medication Statements. If the medication is still being taken at the time the statement is recorded, the ""end"" date will be omitted.  The date/time attribute supports a variety of dates - year, year/month and exact date.  If something more than this is required, this should be conveyed as text.","","","","","","","","",,,,,"",,,,"MedicationStatement.effective[x]",0,1,"","ele-1:All FHIR elements must have a @value or children {hasValue() or (children().count() > id.count())}
"
"MedicationTreatmentLine","MedicationStatement.dateAsserted","MedicationStatement.dateAsserted","","","",0,1,"Y","","Y","dateTime {[]} {[]}
","When the statement was asserted?","The date when the medication statement was asserted by the information source.","","","","","","","","","",,,,,"",,,,"MedicationStatement.dateAsserted",0,1,"","ele-1:All FHIR elements must have a @value or children {hasValue() or (children().count() > id.count())}
"
"MedicationTreatmentLine","MedicationStatement.informationSource","MedicationStatement.informationSource","","","",0,1,"Y","","","Reference {[]} {[CanonicalType[http://hl7.org/fhir/StructureDefinition/Patient|4.0.1], CanonicalType[http://hl7.org/fhir/StructureDefinition/Practitioner|4.0.1], CanonicalType[http://hl7.org/fhir/StructureDefinition/PractitionerRole|4.0.1], CanonicalType[http://hl7.org/fhir/StructureDefinition/RelatedPerson|4.0.1], CanonicalType[http://hl7.org/fhir/StructureDefinition/Organization|4.0.1]]}
","Person or organization that provided the information about the taking of this medication","The person or organization that provided the information about the taking of this medication. Note: Use derivedFrom when a MedicationStatement is derived from other resources, e.g. Claim or MedicationRequest.","","","","","","","","","",,,,,"",,,,"MedicationStatement.informationSource",0,1,"","ele-1:All FHIR elements must have a @value or children {hasValue() or (children().count() > id.count())}
"
"MedicationTreatmentLine","MedicationStatement.derivedFrom","MedicationStatement.derivedFrom","","","",0,*,"Y","","","Reference {[]} {[CanonicalType[http://hl7.org/fhir/StructureDefinition/Resource|4.0.1]]}
","Additional supporting information","Allows linking the MedicationStatement to the underlying MedicationRequest, or to other information that supports or is used to derive the MedicationStatement.","Likely references would be to MedicationRequest, MedicationDispense, Claim, Observation or QuestionnaireAnswers.  The most common use cases for deriving a MedicationStatement comes from creating a MedicationStatement from a MedicationRequest or from a lab observation or a claim.  it should be noted that the amount of information that is available varies from the type resource that you derive the MedicationStatement from.","","","","","","","","",,,,,"",,,,"MedicationStatement.derivedFrom",0,*,"","ele-1:All FHIR elements must have a @value or children {hasValue() or (children().count() > id.count())}
"
"MedicationTreatmentLine","MedicationStatement.reasonCode","MedicationStatement.reasonCode","","","",0,*,"Y","","","CodeableConcept {[]} {[]}
","Reason for why the medication is being/was taken","A reason for why the medication is being/was taken.","This could be a diagnosis code. If a full condition record exists or additional detail is needed, use reasonForUseReference.","","","","","","","","",,"example","A coded concept identifying why the medication is being taken.","http://hl7.org/fhir/ValueSet/condition-code|4.0.1","",,,,"MedicationStatement.reasonCode",0,*,"","ele-1:All FHIR elements must have a @value or children {hasValue() or (children().count() > id.count())}
"
"MedicationTreatmentLine","MedicationStatement.reasonReference","MedicationStatement.reasonReference","","","",0,*,"Y","","","Reference {[]} {[CanonicalType[http://hl7.org/fhir/StructureDefinition/Condition|4.0.1], CanonicalType[http://hl7.org/fhir/StructureDefinition/Observation|4.0.1], CanonicalType[http://hl7.org/fhir/StructureDefinition/DiagnosticReport|4.0.1]]}
","Condition or observation that supports why the medication is being/was taken","Condition or observation that supports why the medication is being/was taken.","This is a reference to a condition that is the reason why the medication is being/was taken.  If only a code exists, use reasonForUseCode.","","","","","","","","",,,,,"",,,,"MedicationStatement.reasonReference",0,*,"","ele-1:All FHIR elements must have a @value or children {hasValue() or (children().count() > id.count())}
"
"MedicationTreatmentLine","MedicationStatement.note","MedicationStatement.note","","","",0,*,"Y","","","Annotation {[]} {[]}
","Further information about the statement","Provides extra information about the medication statement that is not conveyed by the other attributes.","","","","","","","","","",,,,,"",,,,"MedicationStatement.note",0,*,"","ele-1:All FHIR elements must have a @value or children {hasValue() or (children().count() > id.count())}
"
"MedicationTreatmentLine","MedicationStatement.dosage","MedicationStatement.dosage","","","",0,*,"Y","","","Dosage {[]} {[]}
","Details of how medication is/was taken or should be taken","Indicates how the medication is/was or should be taken by the patient.","The dates included in the dosage on a Medication Statement reflect the dates for a given dose.  For example, ""from November 1, 2016 to November 3, 2016, take one tablet daily and from November 4, 2016 to November 7, 2016, take two tablets daily.""  It is expected that this specificity may only be populated where the patient brings in their labeled container or where the Medication Statement is derived from a MedicationRequest.","","","","","","","","",,,,,"",,,,"MedicationStatement.dosage",0,*,"","ele-1:All FHIR elements must have a @value or children {hasValue() or (children().count() > id.count())}
"
"MedicationTreatmentLine","MedicationStatement.dosage.id","MedicationStatement.dosage.id","","","",0,1,"","","","string {[]} {[]}
","Unique id for inter-element referencing","Unique id for the element within a resource (for internal references). This may be any string value that does not contain spaces.","","","","","","","","","",,,,,"",,,,"Element.id",0,1,"",""
"MedicationTreatmentLine","MedicationStatement.dosage.extension","MedicationStatement.dosage.extension","","extensions
user content","",0,*,"","","","Extension {[]} {[]}
","Additional content defined by implementations","May be used to represent additional information that is not part of the basic definition of the element. To make the use of extensions safe and manageable, there is a strict set of governance  applied to the definition and use of extensions. Though any implementer can define an extension, there is a set of requirements that SHALL be met as part of the definition of the extension.","There can be no stigma associated with the use of extensions by any application, project, or standard - regardless of the institution or jurisdiction that uses or defines the extensions.  The use of extensions is what allows the FHIR specification to retain a core level of simplicity for everyone.","","","","","","","","",,,,,"","value:url}
","Extensions are always sliced by (at least) url",,"open","Element.extension",0,*,"","ele-1:All FHIR elements must have a @value or children {hasValue() or (children().count() > id.count())}
ext-1:Must have either extensions or value[x], not both {extension.exists() != value.exists()}"
"MedicationTreatmentLine","MedicationStatement.dosage.modifierExtension","MedicationStatement.dosage.modifierExtension","","extensions
user contentmodifiers","",0,*,"","Y","Y","Extension {[]} {[]}
","Extensions that cannot be ignored even if unrecognized","May be used to represent additional information that is not part of the basic definition of the element and that modifies the understanding of the element in which it is contained and/or the understanding of the containing element's descendants. Usually modifier elements provide negation or qualification. To make the use of extensions safe and manageable, there is a strict set of governance applied to the definition and use of extensions. Though any implementer can define an extension, there is a set of requirements that SHALL be met as part of the definition of the extension. Applications processing a resource are required to check for modifier extensions.

Modifier extensions SHALL NOT change the meaning of any elements on Resource or DomainResource (including cannot change the meaning of modifierExtension itself).","There can be no stigma associated with the use of extensions by any application, project, or standard - regardless of the institution or jurisdiction that uses or defines the extensions.  The use of extensions is what allows the FHIR specification to retain a core level of simplicity for everyone.","Modifier extensions allow for extensions that *cannot* be safely ignored to be clearly distinguished from the vast majority of extensions which can be safely ignored.  This promotes interoperability by eliminating the need for implementers to prohibit the presence of extensions. For further information, see the [definition of modifier extensions](http://hl7.org/fhir/R4/extensibility.html#modifierExtension).","","","","","","","",,,,,"",,,,"BackboneElement.modifierExtension",0,*,"","ele-1:All FHIR elements must have a @value or children {hasValue() or (children().count() > id.count())}
ext-1:Must have either extensions or value[x], not both {extension.exists() != value.exists()}"
"MedicationTreatmentLine","MedicationStatement.dosage.sequence","MedicationStatement.dosage.sequence","","","",0,1,"","","Y","integer {[]} {[]}
","The order of the dosage instructions","Indicates the order in which the dosage instructions should be applied or interpreted.","","If the sequence number of multiple Dosages is the same, then it is implied that the instructions are to be treated as concurrent.  If the sequence number is different, then the Dosages are intended to be sequential.","","","","","","","",,,,,"",,,,"Dosage.sequence",0,1,"","ele-1:All FHIR elements must have a @value or children {hasValue() or (children().count() > id.count())}
"
"MedicationTreatmentLine","MedicationStatement.dosage.text","MedicationStatement.dosage.text","","","",0,1,"Y","","Y","string {[]} {[]}
","Free text dosage instructions e.g. SIG","Free text dosage instructions e.g. SIG.","","Free text dosage instructions can be used for cases where the instructions are too complex to code.  The content of this attribute does not include the name or description of the medication. When coded instructions are present, the free text instructions may still be present for display to humans taking or administering the medication. It is expected that the text instructions will always be populated.  If the dosage.timing attribute is also populated, then the dosage.text should reflect the same information as the timing.  Additional information about administration or preparation of the medication should be included as text.","","","","","","","",,,,,"",,,,"Dosage.text",0,1,"","ele-1:All FHIR elements must have a @value or children {hasValue() or (children().count() > id.count())}
"
"MedicationTreatmentLine","MedicationStatement.dosage.additionalInstruction","MedicationStatement.dosage.additionalInstruction","","","",0,*,"","","Y","CodeableConcept {[]} {[]}
","Supplemental instruction or warnings to the patient - e.g. ""with meals"", ""may cause drowsiness""","Supplemental instructions to the patient on how to take the medication  (e.g. ""with meals"" or""take half to one hour before food"") or warnings for the patient about the medication (e.g. ""may cause drowsiness"" or ""avoid exposure of skin to direct sunlight or sunlamps"").","Information about administration or preparation of the medication (e.g. ""infuse as rapidly as possibly via intraperitoneal port"" or ""immediately following drug x"") should be populated in dosage.text.","Additional instruction is intended to be coded, but where no code exists, the element could include text.  For example, ""Swallow with plenty of water"" which might or might not be coded.","","","","","","","",,"example","A coded concept identifying additional instructions such as ""take with water"" or ""avoid operating heavy machinery"".","http://hl7.org/fhir/ValueSet/additional-instruction-codes|4.0.1","",,,,"Dosage.additionalInstruction",0,*,"","ele-1:All FHIR elements must have a @value or children {hasValue() or (children().count() > id.count())}
"
"MedicationTreatmentLine","MedicationStatement.dosage.patientInstruction","MedicationStatement.dosage.patientInstruction","","","",0,1,"","","Y","string {[]} {[]}
","Patient or consumer oriented instructions","Instructions in terms that are understood by the patient or consumer.","","","","","","","","","",,,,,"",,,,"Dosage.patientInstruction",0,1,"","ele-1:All FHIR elements must have a @value or children {hasValue() or (children().count() > id.count())}
"
"MedicationTreatmentLine","MedicationStatement.dosage.timing","MedicationStatement.dosage.timing","","","",0,1,"","","Y","Timing {[]} {[]}
","When medication should be administered","When medication should be administered.","This attribute might not always be populated while the Dosage.text is expected to be populated.  If both are populated, then the Dosage.text should reflect the content of the Dosage.timing.","The timing schedule for giving the medication to the patient. This  data type allows many different expressions. For example: ""Every 8 hours""; ""Three times a day""; ""1/2 an hour before breakfast for 10 days from 23-Dec 2011:""; ""15 Oct 2013, 17 Oct 2013 and 1 Nov 2013"".  Sometimes, a rate can imply duration when expressed as total volume / duration (e.g.  500mL/2 hours implies a duration of 2 hours).  However, when rate doesn't imply duration (e.g. 250mL/hour), then the timing.repeat.duration is needed to convey the infuse over time period.","","","","","","","",,,,,"",,,,"Dosage.timing",0,1,"","ele-1:All FHIR elements must have a @value or children {hasValue() or (children().count() > id.count())}
"
"MedicationTreatmentLine","MedicationStatement.dosage.asNeeded[x]","MedicationStatement.dosage.asNeeded[x]","","","",0,1,"","","Y","boolean {[]} {[]}
CodeableConcept {[]} {[]}","Take ""as needed"" (for x)","Indicates whether the Medication is only taken when needed within a specific dosing schedule (Boolean option), or it indicates the precondition for taking the Medication (CodeableConcept).","Can express ""as needed"" without a reason by setting the Boolean = True.  In this case the CodeableConcept is not populated.  Or you can express ""as needed"" with a reason by including the CodeableConcept.  In this case the Boolean is assumed to be True.  If you set the Boolean to False, then the dose is given according to the schedule and is not ""prn"" or ""as needed"".","","","","","","","","",,"example","A coded concept identifying the precondition that should be met or evaluated prior to consuming or administering a medication dose.  For example ""pain"", ""30 minutes prior to sexual intercourse"", ""on flare-up"" etc.","http://hl7.org/fhir/ValueSet/medication-as-needed-reason|4.0.1","",,,,"Dosage.asNeeded[x]",0,1,"","ele-1:All FHIR elements must have a @value or children {hasValue() or (children().count() > id.count())}
"
"MedicationTreatmentLine","MedicationStatement.dosage.site","MedicationStatement.dosage.site","","","",0,1,"","","Y","CodeableConcept {[]} {[]}
","Body site to administer to","Body site to administer to.","If the use case requires attributes from the BodySite resource (e.g. to identify and track separately) then use the standard extension [bodySite](http://hl7.org/fhir/R4/extension-bodysite.html).  May be a summary code, or a reference to a very precise definition of the location, or both.","A coded specification of the anatomic site where the medication first enters the body.","","","","","","","",,"example","A coded concept describing the site location the medicine enters into or onto the body.","http://hl7.org/fhir/ValueSet/approach-site-codes|4.0.1","",,,,"Dosage.site",0,1,"","ele-1:All FHIR elements must have a @value or children {hasValue() or (children().count() > id.count())}
"
"MedicationTreatmentLine","MedicationStatement.dosage.route","MedicationStatement.dosage.route","","","",0,1,"","","Y","CodeableConcept {[]} {[]}
","How drug should enter body","How drug should enter body.","","A code specifying the route or physiological path of administration of a therapeutic agent into or onto a patient's body.","","","","","","","",,"example","A coded concept describing the route or physiological path of administration of a therapeutic agent into or onto the body of a subject.","http://hl7.org/fhir/ValueSet/route-codes|4.0.1","",,,,"Dosage.route",0,1,"","ele-1:All FHIR elements must have a @value or children {hasValue() or (children().count() > id.count())}
"
"MedicationTreatmentLine","MedicationStatement.dosage.method","MedicationStatement.dosage.method","","","",0,1,"","","Y","CodeableConcept {[]} {[]}
","Technique for administering medication","Technique for administering medication.","Terminologies used often pre-coordinate this term with the route and or form of administration.","A coded value indicating the method by which the medication is introduced into or onto the body. Most commonly used for injections.  For examples, Slow Push; Deep IV.","","","","","","","",,"example","A coded concept describing the technique by which the medicine is administered.","http://hl7.org/fhir/ValueSet/administration-method-codes|4.0.1","",,,,"Dosage.method",0,1,"","ele-1:All FHIR elements must have a @value or children {hasValue() or (children().count() > id.count())}
"
"MedicationTreatmentLine","MedicationStatement.dosage.doseAndRate","MedicationStatement.dosage.doseAndRate","","","",0,*,"","","Y","Element {[]} {[]}
","Amount of medication administered","The amount of medication administered.","","","","","","","","","",,,,,"",,,,"Dosage.doseAndRate",0,*,"","ele-1:All FHIR elements must have a @value or children {hasValue() or (children().count() > id.count())}
"
"MedicationTreatmentLine","MedicationStatement.dosage.doseAndRate.id","MedicationStatement.dosage.doseAndRate.id","","","",0,1,"","","","string {[]} {[]}
","Unique id for inter-element referencing","Unique id for the element within a resource (for internal references). This may be any string value that does not contain spaces.","","","","","","","","","",,,,,"",,,,"Element.id",0,1,"",""
"MedicationTreatmentLine","MedicationStatement.dosage.doseAndRate.extension","MedicationStatement.dosage.doseAndRate.extension","","extensions
user content","",0,*,"","","","Extension {[]} {[]}
","Additional content defined by implementations","May be used to represent additional information that is not part of the basic definition of the element. To make the use of extensions safe and manageable, there is a strict set of governance  applied to the definition and use of extensions. Though any implementer can define an extension, there is a set of requirements that SHALL be met as part of the definition of the extension.","There can be no stigma associated with the use of extensions by any application, project, or standard - regardless of the institution or jurisdiction that uses or defines the extensions.  The use of extensions is what allows the FHIR specification to retain a core level of simplicity for everyone.","","","","","","","","",,,,,"","value:url}
","Extensions are always sliced by (at least) url",,"open","Element.extension",0,*,"","ele-1:All FHIR elements must have a @value or children {hasValue() or (children().count() > id.count())}
ext-1:Must have either extensions or value[x], not both {extension.exists() != value.exists()}"
"MedicationTreatmentLine","MedicationStatement.dosage.doseAndRate.type","MedicationStatement.dosage.doseAndRate.type","","","",0,1,"","","Y","CodeableConcept {[]} {[]}
","The kind of dose or rate specified","The kind of dose or rate specified, for example, ordered or calculated.","","If the type is not populated, assume to be ""ordered"".","","","","","","","",,"example","The kind of dose or rate specified.","http://hl7.org/fhir/ValueSet/dose-rate-type|4.0.1","",,,,"Dosage.doseAndRate.type",0,1,"","ele-1:All FHIR elements must have a @value or children {hasValue() or (children().count() > id.count())}
"
"MedicationTreatmentLine","MedicationStatement.dosage.doseAndRate.dose[x]","MedicationStatement.dosage.doseAndRate.dose[x]","","","",0,1,"","","Y","Range {[]} {[]}
Quantity {[CanonicalType[http://hl7.org/fhir/StructureDefinition/SimpleQuantity|4.0.1]]} {[]}","Amount of medication per dose","Amount of medication per dose.","Note that this specifies the quantity of the specified medication, not the quantity for each active ingredient(s). Each ingredient amount can be communicated in the Medication resource. For example, if one wants to communicate that a tablet was 375 mg, where the dose was one tablet, you can use the Medication resource to document that the tablet was comprised of 375 mg of drug XYZ. Alternatively if the dose was 375 mg, then you may only need to use the Medication resource to indicate this was a tablet. If the example were an IV such as dopamine and you wanted to communicate that 400mg of dopamine was mixed in 500 ml of some IV solution, then this would all be communicated in the Medication resource. If the administration is not intended to be instantaneous (rate is present or timing has a duration), this can be specified to convey the total amount to be administered over the period of time as indicated by the schedule e.g. 500 ml in dose, with timing used to convey that this should be done over 4 hours.","The amount of therapeutic or other substance given at one administration event.","","","","","","","",,,,,"",,,,"Dosage.doseAndRate.dose[x]",0,1,"","ele-1:All FHIR elements must have a @value or children {hasValue() or (children().count() > id.count())}
"
"MedicationTreatmentLine","MedicationStatement.dosage.doseAndRate.rate[x]","MedicationStatement.dosage.doseAndRate.rate[x]","","","",0,1,"","","Y","Ratio {[]} {[]}
Range {[]} {[]}Quantity {[CanonicalType[http://hl7.org/fhir/StructureDefinition/SimpleQuantity|4.0.1]]} {[]}","Amount of medication per unit of time","Amount of medication per unit of time.","It is possible to supply both a rate and a doseQuantity to provide full details about how the medication is to be administered and supplied. If the rate is intended to change over time, depending on local rules/regulations, each change should be captured as a new version of the MedicationRequest with an updated rate, or captured with a new MedicationRequest with the new rate.It is possible to specify a rate over time (for example, 100 ml/hour) using either the rateRatio and rateQuantity.  The rateQuantity approach requires systems to have the capability to parse UCUM grammer where ml/hour is included rather than a specific ratio where the time is specified as the denominator.  Where a rate such as 500ml over 2 hours is specified, the use of rateRatio may be more semantically correct than specifying using a rateQuantity of 250 mg/hour.","Identifies the speed with which the medication was or will be introduced into the patient. Typically the rate for an infusion e.g. 100 ml per 1 hour or 100 ml/hr.  May also be expressed as a rate per unit of time e.g. 500 ml per 2 hours.   Other examples: 200 mcg/min or 200 mcg/1 minute; 1 liter/8 hours.  Sometimes, a rate can imply duration when expressed as total volume / duration (e.g.  500mL/2 hours implies a duration of 2 hours).  However, when rate doesn't imply duration (e.g. 250mL/hour), then the timing.repeat.duration is needed to convey the infuse over time period.","","","","","","","",,,,,"",,,,"Dosage.doseAndRate.rate[x]",0,1,"","ele-1:All FHIR elements must have a @value or children {hasValue() or (children().count() > id.count())}
"
"MedicationTreatmentLine","MedicationStatement.dosage.maxDosePerPeriod","MedicationStatement.dosage.maxDosePerPeriod","","","",0,1,"","","Y","Ratio {[]} {[]}
","Upper limit on medication per unit of time","Upper limit on medication per unit of time.","This is intended for use as an adjunct to the dosage when there is an upper cap.  For example ""2 tablets every 4 hours to a maximum of 8/day"".","The maximum total quantity of a therapeutic substance that may be administered to a subject over the period of time.  For example, 1000mg in 24 hours.","","","","","","","",,,,,"",,,,"Dosage.maxDosePerPeriod",0,1,"","ele-1:All FHIR elements must have a @value or children {hasValue() or (children().count() > id.count())}
"
"MedicationTreatmentLine","MedicationStatement.dosage.maxDosePerAdministration","MedicationStatement.dosage.maxDosePerAdministration","","","",0,1,"","","Y","Quantity {[CanonicalType[http://hl7.org/fhir/StructureDefinition/SimpleQuantity|4.0.1]]} {[]}
","Upper limit on medication per administration","Upper limit on medication per administration.","This is intended for use as an adjunct to the dosage when there is an upper cap.  For example, a body surface area related dose with a maximum amount, such as 1.5 mg/m2 (maximum 2 mg) IV over 5 – 10 minutes would have doseQuantity of 1.5 mg/m2 and maxDosePerAdministration of 2 mg.","The maximum total quantity of a therapeutic substance that may be administered to a subject per administration.","","","","","","","",,,,,"",,,,"Dosage.maxDosePerAdministration",0,1,"","ele-1:All FHIR elements must have a @value or children {hasValue() or (children().count() > id.count())}
"
"MedicationTreatmentLine","MedicationStatement.dosage.maxDosePerLifetime","MedicationStatement.dosage.maxDosePerLifetime","","","",0,1,"","","Y","Quantity {[CanonicalType[http://hl7.org/fhir/StructureDefinition/SimpleQuantity|4.0.1]]} {[]}
","Upper limit on medication per lifetime of the patient","Upper limit on medication per lifetime of the patient.","","The maximum total quantity of a therapeutic substance that may be administered per lifetime of the subject.","","","","","","","",,,,,"",,,,"Dosage.maxDosePerLifetime",0,1,"","ele-1:All FHIR elements must have a @value or children {hasValue() or (children().count() > id.count())}
"
"MedicationTreatmentLineLM","MedicationTreatmentLineLM","MedicationTreatmentLineLM","","","",0,*,"","","","null {[]} {[]}
","Medication Treatment Line (model)","Logical model for representing one line/medication in medication overview.","","","","","","","","","",,,,,"",,,,"Base",0,*,"",""
"MedicationTreatmentLineLM","MedicationTreatmentLineLM.identifier","MedicationTreatmentLineLM.identifier","","","",0,*,"","","","Identifier {[]} {[]}
","Unique business identifier(s) for the medication treatment line","Unique business identifier(s) for the medication treatment line","","","","","","","","","",,,,,"",,,,"MedicationTreatmentLineLM.identifier",0,*,"",""
"MedicationTreatmentLineLM","MedicationTreatmentLineLM.subject","MedicationTreatmentLineLM.subject","","","",1,1,"","","","Reference {[]} {[CanonicalType[http://hl7.org/fhir/StructureDefinition/Patient]]}
","The patient for whom the medication treatment line applies","The patient for whom the medication treatment line applies","","","","","","","","","",,,,,"",,,,"MedicationTreatmentLineLM.subject",1,1,"",""
"MedicationTreatmentLineLM","MedicationTreatmentLineLM.medication[x]","MedicationTreatmentLineLM.medication[x]","","","",1,1,"","","","CodeableConcept {[]} {[]}
Reference {[]} {[CanonicalType[https://profiles.ihe.net/PHARM/MEOW/StructureDefinition/MedicinalProductLM]]}","Medicinal product for which the treatment line refers to. Identification or sufficient description of the product.","Medicinal product for which the treatment line refers to. Identification or sufficient description of the product.","","","","","","","","","",,,,,"",,,,"MedicationTreatmentLineLM.medication[x]",1,1,"",""
"MedicationTreatmentLineLM","MedicationTreatmentLineLM.status","MedicationTreatmentLineLM.status","","","",1,1,"","","","code {[]} {[]}
","Status of the treatment line entry","Status of the record, not the status of the treatment.","","","","","","","","","",,"required","","http://hl7.org/fhir/ValueSet/medication-statement-status","",,,,"MedicationTreatmentLineLM.status",1,1,"",""
"MedicationTreatmentLineLM","MedicationTreatmentLineLM.version","MedicationTreatmentLineLM.version","","","",0,1,"","","","string {[]} {[]}
","Business version of the treatment line","Business version of the treatment line","","","","","","","","","",,,,,"",,,,"MedicationTreatmentLineLM.version",0,1,"",""
"MedicationTreatmentLineLM","MedicationTreatmentLineLM.timestamp","MedicationTreatmentLineLM.timestamp","","","",0,1,"","","","dateTime {[]} {[]}
","Timestamp of the version of the treatment line","Timestamp of the version of the treatment line","","","","","","","","","",,,,,"",,,,"MedicationTreatmentLineLM.timestamp",0,1,"",""
"MedicationTreatmentLineLM","MedicationTreatmentLineLM.treatmentStatus","MedicationTreatmentLineLM.treatmentStatus","","","",0,1,"","","","CodeableConcept {[]} {[]}
","The state of the actual treatment - taking, not taken...","The state of the actual treatment - taking, not taken...","","","","","","","","","",,,,,"",,,,"MedicationTreatmentLineLM.treatmentStatus",0,1,"",""
"MedicationTreatmentLineLM","MedicationTreatmentLineLM.treatmentStatusReasonCode","MedicationTreatmentLineLM.treatmentStatusReasonCode","","","",0,1,"","","","CodeableConcept {[]} {[]}
","The reason - coded - for the treatment status - i.e. adverse events, refusal...","The reason - coded - for the treatment status - i.e. adverse events, refusal...","","","","","","","","","",,,,,"",,,,"MedicationTreatmentLineLM.treatmentStatusReasonCode",0,1,"",""
"MedicationTreatmentLineLM","MedicationTreatmentLineLM.treatmentStatusReasonText","MedicationTreatmentLineLM.treatmentStatusReasonText","","","",0,1,"","","","string {[]} {[]}
","The reason - free text - for the treatment status - i.e. adverse events, refusal...","The reason - free text - for the treatment status - i.e. adverse events, refusal...","","","","","","","","","",,,,,"",,,,"MedicationTreatmentLineLM.treatmentStatusReasonText",0,1,"",""
"MedicationTreatmentLineLM","MedicationTreatmentLineLM.effectivePeriod","MedicationTreatmentLineLM.effectivePeriod","","","",0,1,"","","","Period {[]} {[]}
","The period of time the treatment is in effect","The period of time the treatment is in effect","","","","","","","","","",,,,,"",,,,"MedicationTreatmentLineLM.effectivePeriod",0,1,"",""
"MedicationTreatmentLineLM","MedicationTreatmentLineLM.verificationInformation","MedicationTreatmentLineLM.verificationInformation","","","",0,*,"","","","BackboneElement {[]} {[]}
","Verification of medication line","Verification of medication line. The overview is verified as a whole, but each line is equipped with the information. The actual functional meaning and impact of this validation depends on the implementation.","","","","","","","","","",,,,,"",,,,"MedicationTreatmentLineLM.verificationInformation",0,*,"","ele-1:All FHIR elements must have a @value or children {hasValue() or (children().count() > id.count())}
"
"MedicationTreatmentLineLM","MedicationTreatmentLineLM.verificationInformation.id","MedicationTreatmentLineLM.verificationInformation.id","","","",0,1,"","","","string {[]} {[]}
","Unique id for inter-element referencing","Unique id for the element within a resource (for internal references). This may be any string value that does not contain spaces.","","","","","","","","","",,,,,"",,,,"Element.id",0,1,"",""
"MedicationTreatmentLineLM","MedicationTreatmentLineLM.verificationInformation.extension","MedicationTreatmentLineLM.verificationInformation.extension","","extensions
user content","",0,*,"","","","Extension {[]} {[]}
","Additional content defined by implementations","May be used to represent additional information that is not part of the basic definition of the element. To make the use of extensions safe and manageable, there is a strict set of governance  applied to the definition and use of extensions. Though any implementer can define an extension, there is a set of requirements that SHALL be met as part of the definition of the extension.","There can be no stigma associated with the use of extensions by any application, project, or standard - regardless of the institution or jurisdiction that uses or defines the extensions.  The use of extensions is what allows the FHIR specification to retain a core level of simplicity for everyone.","","","","","","","","",,,,,"","value:url}
","Extensions are always sliced by (at least) url",,"open","Element.extension",0,*,"","ele-1:All FHIR elements must have a @value or children {hasValue() or (children().count() > id.count())}
ext-1:Must have either extensions or value[x], not both {extension.exists() != value.exists()}"
"MedicationTreatmentLineLM","MedicationTreatmentLineLM.verificationInformation.modifierExtension","MedicationTreatmentLineLM.verificationInformation.modifierExtension","","extensions
user contentmodifiers","",0,*,"","Y","Y","Extension {[]} {[]}
","Extensions that cannot be ignored even if unrecognized","May be used to represent additional information that is not part of the basic definition of the element and that modifies the understanding of the element in which it is contained and/or the understanding of the containing element's descendants. Usually modifier elements provide negation or qualification. To make the use of extensions safe and manageable, there is a strict set of governance applied to the definition and use of extensions. Though any implementer can define an extension, there is a set of requirements that SHALL be met as part of the definition of the extension. Applications processing a resource are required to check for modifier extensions.

Modifier extensions SHALL NOT change the meaning of any elements on Resource or DomainResource (including cannot change the meaning of modifierExtension itself).","There can be no stigma associated with the use of extensions by any application, project, or standard - regardless of the institution or jurisdiction that uses or defines the extensions.  The use of extensions is what allows the FHIR specification to retain a core level of simplicity for everyone.","Modifier extensions allow for extensions that *cannot* be safely ignored to be clearly distinguished from the vast majority of extensions which can be safely ignored.  This promotes interoperability by eliminating the need for implementers to prohibit the presence of extensions. For further information, see the [definition of modifier extensions](http://hl7.org/fhir/R4/extensibility.html#modifierExtension).","","","","","","","",,,,,"",,,,"BackboneElement.modifierExtension",0,*,"","ele-1:All FHIR elements must have a @value or children {hasValue() or (children().count() > id.count())}
ext-1:Must have either extensions or value[x], not both {extension.exists() != value.exists()}"
"MedicationTreatmentLineLM","MedicationTreatmentLineLM.verificationInformation.verifier","MedicationTreatmentLineLM.verificationInformation.verifier","","","",1,1,"","","","Reference {[]} {[]}
","HCP (or device, if authorized) verifying the treatments/overview","HCP (or device, if authorized) verifying the treatments/overview","","","","","","","","","",,,,,"",,,,"MedicationTreatmentLineLM.verificationInformation.verifier",1,1,"",""
"MedicationTreatmentLineLM","MedicationTreatmentLineLM.verificationInformation.verificationTime","MedicationTreatmentLineLM.verificationInformation.verificationTime","","","",1,1,"","","","dateTime {[]} {[]}
","The date and time when this medication treatment line was verified","The date and time when this medication treatment line was verified","","","","","","","","","",,,,,"",,,,"MedicationTreatmentLineLM.verificationInformation.verificationTime",1,1,"",""
"MedicationTreatmentLineLM","MedicationTreatmentLineLM.category","MedicationTreatmentLineLM.category","","","",0,*,"","","","CodeableConcept {[]} {[]}
","Whatever category for the treatment line. Categorisation of treatment lines is implementation-specific.","Whatever category for the treatment line. Categorisation of treatment lines is implementation-specific.","","","","","","","","","",,,,,"",,,,"MedicationTreatmentLineLM.category",0,*,"",""
"MedicationTreatmentLineLM","MedicationTreatmentLineLM.medicationTreatment","MedicationTreatmentLineLM.medicationTreatment","","","",0,*,"","","","https://profiles.ihe.net/PHARM/MEOW/StructureDefinition/MedicationTreatmentLM {[]} {[]}
","Reference or identifier of the group of lines that belong together","Reference or identifier of the group of lines that belong together","","","","","","","","","",,,,,"",,,,"MedicationTreatmentLineLM.medicationTreatment",0,*,"",""
"MedicationTreatmentLineLM","MedicationTreatmentLineLM.indication","MedicationTreatmentLineLM.indication","","","",0,*,"","","","CodeableConcept {[]} {[]}
","Reason why the product has been prescribed to the patient, or why the patient claims to be taking it","Reason why the product has been prescribed to the patient, or why the patient claims to be taking it","","","","","","","","","",,,,,"",,,,"MedicationTreatmentLineLM.indication",0,*,"",""
"MedicationTreatmentLineLM","MedicationTreatmentLineLM.indicationText","MedicationTreatmentLineLM.indicationText","","","",0,1,"","","","string {[]} {[]}
","Textual explanation for why the medication has been prescribed or why the patient is taking it. This might not be allowed by some implementations.","Textual explanation for why the medication has been prescribed or why the patient is taking it. This might not be allowed by some implementations.","","","","","","","","","",,,,,"",,,,"MedicationTreatmentLineLM.indicationText",0,1,"",""
"MedicationTreatmentLineLM","MedicationTreatmentLineLM.intendedUse","MedicationTreatmentLineLM.intendedUse","","","",0,1,"","","","CodeableConcept {[]} {[]}
","Intended Use of the medication - prophylaxis, therapy...","Intended Use of the medication - prophylaxis, therapy...","","","","","","","","","",,,,,"",,,,"MedicationTreatmentLineLM.intendedUse",0,1,"",""
"MedicationTreatmentLineLM","MedicationTreatmentLineLM.usageInstructions","MedicationTreatmentLineLM.usageInstructions","","","",0,*,"","","","https://profiles.ihe.net/PHARM/MEOW/StructureDefinition/DosagingInformation {[]} {[]}
","Instructions about administration of the product","Instructions about requested or actual administration of the product. This is repeatable to support complex or concurrent dosage instructions. e.g. take 1 per day for 3 weeks; 2x PRN","","","","","","","","","",,,,,"",,,,"MedicationTreatmentLineLM.usageInstructions",0,*,"",""
"MedicationTreatmentLineLM","MedicationTreatmentLineLM.preparationInstructions","MedicationTreatmentLineLM.preparationInstructions","","","",0,*,"","","","string {[]} {[]}
","Additional instructions about preparation or dispense","Additional instructions about preparation or dispense","","","","","","","","","",,,,,"",,,,"MedicationTreatmentLineLM.preparationInstructions",0,*,"",""
"MedicationTreatmentLineLM","MedicationTreatmentLineLM.comment","MedicationTreatmentLineLM.comment","","","",0,*,"","","","BackboneElement {[]} {[]}
","Comment on the individual line","Comment on the individual line","","","","","","","","","",,,,,"",,,,"MedicationTreatmentLineLM.comment",0,*,"","ele-1:All FHIR elements must have a @value or children {hasValue() or (children().count() > id.count())}
"
"MedicationTreatmentLineLM","MedicationTreatmentLineLM.comment.id","MedicationTreatmentLineLM.comment.id","","","",0,1,"","","","string {[]} {[]}
","Unique id for inter-element referencing","Unique id for the element within a resource (for internal references). This may be any string value that does not contain spaces.","","","","","","","","","",,,,,"",,,,"Element.id",0,1,"",""
"MedicationTreatmentLineLM","MedicationTreatmentLineLM.comment.extension","MedicationTreatmentLineLM.comment.extension","","extensions
user content","",0,*,"","","","Extension {[]} {[]}
","Additional content defined by implementations","May be used to represent additional information that is not part of the basic definition of the element. To make the use of extensions safe and manageable, there is a strict set of governance  applied to the definition and use of extensions. Though any implementer can define an extension, there is a set of requirements that SHALL be met as part of the definition of the extension.","There can be no stigma associated with the use of extensions by any application, project, or standard - regardless of the institution or jurisdiction that uses or defines the extensions.  The use of extensions is what allows the FHIR specification to retain a core level of simplicity for everyone.","","","","","","","","",,,,,"","value:url}
","Extensions are always sliced by (at least) url",,"open","Element.extension",0,*,"","ele-1:All FHIR elements must have a @value or children {hasValue() or (children().count() > id.count())}
ext-1:Must have either extensions or value[x], not both {extension.exists() != value.exists()}"
"MedicationTreatmentLineLM","MedicationTreatmentLineLM.comment.modifierExtension","MedicationTreatmentLineLM.comment.modifierExtension","","extensions
user contentmodifiers","",0,*,"","Y","Y","Extension {[]} {[]}
","Extensions that cannot be ignored even if unrecognized","May be used to represent additional information that is not part of the basic definition of the element and that modifies the understanding of the element in which it is contained and/or the understanding of the containing element's descendants. Usually modifier elements provide negation or qualification. To make the use of extensions safe and manageable, there is a strict set of governance applied to the definition and use of extensions. Though any implementer can define an extension, there is a set of requirements that SHALL be met as part of the definition of the extension. Applications processing a resource are required to check for modifier extensions.

Modifier extensions SHALL NOT change the meaning of any elements on Resource or DomainResource (including cannot change the meaning of modifierExtension itself).","There can be no stigma associated with the use of extensions by any application, project, or standard - regardless of the institution or jurisdiction that uses or defines the extensions.  The use of extensions is what allows the FHIR specification to retain a core level of simplicity for everyone.","Modifier extensions allow for extensions that *cannot* be safely ignored to be clearly distinguished from the vast majority of extensions which can be safely ignored.  This promotes interoperability by eliminating the need for implementers to prohibit the presence of extensions. For further information, see the [definition of modifier extensions](http://hl7.org/fhir/R4/extensibility.html#modifierExtension).","","","","","","","",,,,,"",,,,"BackboneElement.modifierExtension",0,*,"","ele-1:All FHIR elements must have a @value or children {hasValue() or (children().count() > id.count())}
ext-1:Must have either extensions or value[x], not both {extension.exists() != value.exists()}"
"MedicationTreatmentLineLM","MedicationTreatmentLineLM.comment.author","MedicationTreatmentLineLM.comment.author","","","",0,1,"","","","Reference {[]} {[]}
","Author of the comment (Pharmacist, doctor, social carer, patient, device, related person)","Author of the comment (Pharmacist, doctor, social carer, patient, device, related person)","","","","","","","","","",,,,,"",,,,"MedicationTreatmentLineLM.comment.author",0,1,"",""
"MedicationTreatmentLineLM","MedicationTreatmentLineLM.comment.date","MedicationTreatmentLineLM.comment.date","","","",0,1,"","","","dateTime {[]} {[]}
","time of comment","time of comment","","","","","","","","","",,,,,"",,,,"MedicationTreatmentLineLM.comment.date",0,1,"",""
"MedicationTreatmentLineLM","MedicationTreatmentLineLM.comment.commentText","MedicationTreatmentLineLM.comment.commentText","","","",1,1,"","","","string {[]} {[]}
","content of the comment","content of the comment","","","","","","","","","",,,,,"",,,,"MedicationTreatmentLineLM.comment.commentText",1,1,"",""
"MedicationTreatmentLineLM","MedicationTreatmentLineLM.substitution","MedicationTreatmentLineLM.substitution","","","",0,1,"","","","BackboneElement {[]} {[]}
","Whether and which type of substitution is allowed for this medication treatment line","Whether and which type of substitution is allowed for this medication treatment line","","","","","","","","","",,,,,"",,,,"MedicationTreatmentLineLM.substitution",0,1,"","ele-1:All FHIR elements must have a @value or children {hasValue() or (children().count() > id.count())}
"
"MedicationTreatmentLineLM","MedicationTreatmentLineLM.substitution.id","MedicationTreatmentLineLM.substitution.id","","","",0,1,"","","","string {[]} {[]}
","Unique id for inter-element referencing","Unique id for the element within a resource (for internal references). This may be any string value that does not contain spaces.","","","","","","","","","",,,,,"",,,,"Element.id",0,1,"",""
"MedicationTreatmentLineLM","MedicationTreatmentLineLM.substitution.extension","MedicationTreatmentLineLM.substitution.extension","","extensions
user content","",0,*,"","","","Extension {[]} {[]}
","Additional content defined by implementations","May be used to represent additional information that is not part of the basic definition of the element. To make the use of extensions safe and manageable, there is a strict set of governance  applied to the definition and use of extensions. Though any implementer can define an extension, there is a set of requirements that SHALL be met as part of the definition of the extension.","There can be no stigma associated with the use of extensions by any application, project, or standard - regardless of the institution or jurisdiction that uses or defines the extensions.  The use of extensions is what allows the FHIR specification to retain a core level of simplicity for everyone.","","","","","","","","",,,,,"","value:url}
","Extensions are always sliced by (at least) url",,"open","Element.extension",0,*,"","ele-1:All FHIR elements must have a @value or children {hasValue() or (children().count() > id.count())}
ext-1:Must have either extensions or value[x], not both {extension.exists() != value.exists()}"
"MedicationTreatmentLineLM","MedicationTreatmentLineLM.substitution.modifierExtension","MedicationTreatmentLineLM.substitution.modifierExtension","","extensions
user contentmodifiers","",0,*,"","Y","Y","Extension {[]} {[]}
","Extensions that cannot be ignored even if unrecognized","May be used to represent additional information that is not part of the basic definition of the element and that modifies the understanding of the element in which it is contained and/or the understanding of the containing element's descendants. Usually modifier elements provide negation or qualification. To make the use of extensions safe and manageable, there is a strict set of governance applied to the definition and use of extensions. Though any implementer can define an extension, there is a set of requirements that SHALL be met as part of the definition of the extension. Applications processing a resource are required to check for modifier extensions.

Modifier extensions SHALL NOT change the meaning of any elements on Resource or DomainResource (including cannot change the meaning of modifierExtension itself).","There can be no stigma associated with the use of extensions by any application, project, or standard - regardless of the institution or jurisdiction that uses or defines the extensions.  The use of extensions is what allows the FHIR specification to retain a core level of simplicity for everyone.","Modifier extensions allow for extensions that *cannot* be safely ignored to be clearly distinguished from the vast majority of extensions which can be safely ignored.  This promotes interoperability by eliminating the need for implementers to prohibit the presence of extensions. For further information, see the [definition of modifier extensions](http://hl7.org/fhir/R4/extensibility.html#modifierExtension).","","","","","","","",,,,,"",,,,"BackboneElement.modifierExtension",0,*,"","ele-1:All FHIR elements must have a @value or children {hasValue() or (children().count() > id.count())}
ext-1:Must have either extensions or value[x], not both {extension.exists() != value.exists()}"
"MedicationTreatmentLineLM","MedicationTreatmentLineLM.substitution.substitutionType","MedicationTreatmentLineLM.substitution.substitutionType","","","",1,1,"","","","CodeableConcept {[]} {[]}
","The type of substitution that is allowed.","The type of substitution that is allowed.","","","","","","","","","",,,,,"",,,,"MedicationTreatmentLineLM.substitution.substitutionType",1,1,"",""
"MedicationTreatmentLineLM","MedicationTreatmentLineLM.substitution.substitutionTypeReason","MedicationTreatmentLineLM.substitution.substitutionTypeReason","","","",0,1,"","","","CodeableConcept {[]} {[]}
","Coded reason for the substitution requirement","Coded reason for the substitution requirement","","","","","","","","","",,,,,"",,,,"MedicationTreatmentLineLM.substitution.substitutionTypeReason",0,1,"",""
"MedicationTreatmentLineLM","MedicationTreatmentLineLM.substitution.substitutionTypeReasonText","MedicationTreatmentLineLM.substitution.substitutionTypeReasonText","","","",0,1,"","","","string {[]} {[]}
","Textual reason for the substitution requirement","Textual reason for the substitution requirement","","","","","","","","","",,,,,"",,,,"MedicationTreatmentLineLM.substitution.substitutionTypeReasonText",0,1,"",""
"MedicationTreatmentLineLM","MedicationTreatmentLineLM.recordingMetadata","MedicationTreatmentLineLM.recordingMetadata","","","",1,1,"","","","BackboneElement {[]} {[]}
","Metadata about reporting/authoring of the treatment line","Metadata about reporting/authoring of the treatment line","","","","","","","","","",,,,,"",,,,"MedicationTreatmentLineLM.recordingMetadata",1,1,"","ele-1:All FHIR elements must have a @value or children {hasValue() or (children().count() > id.count())}
"
"MedicationTreatmentLineLM","MedicationTreatmentLineLM.recordingMetadata.id","MedicationTreatmentLineLM.recordingMetadata.id","","","",0,1,"","","","string {[]} {[]}
","Unique id for inter-element referencing","Unique id for the element within a resource (for internal references). This may be any string value that does not contain spaces.","","","","","","","","","",,,,,"",,,,"Element.id",0,1,"",""
"MedicationTreatmentLineLM","MedicationTreatmentLineLM.recordingMetadata.extension","MedicationTreatmentLineLM.recordingMetadata.extension","","extensions
user content","",0,*,"","","","Extension {[]} {[]}
","Additional content defined by implementations","May be used to represent additional information that is not part of the basic definition of the element. To make the use of extensions safe and manageable, there is a strict set of governance  applied to the definition and use of extensions. Though any implementer can define an extension, there is a set of requirements that SHALL be met as part of the definition of the extension.","There can be no stigma associated with the use of extensions by any application, project, or standard - regardless of the institution or jurisdiction that uses or defines the extensions.  The use of extensions is what allows the FHIR specification to retain a core level of simplicity for everyone.","","","","","","","","",,,,,"","value:url}
","Extensions are always sliced by (at least) url",,"open","Element.extension",0,*,"","ele-1:All FHIR elements must have a @value or children {hasValue() or (children().count() > id.count())}
ext-1:Must have either extensions or value[x], not both {extension.exists() != value.exists()}"
"MedicationTreatmentLineLM","MedicationTreatmentLineLM.recordingMetadata.modifierExtension","MedicationTreatmentLineLM.recordingMetadata.modifierExtension","","extensions
user contentmodifiers","",0,*,"","Y","Y","Extension {[]} {[]}
","Extensions that cannot be ignored even if unrecognized","May be used to represent additional information that is not part of the basic definition of the element and that modifies the understanding of the element in which it is contained and/or the understanding of the containing element's descendants. Usually modifier elements provide negation or qualification. To make the use of extensions safe and manageable, there is a strict set of governance applied to the definition and use of extensions. Though any implementer can define an extension, there is a set of requirements that SHALL be met as part of the definition of the extension. Applications processing a resource are required to check for modifier extensions.

Modifier extensions SHALL NOT change the meaning of any elements on Resource or DomainResource (including cannot change the meaning of modifierExtension itself).","There can be no stigma associated with the use of extensions by any application, project, or standard - regardless of the institution or jurisdiction that uses or defines the extensions.  The use of extensions is what allows the FHIR specification to retain a core level of simplicity for everyone.","Modifier extensions allow for extensions that *cannot* be safely ignored to be clearly distinguished from the vast majority of extensions which can be safely ignored.  This promotes interoperability by eliminating the need for implementers to prohibit the presence of extensions. For further information, see the [definition of modifier extensions](http://hl7.org/fhir/R4/extensibility.html#modifierExtension).","","","","","","","",,,,,"",,,,"BackboneElement.modifierExtension",0,*,"","ele-1:All FHIR elements must have a @value or children {hasValue() or (children().count() > id.count())}
ext-1:Must have either extensions or value[x], not both {extension.exists() != value.exists()}"
"MedicationTreatmentLineLM","MedicationTreatmentLineLM.recordingMetadata.recorder","MedicationTreatmentLineLM.recordingMetadata.recorder","","","",1,1,"","","","Reference {[]} {[]}
","Person entering the statement by initiating a treatment or documenting a statement by a patient or another professional. The recorder may be different from the author.","Person entering the statement by initiating a treatment or documenting a statement by a patient or another professional. The recorder may be different from the author.","","","","","","","","","",,,,,"",,,,"MedicationTreatmentLineLM.recordingMetadata.recorder",1,1,"",""
"MedicationTreatmentLineLM","MedicationTreatmentLineLM.recordingMetadata.recordedTime","MedicationTreatmentLineLM.recordingMetadata.recordedTime","","","",1,1,"","","","dateTime {[]} {[]}
","Time of creation of the treatment line","Time of creation of the treatment line","","","","","","","","","",,,,,"",,,,"MedicationTreatmentLineLM.recordingMetadata.recordedTime",1,1,"",""
"MedicationTreatmentLineLM","MedicationTreatmentLineLM.recordingMetadata.patientReported","MedicationTreatmentLineLM.recordingMetadata.patientReported","","","",0,1,"","","","boolean {[]} {[]}
","The treatment line has been documented according to patient's statement","The treatment line has been documented according to patient's statement","","","","","","","","","",,,,,"",,,,"MedicationTreatmentLineLM.recordingMetadata.patientReported",0,1,"",""
"MedicationTreatmentLineLM","MedicationTreatmentLineLM.recordingMetadata.responsibleAuthor","MedicationTreatmentLineLM.recordingMetadata.responsibleAuthor","","","",0,1,"","","","Reference {[]} {[CanonicalType[https://profiles.ihe.net/PHARM/MEOW/StructureDefinition/PractitionerLM]]}
","HCP who takes the clinical decision for the medication treatment line. If an author is not present, the responsibility of the medication line is with the recorder.","HCP who takes the clinical decision for the medication treatment line. If an author is not present, the responsibility of the medication line is with the recorder.","","","","","","","","","",,,,,"",,,,"MedicationTreatmentLineLM.recordingMetadata.responsibleAuthor",0,1,"",""
"MedicationTreatmentLineLM","MedicationTreatmentLineLM.recordingMetadata.authoringTime","MedicationTreatmentLineLM.recordingMetadata.authoringTime","","","",0,1,"","","","dateTime {[]} {[]}
","The time the clinical decision was made by the responsibleAuthor. Normally, the same time as recording time when it's the same person.","The time the clinical decision was made by the responsibleAuthor. Normally, the same time as recording time when it's the same person.","","","","","","","","","",,,,,"",,,,"MedicationTreatmentLineLM.recordingMetadata.authoringTime",0,1,"",""
"MedicationTreatmentLineLM","MedicationTreatmentLineLM.derivedFrom","MedicationTreatmentLineLM.derivedFrom","","","",0,*,"","","","BackboneElement {[]} {[]}
","Any data object that this treatment line is derived from","Any data object that this treatment line is derived from","","","","","","","","","",,,,,"",,,,"MedicationTreatmentLineLM.derivedFrom",0,*,"","ele-1:All FHIR elements must have a @value or children {hasValue() or (children().count() > id.count())}
"
"MedicationTreatmentLineLM","MedicationTreatmentLineLM.derivedFrom.id","MedicationTreatmentLineLM.derivedFrom.id","","","",0,1,"","","","string {[]} {[]}
","Unique id for inter-element referencing","Unique id for the element within a resource (for internal references). This may be any string value that does not contain spaces.","","","","","","","","","",,,,,"",,,,"Element.id",0,1,"",""
"MedicationTreatmentLineLM","MedicationTreatmentLineLM.derivedFrom.extension","MedicationTreatmentLineLM.derivedFrom.extension","","extensions
user content","",0,*,"","","","Extension {[]} {[]}
","Additional content defined by implementations","May be used to represent additional information that is not part of the basic definition of the element. To make the use of extensions safe and manageable, there is a strict set of governance  applied to the definition and use of extensions. Though any implementer can define an extension, there is a set of requirements that SHALL be met as part of the definition of the extension.","There can be no stigma associated with the use of extensions by any application, project, or standard - regardless of the institution or jurisdiction that uses or defines the extensions.  The use of extensions is what allows the FHIR specification to retain a core level of simplicity for everyone.","","","","","","","","",,,,,"","value:url}
","Extensions are always sliced by (at least) url",,"open","Element.extension",0,*,"","ele-1:All FHIR elements must have a @value or children {hasValue() or (children().count() > id.count())}
ext-1:Must have either extensions or value[x], not both {extension.exists() != value.exists()}"
"MedicationTreatmentLineLM","MedicationTreatmentLineLM.derivedFrom.modifierExtension","MedicationTreatmentLineLM.derivedFrom.modifierExtension","","extensions
user contentmodifiers","",0,*,"","Y","Y","Extension {[]} {[]}
","Extensions that cannot be ignored even if unrecognized","May be used to represent additional information that is not part of the basic definition of the element and that modifies the understanding of the element in which it is contained and/or the understanding of the containing element's descendants. Usually modifier elements provide negation or qualification. To make the use of extensions safe and manageable, there is a strict set of governance applied to the definition and use of extensions. Though any implementer can define an extension, there is a set of requirements that SHALL be met as part of the definition of the extension. Applications processing a resource are required to check for modifier extensions.

Modifier extensions SHALL NOT change the meaning of any elements on Resource or DomainResource (including cannot change the meaning of modifierExtension itself).","There can be no stigma associated with the use of extensions by any application, project, or standard - regardless of the institution or jurisdiction that uses or defines the extensions.  The use of extensions is what allows the FHIR specification to retain a core level of simplicity for everyone.","Modifier extensions allow for extensions that *cannot* be safely ignored to be clearly distinguished from the vast majority of extensions which can be safely ignored.  This promotes interoperability by eliminating the need for implementers to prohibit the presence of extensions. For further information, see the [definition of modifier extensions](http://hl7.org/fhir/R4/extensibility.html#modifierExtension).","","","","","","","",,,,,"",,,,"BackboneElement.modifierExtension",0,*,"","ele-1:All FHIR elements must have a @value or children {hasValue() or (children().count() > id.count())}
ext-1:Must have either extensions or value[x], not both {extension.exists() != value.exists()}"
"MedicationTreatmentLineLM","MedicationTreatmentLineLM.derivedFrom.request","MedicationTreatmentLineLM.derivedFrom.request","","","",0,*,"","","","Reference {[]} {[]}
","Prescriptions that have been the source for creating the unverified treatment line","Prescriptions that have been the source for creating the unverified treatment line","","","","","","","","","",,,,,"",,,,"MedicationTreatmentLineLM.derivedFrom.request",0,*,"",""
"MedicationTreatmentLineLM","MedicationTreatmentLineLM.derivedFrom.statement","MedicationTreatmentLineLM.derivedFrom.statement","","","",0,*,"","","","Reference {[]} {[]}
","Medication-related statements from patients, pharmacists, or other HCPs, that are the source for creating the unverified treatment line","Medication-related statements from patients, pharmacists, or other HCPs, that are the source for creating the unverified treatment line","","","","","","","","","",,,,,"",,,,"MedicationTreatmentLineLM.derivedFrom.statement",0,*,"",""
"MedicationTreatmentLineLM","MedicationTreatmentLineLM.derivedFrom.dispensation","MedicationTreatmentLineLM.derivedFrom.dispensation","","","",0,*,"","","","Reference {[]} {[]}
","Related dispensations that are not necessarily related to existing prescriptions/requests/statements.","Related dispensations that are not necessarily related to existing prescriptions/requests/statements.","","","","","","","","","",,,,,"",,,,"MedicationTreatmentLineLM.derivedFrom.dispensation",0,*,"",""
"MedicationTreatmentLineLM","MedicationTreatmentLineLM.derivedFrom.administration","MedicationTreatmentLineLM.derivedFrom.administration","","","",0,*,"","","","Reference {[]} {[]}
","Related administrations that are not necessarily related to existing prescriptions/requests/statements.","Related administrations that are not necessarily related to existing prescriptions/requests/statements.","","","","","","","","","",,,,,"",,,,"MedicationTreatmentLineLM.derivedFrom.administration",0,*,"",""
"MedicationTreatmentLineLM","MedicationTreatmentLineLM.derivedFrom.other","MedicationTreatmentLineLM.derivedFrom.other","","","",0,*,"","","","Reference {[]} {[]}
","Other related sources of information - CarePlan, Immunizations, Documents (e.g. Discharge letters)...","Other related sources of information - CarePlan, Immunizations, Documents (e.g. Discharge letters)...","","","","","","","","","",,,,,"",,,,"MedicationTreatmentLineLM.derivedFrom.other",0,*,"",""
"MedicinalProductLM","MedicinalProductLM","MedicinalProductLM","","","",0,*,"","","","null {[]} {[]}
","Medicinal product (model)","Logical model for prescribed/dispensed medication. The model is shared by statements, requests, dispensations, and treatment lines. Each of those may have different restrictions in FHIR profile.","","","","","","","","","",,,,,"",,,,"Base",0,*,"",""
"MedicinalProductLM","MedicinalProductLM.identifier","MedicinalProductLM.identifier","","","",0,*,"","","","BackboneElement {[]} {[]}
","The identifier(s) of the product, independently of the level of product. If several identifiers are specified, they shall not have conflicting meanings.","The identifier(s) of the product, independently of the level of product. If several identifiers are specified, they shall not have conflicting meanings.","","","","","","","","","",,,,,"",,,,"MedicinalProductLM.identifier",0,*,"","ele-1:All FHIR elements must have a @value or children {hasValue() or (children().count() > id.count())}
"
"MedicinalProductLM","MedicinalProductLM.identifier.id","MedicinalProductLM.identifier.id","","","",0,1,"","","","string {[]} {[]}
","Unique id for inter-element referencing","Unique id for the element within a resource (for internal references). This may be any string value that does not contain spaces.","","","","","","","","","",,,,,"",,,,"Element.id",0,1,"",""
"MedicinalProductLM","MedicinalProductLM.identifier.extension","MedicinalProductLM.identifier.extension","","extensions
user content","",0,*,"","","","Extension {[]} {[]}
","Additional content defined by implementations","May be used to represent additional information that is not part of the basic definition of the element. To make the use of extensions safe and manageable, there is a strict set of governance  applied to the definition and use of extensions. Though any implementer can define an extension, there is a set of requirements that SHALL be met as part of the definition of the extension.","There can be no stigma associated with the use of extensions by any application, project, or standard - regardless of the institution or jurisdiction that uses or defines the extensions.  The use of extensions is what allows the FHIR specification to retain a core level of simplicity for everyone.","","","","","","","","",,,,,"","value:url}
","Extensions are always sliced by (at least) url",,"open","Element.extension",0,*,"","ele-1:All FHIR elements must have a @value or children {hasValue() or (children().count() > id.count())}
ext-1:Must have either extensions or value[x], not both {extension.exists() != value.exists()}"
"MedicinalProductLM","MedicinalProductLM.identifier.modifierExtension","MedicinalProductLM.identifier.modifierExtension","","extensions
user contentmodifiers","",0,*,"","Y","Y","Extension {[]} {[]}
","Extensions that cannot be ignored even if unrecognized","May be used to represent additional information that is not part of the basic definition of the element and that modifies the understanding of the element in which it is contained and/or the understanding of the containing element's descendants. Usually modifier elements provide negation or qualification. To make the use of extensions safe and manageable, there is a strict set of governance applied to the definition and use of extensions. Though any implementer can define an extension, there is a set of requirements that SHALL be met as part of the definition of the extension. Applications processing a resource are required to check for modifier extensions.

Modifier extensions SHALL NOT change the meaning of any elements on Resource or DomainResource (including cannot change the meaning of modifierExtension itself).","There can be no stigma associated with the use of extensions by any application, project, or standard - regardless of the institution or jurisdiction that uses or defines the extensions.  The use of extensions is what allows the FHIR specification to retain a core level of simplicity for everyone.","Modifier extensions allow for extensions that *cannot* be safely ignored to be clearly distinguished from the vast majority of extensions which can be safely ignored.  This promotes interoperability by eliminating the need for implementers to prohibit the presence of extensions. For further information, see the [definition of modifier extensions](http://hl7.org/fhir/R4/extensibility.html#modifierExtension).","","","","","","","",,,,,"",,,,"BackboneElement.modifierExtension",0,*,"","ele-1:All FHIR elements must have a @value or children {hasValue() or (children().count() > id.count())}
ext-1:Must have either extensions or value[x], not both {extension.exists() != value.exists()}"
"MedicinalProductLM","MedicinalProductLM.identifier.medicinalProductIdentifier","MedicinalProductLM.identifier.medicinalProductIdentifier","","","",0,*,"","","","Identifier {[]} {[]}
","Identifier at the product level - can be MPID or national Identifier ","Identifier at the product level - can be MPID or national Identifier","","","","","","","","","",,,,,"",,,,"MedicinalProductLM.identifier.medicinalProductIdentifier",0,*,"",""
"MedicinalProductLM","MedicinalProductLM.identifier.packagedProductIdentifier","MedicinalProductLM.identifier.packagedProductIdentifier","","","",0,*,"","","","Identifier {[]} {[]}
","Identifier at the package level - can be PCID or national","Identifier at the package level - can be PCID or national","","","","","","","","","",,,,,"",,,,"MedicinalProductLM.identifier.packagedProductIdentifier",0,*,"",""
"MedicinalProductLM","MedicinalProductLM.identifier.pharmaceuticalProductIdentifier","MedicinalProductLM.identifier.pharmaceuticalProductIdentifier","","","",0,*,"","","","Identifier {[]} {[]}
","Identifier at the virtual or administrable product level - can be PhPID or national virtual/administrable product code","Identifier at the virtual or administrable product level - can be PhPID or national virtual/administrable product code","","","","","","","","","",,,,,"",,,,"MedicinalProductLM.identifier.pharmaceuticalProductIdentifier",0,*,"",""
"MedicinalProductLM","MedicinalProductLM.productCode","MedicinalProductLM.productCode","","","",0,1,"","","","CodeableConcept {[]} {[]}
","Code for the product that is actually being specified, in established terminologies","Code for the product that is actually being specified, in established terminologies","","","","","","","","","",,,,,"",,,,"MedicinalProductLM.productCode",0,1,"",""
"MedicinalProductLM","MedicinalProductLM.classification","MedicinalProductLM.classification","","","",0,*,"","","","CodeableConcept {[]} {[]}
","Classification (e.g. ATC; narcotic/psychotropic; orphan drug; etc.)","Classification (e.g. ATC; narcotic/psychotropic; orphan drug; etc.)","","","","","","","","","",,,,,"",,,,"MedicinalProductLM.classification",0,*,"",""
"MedicinalProductLM","MedicinalProductLM.packSize","MedicinalProductLM.packSize","","","",0,*,"","","","Quantity {[]} {[]}
","Overall amount of product in one package (100ml; 20 tablets; 1 creme & 6 pessaries)","Overall amount of product in one package (100ml; 20 tablets; 1 creme & 6 pessaries)","","","","","","","","","",,,,,"",,,,"MedicinalProductLM.packSize",0,*,"",""
"MedicinalProductLM","MedicinalProductLM.productName","MedicinalProductLM.productName","","","",0,*,"","","","BackboneElement {[]} {[]}
","Name of the product (full name, invented name, other)","Name of the product (full name, invented name, other)","","","","","","","","","",,,,,"",,,,"MedicinalProductLM.productName",0,*,"","ele-1:All FHIR elements must have a @value or children {hasValue() or (children().count() > id.count())}
"
"MedicinalProductLM","MedicinalProductLM.productName.id","MedicinalProductLM.productName.id","","","",0,1,"","","","string {[]} {[]}
","Unique id for inter-element referencing","Unique id for the element within a resource (for internal references). This may be any string value that does not contain spaces.","","","","","","","","","",,,,,"",,,,"Element.id",0,1,"",""
"MedicinalProductLM","MedicinalProductLM.productName.extension","MedicinalProductLM.productName.extension","","extensions
user content","",0,*,"","","","Extension {[]} {[]}
","Additional content defined by implementations","May be used to represent additional information that is not part of the basic definition of the element. To make the use of extensions safe and manageable, there is a strict set of governance  applied to the definition and use of extensions. Though any implementer can define an extension, there is a set of requirements that SHALL be met as part of the definition of the extension.","There can be no stigma associated with the use of extensions by any application, project, or standard - regardless of the institution or jurisdiction that uses or defines the extensions.  The use of extensions is what allows the FHIR specification to retain a core level of simplicity for everyone.","","","","","","","","",,,,,"","value:url}
","Extensions are always sliced by (at least) url",,"open","Element.extension",0,*,"","ele-1:All FHIR elements must have a @value or children {hasValue() or (children().count() > id.count())}
ext-1:Must have either extensions or value[x], not both {extension.exists() != value.exists()}"
"MedicinalProductLM","MedicinalProductLM.productName.modifierExtension","MedicinalProductLM.productName.modifierExtension","","extensions
user contentmodifiers","",0,*,"","Y","Y","Extension {[]} {[]}
","Extensions that cannot be ignored even if unrecognized","May be used to represent additional information that is not part of the basic definition of the element and that modifies the understanding of the element in which it is contained and/or the understanding of the containing element's descendants. Usually modifier elements provide negation or qualification. To make the use of extensions safe and manageable, there is a strict set of governance applied to the definition and use of extensions. Though any implementer can define an extension, there is a set of requirements that SHALL be met as part of the definition of the extension. Applications processing a resource are required to check for modifier extensions.

Modifier extensions SHALL NOT change the meaning of any elements on Resource or DomainResource (including cannot change the meaning of modifierExtension itself).","There can be no stigma associated with the use of extensions by any application, project, or standard - regardless of the institution or jurisdiction that uses or defines the extensions.  The use of extensions is what allows the FHIR specification to retain a core level of simplicity for everyone.","Modifier extensions allow for extensions that *cannot* be safely ignored to be clearly distinguished from the vast majority of extensions which can be safely ignored.  This promotes interoperability by eliminating the need for implementers to prohibit the presence of extensions. For further information, see the [definition of modifier extensions](http://hl7.org/fhir/R4/extensibility.html#modifierExtension).","","","","","","","",,,,,"",,,,"BackboneElement.modifierExtension",0,*,"","ele-1:All FHIR elements must have a @value or children {hasValue() or (children().count() > id.count())}
ext-1:Must have either extensions or value[x], not both {extension.exists() != value.exists()}"
"MedicinalProductLM","MedicinalProductLM.productName.name","MedicinalProductLM.productName.name","","","",1,1,"","","","string {[]} {[]}
","Name of type and language that is relevant for the users","Name of type and language that is relevant for the users","","","","","","","","","",,,,,"",,,,"MedicinalProductLM.productName.name",1,1,"",""
"MedicinalProductLM","MedicinalProductLM.productName.language","MedicinalProductLM.productName.language","","","",0,1,"","","","CodeableConcept {[]} {[]}
","Language of the name","Language of the name","","","","","","","","","",,,,,"",,,,"MedicinalProductLM.productName.language",0,1,"",""
"MedicinalProductLM","MedicinalProductLM.productName.type","MedicinalProductLM.productName.type","","","",0,1,"","","","CodeableConcept {[]} {[]}
","Type of the name (full name, common name, etc)","Type of the name (full name, common name, etc)","","","","","","","","","",,,,,"",,,,"MedicinalProductLM.productName.type",0,1,"",""
"MedicinalProductLM","MedicinalProductLM.doseForm","MedicinalProductLM.doseForm","","","",0,1,"","","","CodeableConcept {[]} {[]}
","Dose form(s) on a product level. Dose form for a single package item is defined below.","Dose form(s) on a product level. Dose form for a single package item is defined below.","","","","","","","","","",,,,,"",,,,"MedicinalProductLM.doseForm",0,1,"",""
"MedicinalProductLM","MedicinalProductLM.item","MedicinalProductLM.item","","","",0,*,"","","","BackboneElement {[]} {[]}
","A medication item. For combination packs, this can be manufactured items with each item having its own dose form and ingredients+strengths defined","A medication item. For combination packs, this can be manufactured items with each item having its own dose form and ingredients+strengths defined","","","","","","","","","",,,,,"",,,,"MedicinalProductLM.item",0,*,"","ele-1:All FHIR elements must have a @value or children {hasValue() or (children().count() > id.count())}
"
"MedicinalProductLM","MedicinalProductLM.item.id","MedicinalProductLM.item.id","","","",0,1,"","","","string {[]} {[]}
","Unique id for inter-element referencing","Unique id for the element within a resource (for internal references). This may be any string value that does not contain spaces.","","","","","","","","","",,,,,"",,,,"Element.id",0,1,"",""
"MedicinalProductLM","MedicinalProductLM.item.extension","MedicinalProductLM.item.extension","","extensions
user content","",0,*,"","","","Extension {[]} {[]}
","Additional content defined by implementations","May be used to represent additional information that is not part of the basic definition of the element. To make the use of extensions safe and manageable, there is a strict set of governance  applied to the definition and use of extensions. Though any implementer can define an extension, there is a set of requirements that SHALL be met as part of the definition of the extension.","There can be no stigma associated with the use of extensions by any application, project, or standard - regardless of the institution or jurisdiction that uses or defines the extensions.  The use of extensions is what allows the FHIR specification to retain a core level of simplicity for everyone.","","","","","","","","",,,,,"","value:url}
","Extensions are always sliced by (at least) url",,"open","Element.extension",0,*,"","ele-1:All FHIR elements must have a @value or children {hasValue() or (children().count() > id.count())}
ext-1:Must have either extensions or value[x], not both {extension.exists() != value.exists()}"
"MedicinalProductLM","MedicinalProductLM.item.modifierExtension","MedicinalProductLM.item.modifierExtension","","extensions
user contentmodifiers","",0,*,"","Y","Y","Extension {[]} {[]}
","Extensions that cannot be ignored even if unrecognized","May be used to represent additional information that is not part of the basic definition of the element and that modifies the understanding of the element in which it is contained and/or the understanding of the containing element's descendants. Usually modifier elements provide negation or qualification. To make the use of extensions safe and manageable, there is a strict set of governance applied to the definition and use of extensions. Though any implementer can define an extension, there is a set of requirements that SHALL be met as part of the definition of the extension. Applications processing a resource are required to check for modifier extensions.

Modifier extensions SHALL NOT change the meaning of any elements on Resource or DomainResource (including cannot change the meaning of modifierExtension itself).","There can be no stigma associated with the use of extensions by any application, project, or standard - regardless of the institution or jurisdiction that uses or defines the extensions.  The use of extensions is what allows the FHIR specification to retain a core level of simplicity for everyone.","Modifier extensions allow for extensions that *cannot* be safely ignored to be clearly distinguished from the vast majority of extensions which can be safely ignored.  This promotes interoperability by eliminating the need for implementers to prohibit the presence of extensions. For further information, see the [definition of modifier extensions](http://hl7.org/fhir/R4/extensibility.html#modifierExtension).","","","","","","","",,,,,"",,,,"BackboneElement.modifierExtension",0,*,"","ele-1:All FHIR elements must have a @value or children {hasValue() or (children().count() > id.count())}
ext-1:Must have either extensions or value[x], not both {extension.exists() != value.exists()}"
"MedicinalProductLM","MedicinalProductLM.item.doseForm","MedicinalProductLM.item.doseForm","","","",0,1,"","","","CodeableConcept {[]} {[]}
","Dose form","Dose form","","","","","","","","","",,,,,"",,,,"MedicinalProductLM.item.doseForm",0,1,"",""
"MedicinalProductLM","MedicinalProductLM.item.ingredient","MedicinalProductLM.item.ingredient","","","",1,*,"","","","BackboneElement {[]} {[]}
","Ingredients","Ingredients","","","","","","","","","",,,,,"",,,,"MedicinalProductLM.item.ingredient",1,*,"","ele-1:All FHIR elements must have a @value or children {hasValue() or (children().count() > id.count())}
"
"MedicinalProductLM","MedicinalProductLM.item.ingredient.id","MedicinalProductLM.item.ingredient.id","","","",0,1,"","","","string {[]} {[]}
","Unique id for inter-element referencing","Unique id for the element within a resource (for internal references). This may be any string value that does not contain spaces.","","","","","","","","","",,,,,"",,,,"Element.id",0,1,"",""
"MedicinalProductLM","MedicinalProductLM.item.ingredient.extension","MedicinalProductLM.item.ingredient.extension","","extensions
user content","",0,*,"","","","Extension {[]} {[]}
","Additional content defined by implementations","May be used to represent additional information that is not part of the basic definition of the element. To make the use of extensions safe and manageable, there is a strict set of governance  applied to the definition and use of extensions. Though any implementer can define an extension, there is a set of requirements that SHALL be met as part of the definition of the extension.","There can be no stigma associated with the use of extensions by any application, project, or standard - regardless of the institution or jurisdiction that uses or defines the extensions.  The use of extensions is what allows the FHIR specification to retain a core level of simplicity for everyone.","","","","","","","","",,,,,"","value:url}
","Extensions are always sliced by (at least) url",,"open","Element.extension",0,*,"","ele-1:All FHIR elements must have a @value or children {hasValue() or (children().count() > id.count())}
ext-1:Must have either extensions or value[x], not both {extension.exists() != value.exists()}"
"MedicinalProductLM","MedicinalProductLM.item.ingredient.modifierExtension","MedicinalProductLM.item.ingredient.modifierExtension","","extensions
user contentmodifiers","",0,*,"","Y","Y","Extension {[]} {[]}
","Extensions that cannot be ignored even if unrecognized","May be used to represent additional information that is not part of the basic definition of the element and that modifies the understanding of the element in which it is contained and/or the understanding of the containing element's descendants. Usually modifier elements provide negation or qualification. To make the use of extensions safe and manageable, there is a strict set of governance applied to the definition and use of extensions. Though any implementer can define an extension, there is a set of requirements that SHALL be met as part of the definition of the extension. Applications processing a resource are required to check for modifier extensions.

Modifier extensions SHALL NOT change the meaning of any elements on Resource or DomainResource (including cannot change the meaning of modifierExtension itself).","There can be no stigma associated with the use of extensions by any application, project, or standard - regardless of the institution or jurisdiction that uses or defines the extensions.  The use of extensions is what allows the FHIR specification to retain a core level of simplicity for everyone.","Modifier extensions allow for extensions that *cannot* be safely ignored to be clearly distinguished from the vast majority of extensions which can be safely ignored.  This promotes interoperability by eliminating the need for implementers to prohibit the presence of extensions. For further information, see the [definition of modifier extensions](http://hl7.org/fhir/R4/extensibility.html#modifierExtension).","","","","","","","",,,,,"",,,,"BackboneElement.modifierExtension",0,*,"","ele-1:All FHIR elements must have a @value or children {hasValue() or (children().count() > id.count())}
ext-1:Must have either extensions or value[x], not both {extension.exists() != value.exists()}"
"MedicinalProductLM","MedicinalProductLM.item.ingredient.role","MedicinalProductLM.item.ingredient.role","","","",0,1,"","","","CodeableConcept {[]} {[]}
","Role (active ingredient, excipient). Typically excipients are not needed, so by default active ingredients are expected.","Role (active ingredient, excipient). Typically excipients are not needed, so by default active ingredients are expected.","","","","","","","","","",,,,,"",,,,"MedicinalProductLM.item.ingredient.role",0,1,"",""
"MedicinalProductLM","MedicinalProductLM.item.ingredient.substance","MedicinalProductLM.item.ingredient.substance","","","",1,1,"","","","CodeableConcept {[]} {[]}
","Substance","Substance","","","","","","","","","",,,,,"",,,,"MedicinalProductLM.item.ingredient.substance",1,1,"",""
"MedicinalProductLM","MedicinalProductLM.item.ingredient.strengthInfo","MedicinalProductLM.item.ingredient.strengthInfo","","","",0,*,"","","","BackboneElement {[]} {[]}
","Concentration or presentation strength","Concentration or presentation strength","","","","","","","","","",,,,,"",,,,"MedicinalProductLM.item.ingredient.strengthInfo",0,*,"","ele-1:All FHIR elements must have a @value or children {hasValue() or (children().count() > id.count())}
"
"MedicinalProductLM","MedicinalProductLM.item.ingredient.strengthInfo.id","MedicinalProductLM.item.ingredient.strengthInfo.id","","","",0,1,"","","","string {[]} {[]}
","Unique id for inter-element referencing","Unique id for the element within a resource (for internal references). This may be any string value that does not contain spaces.","","","","","","","","","",,,,,"",,,,"Element.id",0,1,"",""
"MedicinalProductLM","MedicinalProductLM.item.ingredient.strengthInfo.extension","MedicinalProductLM.item.ingredient.strengthInfo.extension","","extensions
user content","",0,*,"","","","Extension {[]} {[]}
","Additional content defined by implementations","May be used to represent additional information that is not part of the basic definition of the element. To make the use of extensions safe and manageable, there is a strict set of governance  applied to the definition and use of extensions. Though any implementer can define an extension, there is a set of requirements that SHALL be met as part of the definition of the extension.","There can be no stigma associated with the use of extensions by any application, project, or standard - regardless of the institution or jurisdiction that uses or defines the extensions.  The use of extensions is what allows the FHIR specification to retain a core level of simplicity for everyone.","","","","","","","","",,,,,"","value:url}
","Extensions are always sliced by (at least) url",,"open","Element.extension",0,*,"","ele-1:All FHIR elements must have a @value or children {hasValue() or (children().count() > id.count())}
ext-1:Must have either extensions or value[x], not both {extension.exists() != value.exists()}"
"MedicinalProductLM","MedicinalProductLM.item.ingredient.strengthInfo.modifierExtension","MedicinalProductLM.item.ingredient.strengthInfo.modifierExtension","","extensions
user contentmodifiers","",0,*,"","Y","Y","Extension {[]} {[]}
","Extensions that cannot be ignored even if unrecognized","May be used to represent additional information that is not part of the basic definition of the element and that modifies the understanding of the element in which it is contained and/or the understanding of the containing element's descendants. Usually modifier elements provide negation or qualification. To make the use of extensions safe and manageable, there is a strict set of governance applied to the definition and use of extensions. Though any implementer can define an extension, there is a set of requirements that SHALL be met as part of the definition of the extension. Applications processing a resource are required to check for modifier extensions.

Modifier extensions SHALL NOT change the meaning of any elements on Resource or DomainResource (including cannot change the meaning of modifierExtension itself).","There can be no stigma associated with the use of extensions by any application, project, or standard - regardless of the institution or jurisdiction that uses or defines the extensions.  The use of extensions is what allows the FHIR specification to retain a core level of simplicity for everyone.","Modifier extensions allow for extensions that *cannot* be safely ignored to be clearly distinguished from the vast majority of extensions which can be safely ignored.  This promotes interoperability by eliminating the need for implementers to prohibit the presence of extensions. For further information, see the [definition of modifier extensions](http://hl7.org/fhir/R4/extensibility.html#modifierExtension).","","","","","","","",,,,,"",,,,"BackboneElement.modifierExtension",0,*,"","ele-1:All FHIR elements must have a @value or children {hasValue() or (children().count() > id.count())}
ext-1:Must have either extensions or value[x], not both {extension.exists() != value.exists()}"
"MedicinalProductLM","MedicinalProductLM.item.ingredient.strengthInfo.strength","MedicinalProductLM.item.ingredient.strengthInfo.strength","","","",1,1,"","","","Ratio {[]} {[]}
","Concentration or presentation strength of the precise active ingredient","Concentration or presentation strength of the precise active ingredient","","","","","","","","","",,,,,"",,,,"MedicinalProductLM.item.ingredient.strengthInfo.strength",1,1,"",""
"MedicinalProductLM","MedicinalProductLM.item.ingredient.strengthInfo.strengthType","MedicinalProductLM.item.ingredient.strengthInfo.strengthType","","","",0,1,"","","","CodeableConcept {[]} {[]}
","Type of strength that is expressed","Type of strength that is expressed","","","","","","","","","",,,,,"",,,,"MedicinalProductLM.item.ingredient.strengthInfo.strengthType",0,1,"",""
"MedicinalProductLM","MedicinalProductLM.item.ingredient.strengthInfo.strengthSubstance","MedicinalProductLM.item.ingredient.strengthInfo.strengthSubstance","","","",0,1,"","","","CodeableConcept {[]} {[]}
","Substance that the strength refers to, if different from the main substance","Substance that the strength refers to, if different from the main substance","","","","","","","","","",,,,,"",,,,"MedicinalProductLM.item.ingredient.strengthInfo.strengthSubstance",0,1,"",""
"MedicinalProductLM","MedicinalProductLM.item.unitOfPresentation","MedicinalProductLM.item.unitOfPresentation","","","",0,1,"","","","CodeableConcept {[]} {[]}
","Unit of presentation for the manufactured item (tablet, vial, tube). Typically, the smallest countable object in the package.","Unit of presentation for the manufactured item (tablet, vial, tube). Typically, the smallest countable object in the package.","","","","","","","","","",,,,,"",,,,"MedicinalProductLM.item.unitOfPresentation",0,1,"",""
"MedicinalProductLM","MedicinalProductLM.item.containedQuantity","MedicinalProductLM.item.containedQuantity","","","",0,1,"","","","Quantity {[]} {[]}
","Manufactured item quantity for liquids (3ml/vial)","Manufactured item quantity for liquids (3ml/vial)","","","","","","","","","",,,,,"",,,,"MedicinalProductLM.item.containedQuantity",0,1,"",""
"MedicinalProductLM","MedicinalProductLM.item.amount","MedicinalProductLM.item.amount","","","",0,1,"","","","Quantity {[]} {[]}
","Number of such manufactured items in this product (5 vials)","Number of such manufactured items in this product (5 vials)","","","","","","","","","",,,,,"",,,,"MedicinalProductLM.item.amount",0,1,"",""
"MedicinalProductLM","MedicinalProductLM.device","MedicinalProductLM.device","","","",0,*,"","","","BackboneElement {[]} {[]}
","Administration device included in the product","Administration device included in the product","","","","","","","","","",,,,,"",,,,"MedicinalProductLM.device",0,*,"","ele-1:All FHIR elements must have a @value or children {hasValue() or (children().count() > id.count())}
"
"MedicinalProductLM","MedicinalProductLM.device.id","MedicinalProductLM.device.id","","","",0,1,"","","","string {[]} {[]}
","Unique id for inter-element referencing","Unique id for the element within a resource (for internal references). This may be any string value that does not contain spaces.","","","","","","","","","",,,,,"",,,,"Element.id",0,1,"",""
"MedicinalProductLM","MedicinalProductLM.device.extension","MedicinalProductLM.device.extension","","extensions
user content","",0,*,"","","","Extension {[]} {[]}
","Additional content defined by implementations","May be used to represent additional information that is not part of the basic definition of the element. To make the use of extensions safe and manageable, there is a strict set of governance  applied to the definition and use of extensions. Though any implementer can define an extension, there is a set of requirements that SHALL be met as part of the definition of the extension.","There can be no stigma associated with the use of extensions by any application, project, or standard - regardless of the institution or jurisdiction that uses or defines the extensions.  The use of extensions is what allows the FHIR specification to retain a core level of simplicity for everyone.","","","","","","","","",,,,,"","value:url}
","Extensions are always sliced by (at least) url",,"open","Element.extension",0,*,"","ele-1:All FHIR elements must have a @value or children {hasValue() or (children().count() > id.count())}
ext-1:Must have either extensions or value[x], not both {extension.exists() != value.exists()}"
"MedicinalProductLM","MedicinalProductLM.device.modifierExtension","MedicinalProductLM.device.modifierExtension","","extensions
user contentmodifiers","",0,*,"","Y","Y","Extension {[]} {[]}
","Extensions that cannot be ignored even if unrecognized","May be used to represent additional information that is not part of the basic definition of the element and that modifies the understanding of the element in which it is contained and/or the understanding of the containing element's descendants. Usually modifier elements provide negation or qualification. To make the use of extensions safe and manageable, there is a strict set of governance applied to the definition and use of extensions. Though any implementer can define an extension, there is a set of requirements that SHALL be met as part of the definition of the extension. Applications processing a resource are required to check for modifier extensions.

Modifier extensions SHALL NOT change the meaning of any elements on Resource or DomainResource (including cannot change the meaning of modifierExtension itself).","There can be no stigma associated with the use of extensions by any application, project, or standard - regardless of the institution or jurisdiction that uses or defines the extensions.  The use of extensions is what allows the FHIR specification to retain a core level of simplicity for everyone.","Modifier extensions allow for extensions that *cannot* be safely ignored to be clearly distinguished from the vast majority of extensions which can be safely ignored.  This promotes interoperability by eliminating the need for implementers to prohibit the presence of extensions. For further information, see the [definition of modifier extensions](http://hl7.org/fhir/R4/extensibility.html#modifierExtension).","","","","","","","",,,,,"",,,,"BackboneElement.modifierExtension",0,*,"","ele-1:All FHIR elements must have a @value or children {hasValue() or (children().count() > id.count())}
ext-1:Must have either extensions or value[x], not both {extension.exists() != value.exists()}"
"MedicinalProductLM","MedicinalProductLM.device.deviceQuantity","MedicinalProductLM.device.deviceQuantity","","","",1,1,"","","","Quantity {[]} {[]}
","Number of such devices","Number of such devices","","","","","","","","","",,,,,"",,,,"MedicinalProductLM.device.deviceQuantity",1,1,"",""
"MedicinalProductLM","MedicinalProductLM.device.device","MedicinalProductLM.device.device","","","",1,1,"","","","CodeableConcept {[]} {[]}
","Device coded","Device coded","","","","","","","","","",,,,,"",,,,"MedicinalProductLM.device.device",1,1,"",""
"PatientLM","PatientLM","PatientLM","","","",0,*,"","","","null {[]} {[]}
","Patient (model)","Logical model for patient (basic data relevant for this use case)","","","","","","","","","",,,,,"",,,,"Base",0,*,"",""
"PatientLM","PatientLM.identifier","PatientLM.identifier","","","",1,*,"","","","Identifier {[]} {[]}
","Patient Identifier ","Patient Identifier","","","","","","","","","",,,,,"",,,,"PatientLM.identifier",1,*,"",""
"PatientLM","PatientLM.name","PatientLM.name","","","",1,*,"","","","HumanName {[]} {[]}
","Patient's name, incl first name, last name, or any other relevant name parts","Patient's name, incl first name, last name, or any other relevant name parts","","","","","","","","","",,,,,"",,,,"PatientLM.name",1,*,"",""
"PatientLM","PatientLM.gender","PatientLM.gender","","","",0,1,"","","","CodeableConcept {[]} {[]}
","Gender","Question: eHDSI prescription emphasisis the biological gender, but I think the reality is that most systems would have administrative gender or somekindof gender","","","","","","","","","",,,,,"",,,,"PatientLM.gender",0,1,"",""
"PatientLM","PatientLM.dateOfBirth","PatientLM.dateOfBirth","","","",0,1,"","","","dateTime {[]} {[]}
","Date of birth","eHDSI","","","","","","","","","",,,,,"",,,,"PatientLM.dateOfBirth",0,1,"",""
"PatientLM","PatientLM.insuranceInformation","PatientLM.insuranceInformation","","","",0,1,"","","","BackboneElement {[]} {[]}
","Insurance information","Question: shall we go here and how deep?","","","","","","","","","",,,,,"",,,,"PatientLM.insuranceInformation",0,1,"",""
"PractitionerLM","PractitionerLM","PractitionerLM","","","",0,*,"","","","null {[]} {[]}
","Practitioner (model)","Logical model for practitioner (basic data relevant for this use case)","","","","","","","","","",,,,,"",,,,"Base",0,*,"",""
"PractitionerLM","PractitionerLM.identifier","PractitionerLM.identifier","","","",1,*,"","","","Identifier {[]} {[]}
","Prescribing/dispensing practitioner's Identifier ","Prescribing/dispensing practitioner's Identifier","","","","","","","","","",,,,,"",,,,"PractitionerLM.identifier",1,*,"",""
"PractitionerLM","PractitionerLM.name","PractitionerLM.name","","","",1,*,"","","","HumanName {[]} {[]}
","Prescribing/dispensing practitioner's name, incl first name, last name, or any other relevant name parts","Prescribing/dispensing practitioner's name, incl first name, last name, or any other relevant name parts","","","","","","","","","",,,,,"",,,,"PractitionerLM.name",1,*,"",""
"PractitionerLM","PractitionerLM.specialtyProfession","PractitionerLM.specialtyProfession","","","",0,*,"","","","CodeableConcept {[]} {[]}
","Specialty/profession of the prescribing/dispensing practitioner","Specialty/profession of the prescribing/dispensing practitioner","","","","","","","","","",,,,,"",,,,"PractitionerLM.specialtyProfession",0,*,"",""
"PractitionerLM","PractitionerLM.organisation","PractitionerLM.organisation","","","",0,1,"","","","BackboneElement {[]} {[]}
","Facility/organisation the prescribing/dispensing practitioner represents","Facility/organisation the prescribing/dispensing practitioner represents","","","","","","","","","",,,,,"",,,,"PractitionerLM.organisation",0,1,"","ele-1:All FHIR elements must have a @value or children {hasValue() or (children().count() > id.count())}
"
"PractitionerLM","PractitionerLM.organisation.id","PractitionerLM.organisation.id","","","",0,1,"","","","string {[]} {[]}
","Unique id for inter-element referencing","Unique id for the element within a resource (for internal references). This may be any string value that does not contain spaces.","","","","","","","","","",,,,,"",,,,"Element.id",0,1,"",""
"PractitionerLM","PractitionerLM.organisation.extension","PractitionerLM.organisation.extension","","extensions
user content","",0,*,"","","","Extension {[]} {[]}
","Additional content defined by implementations","May be used to represent additional information that is not part of the basic definition of the element. To make the use of extensions safe and manageable, there is a strict set of governance  applied to the definition and use of extensions. Though any implementer can define an extension, there is a set of requirements that SHALL be met as part of the definition of the extension.","There can be no stigma associated with the use of extensions by any application, project, or standard - regardless of the institution or jurisdiction that uses or defines the extensions.  The use of extensions is what allows the FHIR specification to retain a core level of simplicity for everyone.","","","","","","","","",,,,,"","value:url}
","Extensions are always sliced by (at least) url",,"open","Element.extension",0,*,"","ele-1:All FHIR elements must have a @value or children {hasValue() or (children().count() > id.count())}
ext-1:Must have either extensions or value[x], not both {extension.exists() != value.exists()}"
"PractitionerLM","PractitionerLM.organisation.modifierExtension","PractitionerLM.organisation.modifierExtension","","extensions
user contentmodifiers","",0,*,"","Y","Y","Extension {[]} {[]}
","Extensions that cannot be ignored even if unrecognized","May be used to represent additional information that is not part of the basic definition of the element and that modifies the understanding of the element in which it is contained and/or the understanding of the containing element's descendants. Usually modifier elements provide negation or qualification. To make the use of extensions safe and manageable, there is a strict set of governance applied to the definition and use of extensions. Though any implementer can define an extension, there is a set of requirements that SHALL be met as part of the definition of the extension. Applications processing a resource are required to check for modifier extensions.

Modifier extensions SHALL NOT change the meaning of any elements on Resource or DomainResource (including cannot change the meaning of modifierExtension itself).","There can be no stigma associated with the use of extensions by any application, project, or standard - regardless of the institution or jurisdiction that uses or defines the extensions.  The use of extensions is what allows the FHIR specification to retain a core level of simplicity for everyone.","Modifier extensions allow for extensions that *cannot* be safely ignored to be clearly distinguished from the vast majority of extensions which can be safely ignored.  This promotes interoperability by eliminating the need for implementers to prohibit the presence of extensions. For further information, see the [definition of modifier extensions](http://hl7.org/fhir/R4/extensibility.html#modifierExtension).","","","","","","","",,,,,"",,,,"BackboneElement.modifierExtension",0,*,"","ele-1:All FHIR elements must have a @value or children {hasValue() or (children().count() > id.count())}
ext-1:Must have either extensions or value[x], not both {extension.exists() != value.exists()}"
"PractitionerLM","PractitionerLM.organisation.identifier","PractitionerLM.organisation.identifier","","","",0,1,"","","","Identifier {[]} {[]}
","Organisation Identifier ","Organisation Identifier","","","","","","","","","",,,,,"",,,,"PractitionerLM.organisation.identifier",0,1,"",""
"PractitionerLM","PractitionerLM.organisation.facilityName","PractitionerLM.organisation.facilityName","","","",0,1,"","","","string {[]} {[]}
","Facility/organisation name","Facility/organisation name","","","","","","","","","",,,,,"",,,,"PractitionerLM.organisation.facilityName",0,1,"",""
"PractitionerLM","PractitionerLM.organisation.facilityAddress","PractitionerLM.organisation.facilityAddress","","","",0,1,"","","","Address {[]} {[]}
","Facility/organisation address","Facility/organisation address","","","","","","","","","",,,,,"",,,,"PractitionerLM.organisation.facilityAddress",0,1,"",""
"PractitionerLM","PractitionerLM.contactInformation","PractitionerLM.contactInformation","","","",0,1,"","","","BackboneElement {[]} {[]}
","Contact information for the prescriber/dispenser or the organisation","Contact information for the prescriber/dispenser or the organisation","","","","","","","","","",,,,,"",,,,"PractitionerLM.contactInformation",0,1,"","ele-1:All FHIR elements must have a @value or children {hasValue() or (children().count() > id.count())}
"
"PractitionerLM","PractitionerLM.contactInformation.id","PractitionerLM.contactInformation.id","","","",0,1,"","","","string {[]} {[]}
","Unique id for inter-element referencing","Unique id for the element within a resource (for internal references). This may be any string value that does not contain spaces.","","","","","","","","","",,,,,"",,,,"Element.id",0,1,"",""
"PractitionerLM","PractitionerLM.contactInformation.extension","PractitionerLM.contactInformation.extension","","extensions
user content","",0,*,"","","","Extension {[]} {[]}
","Additional content defined by implementations","May be used to represent additional information that is not part of the basic definition of the element. To make the use of extensions safe and manageable, there is a strict set of governance  applied to the definition and use of extensions. Though any implementer can define an extension, there is a set of requirements that SHALL be met as part of the definition of the extension.","There can be no stigma associated with the use of extensions by any application, project, or standard - regardless of the institution or jurisdiction that uses or defines the extensions.  The use of extensions is what allows the FHIR specification to retain a core level of simplicity for everyone.","","","","","","","","",,,,,"","value:url}
","Extensions are always sliced by (at least) url",,"open","Element.extension",0,*,"","ele-1:All FHIR elements must have a @value or children {hasValue() or (children().count() > id.count())}
ext-1:Must have either extensions or value[x], not both {extension.exists() != value.exists()}"
"PractitionerLM","PractitionerLM.contactInformation.modifierExtension","PractitionerLM.contactInformation.modifierExtension","","extensions
user contentmodifiers","",0,*,"","Y","Y","Extension {[]} {[]}
","Extensions that cannot be ignored even if unrecognized","May be used to represent additional information that is not part of the basic definition of the element and that modifies the understanding of the element in which it is contained and/or the understanding of the containing element's descendants. Usually modifier elements provide negation or qualification. To make the use of extensions safe and manageable, there is a strict set of governance applied to the definition and use of extensions. Though any implementer can define an extension, there is a set of requirements that SHALL be met as part of the definition of the extension. Applications processing a resource are required to check for modifier extensions.

Modifier extensions SHALL NOT change the meaning of any elements on Resource or DomainResource (including cannot change the meaning of modifierExtension itself).","There can be no stigma associated with the use of extensions by any application, project, or standard - regardless of the institution or jurisdiction that uses or defines the extensions.  The use of extensions is what allows the FHIR specification to retain a core level of simplicity for everyone.","Modifier extensions allow for extensions that *cannot* be safely ignored to be clearly distinguished from the vast majority of extensions which can be safely ignored.  This promotes interoperability by eliminating the need for implementers to prohibit the presence of extensions. For further information, see the [definition of modifier extensions](http://hl7.org/fhir/R4/extensibility.html#modifierExtension).","","","","","","","",,,,,"",,,,"BackboneElement.modifierExtension",0,*,"","ele-1:All FHIR elements must have a @value or children {hasValue() or (children().count() > id.count())}
ext-1:Must have either extensions or value[x], not both {extension.exists() != value.exists()}"
"PractitionerLM","PractitionerLM.contactInformation.phone","PractitionerLM.contactInformation.phone","","","",0,1,"","","","string {[]} {[]}
","Phone number","Phone number","","","","","","","","","",,,,,"",,,,"PractitionerLM.contactInformation.phone",0,1,"",""
"PractitionerLM","PractitionerLM.contactInformation.email","PractitionerLM.contactInformation.email","","","",0,*,"","","","string {[]} {[]}
","Email address","Email address","","","","","","","","","",,,,,"",,,,"PractitionerLM.contactInformation.email",0,*,"",""
"ihe-ext-medication-classification","Extension","Extension","","","",0,*,"","","","null {[]} {[]}
","Medication - Classification","Medication classification/category. Allows the product to be classified by various systems, e.g ATC, narcotic class, legal status of supply, etc..","","","","","","","","","",,,,,"",,,,"Extension",0,*,"ele-1
","ele-1:All FHIR elements must have a @value or children {hasValue() or (children().count() > id.count())}
ext-1:Must have either extensions or value[x], not both {extension.exists() != value.exists()}"
"ihe-ext-medication-classification","Extension.id","Extension.id","","","",0,1,"","","","string {[]} {[]}
","Unique id for inter-element referencing","Unique id for the element within a resource (for internal references). This may be any string value that does not contain spaces.","","","","","","","","","",,,,,"",,,,"Element.id",0,1,"",""
"ihe-ext-medication-classification","Extension.extension","Extension.extension","","","",0,0,"","","","Extension {[]} {[]}
","Extension","An Extension","","","","","","","","","",,,,,"","value:url}
","Extensions are always sliced by (at least) url",,"open","Element.extension",0,*,"","ele-1:All FHIR elements must have a @value or children {hasValue() or (children().count() > id.count())}
ext-1:Must have either extensions or value[x], not both {extension.exists() != value.exists()}"
"ihe-ext-medication-classification","Extension.url","Extension.url","","","",1,1,"","","","uri {[]} {[]}
","identifies the meaning of the extension","Source of the definition for the extension code - a logical name or a URL.","The definition may point directly to a computable or human-readable definition of the extensibility codes, or it may be a logical URI as declared in some other specification. The definition SHALL be a URI for the Structure Definition defining the extension.","","","","<valueUri xmlns=""http://hl7.org/fhir"" value=""https://profiles.ihe.net/PHARM/MEOW/StructureDefinition/ihe-ext-medication-classification""/>","","","","",,,,,"",,,,"Extension.url",1,1,"",""
"ihe-ext-medication-classification","Extension.value[x]","Extension.value[x]","","","",0,1,"","","","CodeableConcept {[]} {[]}
","Value of extension","Value of extension - must be one of a constrained set of the data types (see [Extensibility](http://hl7.org/fhir/R4/extensibility.html) for a list).","","","","","","","","","",,,,,"",,,,"Extension.value[x]",0,1,"","ele-1:All FHIR elements must have a @value or children {hasValue() or (children().count() > id.count())}
"
"ihe-ext-medication-device","Extension","Extension","","","",0,*,"","","","null {[]} {[]}
","Medication - Device","Device, typically an administration device, included in the medicinal product.","","","","","","","","","",,,,,"",,,,"Extension",0,*,"ele-1
","ele-1:All FHIR elements must have a @value or children {hasValue() or (children().count() > id.count())}
ext-1:Must have either extensions or value[x], not both {extension.exists() != value.exists()}"
"ihe-ext-medication-device","Extension.id","Extension.id","","","",0,1,"","","","string {[]} {[]}
","Unique id for inter-element referencing","Unique id for the element within a resource (for internal references). This may be any string value that does not contain spaces.","","","","","","","","","",,,,,"",,,,"Element.id",0,1,"",""
"ihe-ext-medication-device","Extension.extension","Extension.extension","","","",2,*,"","","","Extension {[]} {[]}
","Extension","An Extension","","","","","","","","","",,,,,"","value:url}
","Extensions are always sliced by (at least) url",,"open","Element.extension",0,*,"","ele-1:All FHIR elements must have a @value or children {hasValue() or (children().count() > id.count())}
ext-1:Must have either extensions or value[x], not both {extension.exists() != value.exists()}"
"ihe-ext-medication-device","Extension.extension:device","Extension.extension","device","","",1,1,"","","","Extension {[]} {[]}
","Coded or referenced device","An Extension","","","","","","","","","",,,,,"",,,,"Element.extension",0,*,"","ele-1:All FHIR elements must have a @value or children {hasValue() or (children().count() > id.count())}
ext-1:Must have either extensions or value[x], not both {extension.exists() != value.exists()}"
"ihe-ext-medication-device","Extension.extension:device.id","Extension.extension.id","","","",0,1,"","","","string {[]} {[]}
","Unique id for inter-element referencing","Unique id for the element within a resource (for internal references). This may be any string value that does not contain spaces.","","","","","","","","","",,,,,"",,,,"Element.id",0,1,"",""
"ihe-ext-medication-device","Extension.extension:device.extension","Extension.extension.extension","","","",0,0,"","","","Extension {[]} {[]}
","Extension","An Extension","","","","","","","","","",,,,,"","value:url}
","Extensions are always sliced by (at least) url",,"open","Element.extension",0,*,"","ele-1:All FHIR elements must have a @value or children {hasValue() or (children().count() > id.count())}
ext-1:Must have either extensions or value[x], not both {extension.exists() != value.exists()}"
"ihe-ext-medication-device","Extension.extension:device.url","Extension.extension.url","","","",1,1,"","","","uri {[]} {[]}
","identifies the meaning of the extension","Source of the definition for the extension code - a logical name or a URL.","The definition may point directly to a computable or human-readable definition of the extensibility codes, or it may be a logical URI as declared in some other specification. The definition SHALL be a URI for the Structure Definition defining the extension.","","","","<valueUri xmlns=""http://hl7.org/fhir"" value=""device""/>","","","","",,,,,"",,,,"Extension.url",1,1,"",""
"ihe-ext-medication-device","Extension.extension:device.value[x]","Extension.extension.value[x]","","","",0,1,"","","","Reference {[]} {[CanonicalType[http://hl7.org/fhir/StructureDefinition/Device], CanonicalType[http://hl7.org/fhir/StructureDefinition/DeviceDefinition]]}
","Value of extension","Value of extension - must be one of a constrained set of the data types (see [Extensibility](http://hl7.org/fhir/R4/extensibility.html) for a list).","","","","","","","","","",,,,,"",,,,"Extension.value[x]",0,1,"","ele-1:All FHIR elements must have a @value or children {hasValue() or (children().count() > id.count())}
"
"ihe-ext-medication-device","Extension.extension:quantity","Extension.extension","quantity","","",1,1,"","","","Extension {[]} {[]}
","Number of defined devices in the package","An Extension","","","","","","","","","",,,,,"",,,,"Element.extension",0,*,"","ele-1:All FHIR elements must have a @value or children {hasValue() or (children().count() > id.count())}
ext-1:Must have either extensions or value[x], not both {extension.exists() != value.exists()}"
"ihe-ext-medication-device","Extension.extension:quantity.id","Extension.extension.id","","","",0,1,"","","","string {[]} {[]}
","Unique id for inter-element referencing","Unique id for the element within a resource (for internal references). This may be any string value that does not contain spaces.","","","","","","","","","",,,,,"",,,,"Element.id",0,1,"",""
"ihe-ext-medication-device","Extension.extension:quantity.extension","Extension.extension.extension","","","",0,0,"","","","Extension {[]} {[]}
","Extension","An Extension","","","","","","","","","",,,,,"","value:url}
","Extensions are always sliced by (at least) url",,"open","Element.extension",0,*,"","ele-1:All FHIR elements must have a @value or children {hasValue() or (children().count() > id.count())}
ext-1:Must have either extensions or value[x], not both {extension.exists() != value.exists()}"
"ihe-ext-medication-device","Extension.extension:quantity.url","Extension.extension.url","","","",1,1,"","","","uri {[]} {[]}
","identifies the meaning of the extension","Source of the definition for the extension code - a logical name or a URL.","The definition may point directly to a computable or human-readable definition of the extensibility codes, or it may be a logical URI as declared in some other specification. The definition SHALL be a URI for the Structure Definition defining the extension.","","","","<valueUri xmlns=""http://hl7.org/fhir"" value=""quantity""/>","","","","",,,,,"",,,,"Extension.url",1,1,"",""
"ihe-ext-medication-device","Extension.extension:quantity.value[x]","Extension.extension.value[x]","","","",0,1,"","","","Quantity {[]} {[]}
","Value of extension","Value of extension - must be one of a constrained set of the data types (see [Extensibility](http://hl7.org/fhir/R4/extensibility.html) for a list).","","","","","","","","","",,,,,"",,,,"Extension.value[x]",0,1,"","ele-1:All FHIR elements must have a @value or children {hasValue() or (children().count() > id.count())}
"
"ihe-ext-medication-device","Extension.url","Extension.url","","","",1,1,"","","","uri {[]} {[]}
","identifies the meaning of the extension","Source of the definition for the extension code - a logical name or a URL.","The definition may point directly to a computable or human-readable definition of the extensibility codes, or it may be a logical URI as declared in some other specification. The definition SHALL be a URI for the Structure Definition defining the extension.","","","","<valueUri xmlns=""http://hl7.org/fhir"" value=""https://profiles.ihe.net/PHARM/MEOW/StructureDefinition/ihe-ext-medication-device""/>","","","","",,,,,"",,,,"Extension.url",1,1,"",""
"ihe-ext-medication-device","Extension.value[x]","Extension.value[x]","","","",0,0,"","","","base64Binary {[]} {[]}
boolean {[]} {[]}canonical {[]} {[]}code {[]} {[]}date {[]} {[]}dateTime {[]} {[]}decimal {[]} {[]}id {[]} {[]}instant {[]} {[]}integer {[]} {[]}markdown {[]} {[]}oid {[]} {[]}positiveInt {[]} {[]}string {[]} {[]}time {[]} {[]}unsignedInt {[]} {[]}uri {[]} {[]}url {[]} {[]}uuid {[]} {[]}Address {[]} {[]}Age {[]} {[]}Annotation {[]} {[]}Attachment {[]} {[]}CodeableConcept {[]} {[]}Coding {[]} {[]}ContactPoint {[]} {[]}Count {[]} {[]}Distance {[]} {[]}Duration {[]} {[]}HumanName {[]} {[]}Identifier {[]} {[]}Money {[]} {[]}Period {[]} {[]}Quantity {[]} {[]}Range {[]} {[]}Ratio {[]} {[]}Reference {[]} {[]}SampledData {[]} {[]}Signature {[]} {[]}Timing {[]} {[]}ContactDetail {[]} {[]}Contributor {[]} {[]}DataRequirement {[]} {[]}Expression {[]} {[]}ParameterDefinition {[]} {[]}RelatedArtifact {[]} {[]}TriggerDefinition {[]} {[]}UsageContext {[]} {[]}Dosage {[]} {[]}Meta {[]} {[]}","Value of extension","Value of extension - must be one of a constrained set of the data types (see [Extensibility](http://hl7.org/fhir/R4/extensibility.html) for a list).","","","","","","","","","",,,,,"",,,,"Extension.value[x]",0,1,"","ele-1:All FHIR elements must have a @value or children {hasValue() or (children().count() > id.count())}
"
"ihe-ext-medication-productname","Extension","Extension","","","",0,*,"","","","null {[]} {[]}
","Medication - Product Name","Name of the medicinal product. Optionally the type of name (Full official name, prescribing name, invented name) and language of the name can be specified. The extension is a simplified approach of what is used in MedicinalProductDefinition resource.","","","","","","","","","",,,,,"",,,,"Extension",0,*,"ele-1
","ele-1:All FHIR elements must have a @value or children {hasValue() or (children().count() > id.count())}
ext-1:Must have either extensions or value[x], not both {extension.exists() != value.exists()}"
"ihe-ext-medication-productname","Extension.id","Extension.id","","","",0,1,"","","","string {[]} {[]}
","Unique id for inter-element referencing","Unique id for the element within a resource (for internal references). This may be any string value that does not contain spaces.","","","","","","","","","",,,,,"",,,,"Element.id",0,1,"",""
"ihe-ext-medication-productname","Extension.extension","Extension.extension","","","",1,*,"","","","Extension {[]} {[]}
","Extension","An Extension","","","","","","","","","",,,,,"","value:url}
","Extensions are always sliced by (at least) url",,"open","Element.extension",0,*,"","ele-1:All FHIR elements must have a @value or children {hasValue() or (children().count() > id.count())}
ext-1:Must have either extensions or value[x], not both {extension.exists() != value.exists()}"
"ihe-ext-medication-productname","Extension.extension:name","Extension.extension","name","","",1,1,"","","","Extension {[]} {[]}
","Product name","An Extension","","","","","","","","","",,,,,"",,,,"Element.extension",0,*,"","ele-1:All FHIR elements must have a @value or children {hasValue() or (children().count() > id.count())}
ext-1:Must have either extensions or value[x], not both {extension.exists() != value.exists()}"
"ihe-ext-medication-productname","Extension.extension:name.id","Extension.extension.id","","","",0,1,"","","","string {[]} {[]}
","Unique id for inter-element referencing","Unique id for the element within a resource (for internal references). This may be any string value that does not contain spaces.","","","","","","","","","",,,,,"",,,,"Element.id",0,1,"",""
"ihe-ext-medication-productname","Extension.extension:name.extension","Extension.extension.extension","","","",0,0,"","","","Extension {[]} {[]}
","Extension","An Extension","","","","","","","","","",,,,,"","value:url}
","Extensions are always sliced by (at least) url",,"open","Element.extension",0,*,"","ele-1:All FHIR elements must have a @value or children {hasValue() or (children().count() > id.count())}
ext-1:Must have either extensions or value[x], not both {extension.exists() != value.exists()}"
"ihe-ext-medication-productname","Extension.extension:name.url","Extension.extension.url","","","",1,1,"","","","uri {[]} {[]}
","identifies the meaning of the extension","Source of the definition for the extension code - a logical name or a URL.","The definition may point directly to a computable or human-readable definition of the extensibility codes, or it may be a logical URI as declared in some other specification. The definition SHALL be a URI for the Structure Definition defining the extension.","","","","<valueUri xmlns=""http://hl7.org/fhir"" value=""name""/>","","","","",,,,,"",,,,"Extension.url",1,1,"",""
"ihe-ext-medication-productname","Extension.extension:name.value[x]","Extension.extension.value[x]","","","",0,1,"","","","string {[]} {[]}
","Value of extension","Value of extension - must be one of a constrained set of the data types (see [Extensibility](http://hl7.org/fhir/R4/extensibility.html) for a list).","","","","","","","","","",,,,,"",,,,"Extension.value[x]",0,1,"","ele-1:All FHIR elements must have a @value or children {hasValue() or (children().count() > id.count())}
"
"ihe-ext-medication-productname","Extension.extension:nameType","Extension.extension","nameType","","",0,1,"","","","Extension {[]} {[]}
","Type of product name (full name, common name, prescription name, etc)","An Extension","","","","","","","","","",,,,,"",,,,"Element.extension",0,*,"","ele-1:All FHIR elements must have a @value or children {hasValue() or (children().count() > id.count())}
ext-1:Must have either extensions or value[x], not both {extension.exists() != value.exists()}"
"ihe-ext-medication-productname","Extension.extension:nameType.id","Extension.extension.id","","","",0,1,"","","","string {[]} {[]}
","Unique id for inter-element referencing","Unique id for the element within a resource (for internal references). This may be any string value that does not contain spaces.","","","","","","","","","",,,,,"",,,,"Element.id",0,1,"",""
"ihe-ext-medication-productname","Extension.extension:nameType.extension","Extension.extension.extension","","","",0,0,"","","","Extension {[]} {[]}
","Extension","An Extension","","","","","","","","","",,,,,"","value:url}
","Extensions are always sliced by (at least) url",,"open","Element.extension",0,*,"","ele-1:All FHIR elements must have a @value or children {hasValue() or (children().count() > id.count())}
ext-1:Must have either extensions or value[x], not both {extension.exists() != value.exists()}"
"ihe-ext-medication-productname","Extension.extension:nameType.url","Extension.extension.url","","","",1,1,"","","","uri {[]} {[]}
","identifies the meaning of the extension","Source of the definition for the extension code - a logical name or a URL.","The definition may point directly to a computable or human-readable definition of the extensibility codes, or it may be a logical URI as declared in some other specification. The definition SHALL be a URI for the Structure Definition defining the extension.","","","","<valueUri xmlns=""http://hl7.org/fhir"" value=""nameType""/>","","","","",,,,,"",,,,"Extension.url",1,1,"",""
"ihe-ext-medication-productname","Extension.extension:nameType.value[x]","Extension.extension.value[x]","","","",0,1,"","","","CodeableConcept {[]} {[]}
","Value of extension","Value of extension - must be one of a constrained set of the data types (see [Extensibility](http://hl7.org/fhir/R4/extensibility.html) for a list).","","","","","","","","","",,,,,"",,,,"Extension.value[x]",0,1,"","ele-1:All FHIR elements must have a @value or children {hasValue() or (children().count() > id.count())}
"
"ihe-ext-medication-productname","Extension.extension:language","Extension.extension","language","","",0,1,"","","","Extension {[]} {[]}
","Language code of this name. A code with a combination of country and name can be used.","An Extension","","","","","","","","","",,,,,"",,,,"Element.extension",0,*,"","ele-1:All FHIR elements must have a @value or children {hasValue() or (children().count() > id.count())}
ext-1:Must have either extensions or value[x], not both {extension.exists() != value.exists()}"
"ihe-ext-medication-productname","Extension.extension:language.id","Extension.extension.id","","","",0,1,"","","","string {[]} {[]}
","Unique id for inter-element referencing","Unique id for the element within a resource (for internal references). This may be any string value that does not contain spaces.","","","","","","","","","",,,,,"",,,,"Element.id",0,1,"",""
"ihe-ext-medication-productname","Extension.extension:language.extension","Extension.extension.extension","","","",0,0,"","","","Extension {[]} {[]}
","Extension","An Extension","","","","","","","","","",,,,,"","value:url}
","Extensions are always sliced by (at least) url",,"open","Element.extension",0,*,"","ele-1:All FHIR elements must have a @value or children {hasValue() or (children().count() > id.count())}
ext-1:Must have either extensions or value[x], not both {extension.exists() != value.exists()}"
"ihe-ext-medication-productname","Extension.extension:language.url","Extension.extension.url","","","",1,1,"","","","uri {[]} {[]}
","identifies the meaning of the extension","Source of the definition for the extension code - a logical name or a URL.","The definition may point directly to a computable or human-readable definition of the extensibility codes, or it may be a logical URI as declared in some other specification. The definition SHALL be a URI for the Structure Definition defining the extension.","","","","<valueUri xmlns=""http://hl7.org/fhir"" value=""language""/>","","","","",,,,,"",,,,"Extension.url",1,1,"",""
"ihe-ext-medication-productname","Extension.extension:language.value[x]","Extension.extension.value[x]","","","",0,1,"","","","CodeableConcept {[]} {[]}
","Value of extension","Value of extension - must be one of a constrained set of the data types (see [Extensibility](http://hl7.org/fhir/R4/extensibility.html) for a list).","","","","","","","","","",,"required","","http://hl7.org/fhir/ValueSet/all-languages","",,,,"Extension.value[x]",0,1,"","ele-1:All FHIR elements must have a @value or children {hasValue() or (children().count() > id.count())}
"
"ihe-ext-medication-productname","Extension.url","Extension.url","","","",1,1,"","","","uri {[]} {[]}
","identifies the meaning of the extension","Source of the definition for the extension code - a logical name or a URL.","The definition may point directly to a computable or human-readable definition of the extensibility codes, or it may be a logical URI as declared in some other specification. The definition SHALL be a URI for the Structure Definition defining the extension.","","","","<valueUri xmlns=""http://hl7.org/fhir"" value=""https://profiles.ihe.net/PHARM/MEOW/StructureDefinition/ihe-ext-medication-productname""/>","","","","",,,,,"",,,,"Extension.url",1,1,"",""
"ihe-ext-medication-productname","Extension.value[x]","Extension.value[x]","","","",0,0,"","","","base64Binary {[]} {[]}
boolean {[]} {[]}canonical {[]} {[]}code {[]} {[]}date {[]} {[]}dateTime {[]} {[]}decimal {[]} {[]}id {[]} {[]}instant {[]} {[]}integer {[]} {[]}markdown {[]} {[]}oid {[]} {[]}positiveInt {[]} {[]}string {[]} {[]}time {[]} {[]}unsignedInt {[]} {[]}uri {[]} {[]}url {[]} {[]}uuid {[]} {[]}Address {[]} {[]}Age {[]} {[]}Annotation {[]} {[]}Attachment {[]} {[]}CodeableConcept {[]} {[]}Coding {[]} {[]}ContactPoint {[]} {[]}Count {[]} {[]}Distance {[]} {[]}Duration {[]} {[]}HumanName {[]} {[]}Identifier {[]} {[]}Money {[]} {[]}Period {[]} {[]}Quantity {[]} {[]}Range {[]} {[]}Ratio {[]} {[]}Reference {[]} {[]}SampledData {[]} {[]}Signature {[]} {[]}Timing {[]} {[]}ContactDetail {[]} {[]}Contributor {[]} {[]}DataRequirement {[]} {[]}Expression {[]} {[]}ParameterDefinition {[]} {[]}RelatedArtifact {[]} {[]}TriggerDefinition {[]} {[]}UsageContext {[]} {[]}Dosage {[]} {[]}Meta {[]} {[]}","Value of extension","Value of extension - must be one of a constrained set of the data types (see [Extensibility](http://hl7.org/fhir/R4/extensibility.html) for a list).","","","","","","","","","",,,,,"",,,,"Extension.value[x]",0,1,"","ele-1:All FHIR elements must have a @value or children {hasValue() or (children().count() > id.count())}
"
"ihe-ext-medication-sizeofitem","Extension","Extension","","","",0,*,"","","","null {[]} {[]}
","Medication - Size of Item","Size of a manufactured item or unit of presentation. For example, size of one vial in a package that may contain several vials.","","","","","","","","","",,,,,"",,,,"Extension",0,*,"ele-1
","ele-1:All FHIR elements must have a @value or children {hasValue() or (children().count() > id.count())}
ext-1:Must have either extensions or value[x], not both {extension.exists() != value.exists()}"
"ihe-ext-medication-sizeofitem","Extension.id","Extension.id","","","",0,1,"","","","string {[]} {[]}
","Unique id for inter-element referencing","Unique id for the element within a resource (for internal references). This may be any string value that does not contain spaces.","","","","","","","","","",,,,,"",,,,"Element.id",0,1,"",""
"ihe-ext-medication-sizeofitem","Extension.extension","Extension.extension","","","",0,0,"","","","Extension {[]} {[]}
","Extension","An Extension","","","","","","","","","",,,,,"","value:url}
","Extensions are always sliced by (at least) url",,"open","Element.extension",0,*,"","ele-1:All FHIR elements must have a @value or children {hasValue() or (children().count() > id.count())}
ext-1:Must have either extensions or value[x], not both {extension.exists() != value.exists()}"
"ihe-ext-medication-sizeofitem","Extension.url","Extension.url","","","",1,1,"","","","uri {[]} {[]}
","identifies the meaning of the extension","Source of the definition for the extension code - a logical name or a URL.","The definition may point directly to a computable or human-readable definition of the extensibility codes, or it may be a logical URI as declared in some other specification. The definition SHALL be a URI for the Structure Definition defining the extension.","","","","<valueUri xmlns=""http://hl7.org/fhir"" value=""https://profiles.ihe.net/PHARM/MEOW/StructureDefinition/ihe-ext-medication-sizeofitem""/>","","","","",,,,,"",,,,"Extension.url",1,1,"",""
"ihe-ext-medication-sizeofitem","Extension.value[x]","Extension.value[x]","","","",0,1,"","","","Quantity {[]} {[]}
","Value of extension","Value of extension - must be one of a constrained set of the data types (see [Extensibility](http://hl7.org/fhir/R4/extensibility.html) for a list).","","","","","","","","","",,,,,"",,,,"Extension.value[x]",0,1,"","ele-1:All FHIR elements must have a @value or children {hasValue() or (children().count() > id.count())}
"
"ihe-ext-medicationstatement-substitution","Extension","Extension","","","",0,*,"","","","null {[]} {[]}
","MedicationStatement - Substitution","Whether and which type of substitution is allowed for this medication treatment line","","","","","","","","","",,,,,"",,,,"Extension",0,*,"ele-1
","ele-1:All FHIR elements must have a @value or children {hasValue() or (children().count() > id.count())}
ext-1:Must have either extensions or value[x], not both {extension.exists() != value.exists()}"
"ihe-ext-medicationstatement-substitution","Extension.id","Extension.id","","","",0,1,"","","","string {[]} {[]}
","Unique id for inter-element referencing","Unique id for the element within a resource (for internal references). This may be any string value that does not contain spaces.","","","","","","","","","",,,,,"",,,,"Element.id",0,1,"",""
"ihe-ext-medicationstatement-substitution","Extension.extension","Extension.extension","","","",1,*,"","","","Extension {[]} {[]}
","Extension","An Extension","","","","","","","","","",,,,,"","value:url}
","Extensions are always sliced by (at least) url",,"open","Element.extension",0,*,"","ele-1:All FHIR elements must have a @value or children {hasValue() or (children().count() > id.count())}
ext-1:Must have either extensions or value[x], not both {extension.exists() != value.exists()}"
"ihe-ext-medicationstatement-substitution","Extension.extension:allowed","Extension.extension","allowed","","",1,1,"","","","Extension {[]} {[]}
","Extension","An Extension","","","","","","","","","",,,,,"",,,,"Element.extension",0,*,"","ele-1:All FHIR elements must have a @value or children {hasValue() or (children().count() > id.count())}
ext-1:Must have either extensions or value[x], not both {extension.exists() != value.exists()}"
"ihe-ext-medicationstatement-substitution","Extension.extension:allowed.id","Extension.extension.id","","","",0,1,"","","","string {[]} {[]}
","Unique id for inter-element referencing","Unique id for the element within a resource (for internal references). This may be any string value that does not contain spaces.","","","","","","","","","",,,,,"",,,,"Element.id",0,1,"",""
"ihe-ext-medicationstatement-substitution","Extension.extension:allowed.extension","Extension.extension.extension","","","",0,0,"","","","Extension {[]} {[]}
","Extension","An Extension","","","","","","","","","",,,,,"","value:url}
","Extensions are always sliced by (at least) url",,"open","Element.extension",0,*,"","ele-1:All FHIR elements must have a @value or children {hasValue() or (children().count() > id.count())}
ext-1:Must have either extensions or value[x], not both {extension.exists() != value.exists()}"
"ihe-ext-medicationstatement-substitution","Extension.extension:allowed.url","Extension.extension.url","","","",1,1,"","","","uri {[]} {[]}
","identifies the meaning of the extension","Source of the definition for the extension code - a logical name or a URL.","The definition may point directly to a computable or human-readable definition of the extensibility codes, or it may be a logical URI as declared in some other specification. The definition SHALL be a URI for the Structure Definition defining the extension.","","","","<valueUri xmlns=""http://hl7.org/fhir"" value=""allowed""/>","","","","",,,,,"",,,,"Extension.url",1,1,"",""
"ihe-ext-medicationstatement-substitution","Extension.extension:allowed.value[x]","Extension.extension.value[x]","","","",0,1,"","","","CodeableConcept {[]} {[]}
","Value of extension","Value of extension - must be one of a constrained set of the data types (see [Extensibility](http://hl7.org/fhir/R4/extensibility.html) for a list).","","","","","","","","","",,,,,"",,,,"Extension.value[x]",0,1,"","ele-1:All FHIR elements must have a @value or children {hasValue() or (children().count() > id.count())}
"
"ihe-ext-medicationstatement-substitution","Extension.extension:reason","Extension.extension","reason","","",0,1,"","","","Extension {[]} {[]}
","Extension","An Extension","","","","","","","","","",,,,,"",,,,"Element.extension",0,*,"","ele-1:All FHIR elements must have a @value or children {hasValue() or (children().count() > id.count())}
ext-1:Must have either extensions or value[x], not both {extension.exists() != value.exists()}"
"ihe-ext-medicationstatement-substitution","Extension.extension:reason.id","Extension.extension.id","","","",0,1,"","","","string {[]} {[]}
","Unique id for inter-element referencing","Unique id for the element within a resource (for internal references). This may be any string value that does not contain spaces.","","","","","","","","","",,,,,"",,,,"Element.id",0,1,"",""
"ihe-ext-medicationstatement-substitution","Extension.extension:reason.extension","Extension.extension.extension","","","",0,0,"","","","Extension {[]} {[]}
","Extension","An Extension","","","","","","","","","",,,,,"","value:url}
","Extensions are always sliced by (at least) url",,"open","Element.extension",0,*,"","ele-1:All FHIR elements must have a @value or children {hasValue() or (children().count() > id.count())}
ext-1:Must have either extensions or value[x], not both {extension.exists() != value.exists()}"
"ihe-ext-medicationstatement-substitution","Extension.extension:reason.url","Extension.extension.url","","","",1,1,"","","","uri {[]} {[]}
","identifies the meaning of the extension","Source of the definition for the extension code - a logical name or a URL.","The definition may point directly to a computable or human-readable definition of the extensibility codes, or it may be a logical URI as declared in some other specification. The definition SHALL be a URI for the Structure Definition defining the extension.","","","","<valueUri xmlns=""http://hl7.org/fhir"" value=""reason""/>","","","","",,,,,"",,,,"Extension.url",1,1,"",""
"ihe-ext-medicationstatement-substitution","Extension.extension:reason.value[x]","Extension.extension.value[x]","","","",0,1,"","","","CodeableConcept {[]} {[]}
","Value of extension","Value of extension - must be one of a constrained set of the data types (see [Extensibility](http://hl7.org/fhir/R4/extensibility.html) for a list).","","","","","","","","","",,,,,"",,,,"Extension.value[x]",0,1,"","ele-1:All FHIR elements must have a @value or children {hasValue() or (children().count() > id.count())}
"
"ihe-ext-medicationstatement-substitution","Extension.url","Extension.url","","","",1,1,"","","","uri {[]} {[]}
","identifies the meaning of the extension","Source of the definition for the extension code - a logical name or a URL.","The definition may point directly to a computable or human-readable definition of the extensibility codes, or it may be a logical URI as declared in some other specification. The definition SHALL be a URI for the Structure Definition defining the extension.","","","","<valueUri xmlns=""http://hl7.org/fhir"" value=""https://profiles.ihe.net/PHARM/MEOW/StructureDefinition/ihe-ext-medicationstatement-substitution""/>","","","","",,,,,"",,,,"Extension.url",1,1,"",""
"ihe-ext-medicationstatement-substitution","Extension.value[x]","Extension.value[x]","","","",0,0,"","","","base64Binary {[]} {[]}
boolean {[]} {[]}canonical {[]} {[]}code {[]} {[]}date {[]} {[]}dateTime {[]} {[]}decimal {[]} {[]}id {[]} {[]}instant {[]} {[]}integer {[]} {[]}markdown {[]} {[]}oid {[]} {[]}positiveInt {[]} {[]}string {[]} {[]}time {[]} {[]}unsignedInt {[]} {[]}uri {[]} {[]}url {[]} {[]}uuid {[]} {[]}Address {[]} {[]}Age {[]} {[]}Annotation {[]} {[]}Attachment {[]} {[]}CodeableConcept {[]} {[]}Coding {[]} {[]}ContactPoint {[]} {[]}Count {[]} {[]}Distance {[]} {[]}Duration {[]} {[]}HumanName {[]} {[]}Identifier {[]} {[]}Money {[]} {[]}Period {[]} {[]}Quantity {[]} {[]}Range {[]} {[]}Ratio {[]} {[]}Reference {[]} {[]}SampledData {[]} {[]}Signature {[]} {[]}Timing {[]} {[]}ContactDetail {[]} {[]}Contributor {[]} {[]}DataRequirement {[]} {[]}Expression {[]} {[]}ParameterDefinition {[]} {[]}RelatedArtifact {[]} {[]}TriggerDefinition {[]} {[]}UsageContext {[]} {[]}Dosage {[]} {[]}Meta {[]} {[]}","Value of extension","Value of extension - must be one of a constrained set of the data types (see [Extensibility](http://hl7.org/fhir/R4/extensibility.html) for a list).","","","","","","","","","",,,,,"",,,,"Extension.value[x]",0,1,"","ele-1:All FHIR elements must have a @value or children {hasValue() or (children().count() > id.count())}
"
"ihe-ext-medicationstatement-verificationinformation","Extension","Extension","","","",0,*,"","","","null {[]} {[]}
","MedicationStatement - Verification Information","Verification of medication line. The overview is verified as a whole, but each line is equipped with the information. The actual functional meaning and impact of this validation depends on the implementation.","","","","","","","","","",,,,,"",,,,"Extension",0,*,"ele-1
","ele-1:All FHIR elements must have a @value or children {hasValue() or (children().count() > id.count())}
ext-1:Must have either extensions or value[x], not both {extension.exists() != value.exists()}"
"ihe-ext-medicationstatement-verificationinformation","Extension.id","Extension.id","","","",0,1,"","","","string {[]} {[]}
","Unique id for inter-element referencing","Unique id for the element within a resource (for internal references). This may be any string value that does not contain spaces.","","","","","","","","","",,,,,"",,,,"Element.id",0,1,"",""
"ihe-ext-medicationstatement-verificationinformation","Extension.extension","Extension.extension","","","",2,*,"","","","Extension {[]} {[]}
","Extension","An Extension","","","","","","","","","",,,,,"","value:url}
","Extensions are always sliced by (at least) url",,"open","Element.extension",0,*,"","ele-1:All FHIR elements must have a @value or children {hasValue() or (children().count() > id.count())}
ext-1:Must have either extensions or value[x], not both {extension.exists() != value.exists()}"
"ihe-ext-medicationstatement-verificationinformation","Extension.extension:verifier","Extension.extension","verifier","","",1,1,"Y","","","Extension {[]} {[]}
","Extension","An Extension","","","","","","","","","",,,,,"",,,,"Element.extension",0,*,"","ele-1:All FHIR elements must have a @value or children {hasValue() or (children().count() > id.count())}
ext-1:Must have either extensions or value[x], not both {extension.exists() != value.exists()}"
"ihe-ext-medicationstatement-verificationinformation","Extension.extension:verifier.id","Extension.extension.id","","","",0,1,"","","","string {[]} {[]}
","Unique id for inter-element referencing","Unique id for the element within a resource (for internal references). This may be any string value that does not contain spaces.","","","","","","","","","",,,,,"",,,,"Element.id",0,1,"",""
"ihe-ext-medicationstatement-verificationinformation","Extension.extension:verifier.extension","Extension.extension.extension","","","",0,0,"","","","Extension {[]} {[]}
","Extension","An Extension","","","","","","","","","",,,,,"","value:url}
","Extensions are always sliced by (at least) url",,"open","Element.extension",0,*,"","ele-1:All FHIR elements must have a @value or children {hasValue() or (children().count() > id.count())}
ext-1:Must have either extensions or value[x], not both {extension.exists() != value.exists()}"
"ihe-ext-medicationstatement-verificationinformation","Extension.extension:verifier.url","Extension.extension.url","","","",1,1,"","","","uri {[]} {[]}
","identifies the meaning of the extension","Source of the definition for the extension code - a logical name or a URL.","The definition may point directly to a computable or human-readable definition of the extensibility codes, or it may be a logical URI as declared in some other specification. The definition SHALL be a URI for the Structure Definition defining the extension.","","","","<valueUri xmlns=""http://hl7.org/fhir"" value=""verifier""/>","","","","",,,,,"",,,,"Extension.url",1,1,"",""
"ihe-ext-medicationstatement-verificationinformation","Extension.extension:verifier.value[x]","Extension.extension.value[x]","","","",0,1,"","","","Reference {[]} {[]}
","Value of extension","Value of extension - must be one of a constrained set of the data types (see [Extensibility](http://hl7.org/fhir/R4/extensibility.html) for a list).","","","","","","","","","",,,,,"",,,,"Extension.value[x]",0,1,"","ele-1:All FHIR elements must have a @value or children {hasValue() or (children().count() > id.count())}
"
"ihe-ext-medicationstatement-verificationinformation","Extension.extension:verificationTime","Extension.extension","verificationTime","","",1,1,"Y","","","Extension {[]} {[]}
","Extension","An Extension","","","","","","","","","",,,,,"",,,,"Element.extension",0,*,"","ele-1:All FHIR elements must have a @value or children {hasValue() or (children().count() > id.count())}
ext-1:Must have either extensions or value[x], not both {extension.exists() != value.exists()}"
"ihe-ext-medicationstatement-verificationinformation","Extension.extension:verificationTime.id","Extension.extension.id","","","",0,1,"","","","string {[]} {[]}
","Unique id for inter-element referencing","Unique id for the element within a resource (for internal references). This may be any string value that does not contain spaces.","","","","","","","","","",,,,,"",,,,"Element.id",0,1,"",""
"ihe-ext-medicationstatement-verificationinformation","Extension.extension:verificationTime.extension","Extension.extension.extension","","","",0,0,"","","","Extension {[]} {[]}
","Extension","An Extension","","","","","","","","","",,,,,"","value:url}
","Extensions are always sliced by (at least) url",,"open","Element.extension",0,*,"","ele-1:All FHIR elements must have a @value or children {hasValue() or (children().count() > id.count())}
ext-1:Must have either extensions or value[x], not both {extension.exists() != value.exists()}"
"ihe-ext-medicationstatement-verificationinformation","Extension.extension:verificationTime.url","Extension.extension.url","","","",1,1,"","","","uri {[]} {[]}
","identifies the meaning of the extension","Source of the definition for the extension code - a logical name or a URL.","The definition may point directly to a computable or human-readable definition of the extensibility codes, or it may be a logical URI as declared in some other specification. The definition SHALL be a URI for the Structure Definition defining the extension.","","","","<valueUri xmlns=""http://hl7.org/fhir"" value=""verificationTime""/>","","","","",,,,,"",,,,"Extension.url",1,1,"",""
"ihe-ext-medicationstatement-verificationinformation","Extension.extension:verificationTime.value[x]","Extension.extension.value[x]","","","",0,1,"","","","dateTime {[]} {[]}
","Value of extension","Value of extension - must be one of a constrained set of the data types (see [Extensibility](http://hl7.org/fhir/R4/extensibility.html) for a list).","","","","","","","","","",,,,,"",,,,"Extension.value[x]",0,1,"","ele-1:All FHIR elements must have a @value or children {hasValue() or (children().count() > id.count())}
"
"ihe-ext-medicationstatement-verificationinformation","Extension.url","Extension.url","","","",1,1,"","","","uri {[]} {[]}
","identifies the meaning of the extension","Source of the definition for the extension code - a logical name or a URL.","The definition may point directly to a computable or human-readable definition of the extensibility codes, or it may be a logical URI as declared in some other specification. The definition SHALL be a URI for the Structure Definition defining the extension.","","","","<valueUri xmlns=""http://hl7.org/fhir"" value=""https://profiles.ihe.net/PHARM/MEOW/StructureDefinition/ihe-ext-medicationstatement-verificationinformation""/>","","","","",,,,,"",,,,"Extension.url",1,1,"",""
"ihe-ext-medicationstatement-verificationinformation","Extension.value[x]","Extension.value[x]","","","",0,0,"","","","base64Binary {[]} {[]}
boolean {[]} {[]}canonical {[]} {[]}code {[]} {[]}date {[]} {[]}dateTime {[]} {[]}decimal {[]} {[]}id {[]} {[]}instant {[]} {[]}integer {[]} {[]}markdown {[]} {[]}oid {[]} {[]}positiveInt {[]} {[]}string {[]} {[]}time {[]} {[]}unsignedInt {[]} {[]}uri {[]} {[]}url {[]} {[]}uuid {[]} {[]}Address {[]} {[]}Age {[]} {[]}Annotation {[]} {[]}Attachment {[]} {[]}CodeableConcept {[]} {[]}Coding {[]} {[]}ContactPoint {[]} {[]}Count {[]} {[]}Distance {[]} {[]}Duration {[]} {[]}HumanName {[]} {[]}Identifier {[]} {[]}Money {[]} {[]}Period {[]} {[]}Quantity {[]} {[]}Range {[]} {[]}Ratio {[]} {[]}Reference {[]} {[]}SampledData {[]} {[]}Signature {[]} {[]}Timing {[]} {[]}ContactDetail {[]} {[]}Contributor {[]} {[]}DataRequirement {[]} {[]}Expression {[]} {[]}ParameterDefinition {[]} {[]}RelatedArtifact {[]} {[]}TriggerDefinition {[]} {[]}UsageContext {[]} {[]}Dosage {[]} {[]}Meta {[]} {[]}","Value of extension","Value of extension - must be one of a constrained set of the data types (see [Extensibility](http://hl7.org/fhir/R4/extensibility.html) for a list).","","","","","","","","","",,,,,"",,,,"Extension.value[x]",0,1,"","ele-1:All FHIR elements must have a @value or children {hasValue() or (children().count() > id.count())}
"
